RUN dataset=cityscapes method=mgda_warm seed=42 lr=0.0001 batch=8 epochs=200 model=mtan
RESULT /mloscratch/homes/mirrokni/LMO-MOO/results/cityscapes/mgda_warm_sd42.stats
CHECKPOINT /mloscratch/homes/mirrokni/LMO-MOO/results/checkpoints/cityscapes/mgda_warm_sd42.pt
OPTIMIZER Adam lr=0.0001
MGDA-WARM computing full-gradient warm start
MGDA-WARM FULL-GRAD 1/372
MGDA-WARM FULL-GRAD 25/372
MGDA-WARM FULL-GRAD 50/372
MGDA-WARM FULL-GRAD 75/372
MGDA-WARM FULL-GRAD 100/372
MGDA-WARM FULL-GRAD 125/372
MGDA-WARM FULL-GRAD 150/372
MGDA-WARM FULL-GRAD 175/372
MGDA-WARM FULL-GRAD 200/372
MGDA-WARM FULL-GRAD 225/372
MGDA-WARM FULL-GRAD 250/372
MGDA-WARM FULL-GRAD 275/372
MGDA-WARM FULL-GRAD 300/372
MGDA-WARM FULL-GRAD 325/372
MGDA-WARM FULL-GRAD 350/372
MGDA-WARM FULL-GRAD 372/372
MGDA-WARM FULL-GRAM [[0.18413835763931274, 0.04080720245838165], [0.04080720245838165, 0.2674453854560852]]
MGDA-WARM INIT weights=[0.5304046869277954, 0.4695953130722046] gram=[[0.18413835763931274, 0.04080720245838165], [0.04080720245838165, 0.2674453854560852]]
MGDA-WARM warm start complete and checkpointed
MGDA-WARM WEIGHTS step=1 weights=[0.6743441820144653, 0.3256557881832123]
[1 1/372] semantic=2.075 depth=0.327
MGDA-WARM WEIGHTS step=2 weights=[0.6686450839042664, 0.33135488629341125]
MGDA-WARM WEIGHTS step=3 weights=[0.6360336542129517, 0.3639663755893707]
MGDA-WARM WEIGHTS step=4 weights=[0.5761338472366333, 0.4238660931587219]
MGDA-WARM WEIGHTS step=5 weights=[0.5087515115737915, 0.4912484884262085]
MGDA-WARM WEIGHTS step=6 weights=[0.4806271493434906, 0.519372820854187]
MGDA-WARM WEIGHTS step=7 weights=[0.4558660686016083, 0.5441339015960693]
MGDA-WARM WEIGHTS step=8 weights=[0.43676474690437317, 0.5632352828979492]
MGDA-WARM WEIGHTS step=9 weights=[0.3983410596847534, 0.6016589403152466]
MGDA-WARM WEIGHTS step=10 weights=[0.4055180549621582, 0.5944819450378418]
[1 25/372] semantic=1.622 depth=0.137
[1 50/372] semantic=0.889 depth=0.138
[1 75/372] semantic=0.932 depth=0.099
MGDA-WARM WEIGHTS step=100 weights=[0.44010239839553833, 0.5598976016044617]
[1 100/372] semantic=0.891 depth=0.071
[1 125/372] semantic=0.662 depth=0.057
[1 150/372] semantic=0.677 depth=0.054
[1 175/372] semantic=0.627 depth=0.047
MGDA-WARM WEIGHTS step=200 weights=[0.27918511629104614, 0.7208149433135986]
[1 200/372] semantic=0.872 depth=0.051
[1 225/372] semantic=0.546 depth=0.036
[1 250/372] semantic=0.616 depth=0.043
[1 275/372] semantic=0.573 depth=0.041
MGDA-WARM WEIGHTS step=300 weights=[0.5660797357559204, 0.43392032384872437]
[1 300/372] semantic=0.522 depth=0.041
[1 325/372] semantic=0.634 depth=0.046
[1 350/372] semantic=0.477 depth=0.036
[1 372/372] semantic=0.493 depth=0.034
Epoch 001: mIoU=49.083 pix=83.288 abs=0.0462 rel=93.6145 delta=137.657 wall_h=0.365
[2 1/372] semantic=0.392 depth=0.035
[2 25/372] semantic=0.505 depth=0.029
MGDA-WARM WEIGHTS step=400 weights=[0.6215333342552185, 0.3784666359424591]
[2 50/372] semantic=0.547 depth=0.052
[2 75/372] semantic=0.544 depth=0.031
[2 100/372] semantic=0.415 depth=0.028
[2 125/372] semantic=0.460 depth=0.030
MGDA-WARM WEIGHTS step=500 weights=[0.41635578870773315, 0.5836442708969116]
[2 150/372] semantic=0.448 depth=0.040
[2 175/372] semantic=0.648 depth=0.047
[2 200/372] semantic=0.559 depth=0.032
[2 225/372] semantic=0.357 depth=0.043
MGDA-WARM WEIGHTS step=600 weights=[0.3463841676712036, 0.6536158323287964]
[2 250/372] semantic=0.372 depth=0.045
[2 275/372] semantic=0.508 depth=0.035
[2 300/372] semantic=0.525 depth=0.032
[2 325/372] semantic=0.468 depth=0.027
MGDA-WARM WEIGHTS step=700 weights=[0.47232893109321594, 0.5276710987091064]
[2 350/372] semantic=0.348 depth=0.040
[2 372/372] semantic=0.458 depth=0.031
Epoch 002: mIoU=49.413 pix=83.296 abs=0.0334 rel=105.8711 delta=123.123 wall_h=0.641
[3 1/372] semantic=0.546 depth=0.045
[3 25/372] semantic=0.441 depth=0.039
[3 50/372] semantic=0.457 depth=0.061
MGDA-WARM WEIGHTS step=800 weights=[0.5665982961654663, 0.4334017038345337]
[3 75/372] semantic=0.537 depth=0.029
[3 100/372] semantic=0.480 depth=0.030
[3 125/372] semantic=0.387 depth=0.027
[3 150/372] semantic=0.475 depth=0.046
MGDA-WARM WEIGHTS step=900 weights=[0.35494470596313477, 0.6450552940368652]
[3 175/372] semantic=0.501 depth=0.030
[3 200/372] semantic=0.383 depth=0.028
[3 225/372] semantic=0.387 depth=0.036
[3 250/372] semantic=0.358 depth=0.036
MGDA-WARM WEIGHTS step=1000 weights=[0.3019166588783264, 0.6980833411216736]
[3 275/372] semantic=0.428 depth=0.027
[3 300/372] semantic=0.432 depth=0.084
[3 325/372] semantic=0.602 depth=0.041
[3 350/372] semantic=0.491 depth=0.037
MGDA-WARM WEIGHTS step=1100 weights=[0.5086963176727295, 0.4913036525249481]
[3 372/372] semantic=0.530 depth=0.051
Epoch 003: mIoU=55.285 pix=85.663 abs=0.0304 rel=129.1010 delta=135.292 wall_h=0.879
[4 1/372] semantic=0.446 depth=0.035
[4 25/372] semantic=0.447 depth=0.040
[4 50/372] semantic=0.546 depth=0.046
[4 75/372] semantic=0.439 depth=0.027
MGDA-WARM WEIGHTS step=1200 weights=[0.5216807126998901, 0.4783192574977875]
[4 100/372] semantic=0.375 depth=0.035
[4 125/372] semantic=0.544 depth=0.034
[4 150/372] semantic=0.338 depth=0.024
[4 175/372] semantic=0.358 depth=0.030
MGDA-WARM WEIGHTS step=1300 weights=[0.4196520745754242, 0.5803478956222534]
[4 200/372] semantic=0.716 depth=0.033
[4 225/372] semantic=0.493 depth=0.028
[4 250/372] semantic=0.340 depth=0.044
[4 275/372] semantic=0.344 depth=0.022
MGDA-WARM WEIGHTS step=1400 weights=[0.453087717294693, 0.5469123125076294]
[4 300/372] semantic=0.496 depth=0.034
[4 325/372] semantic=0.630 depth=0.031
[4 350/372] semantic=0.537 depth=0.027
[4 372/372] semantic=0.358 depth=0.031
Epoch 004: mIoU=56.801 pix=86.881 abs=0.0413 rel=95.9950 delta=126.443 wall_h=1.150
[5 1/372] semantic=0.336 depth=0.032
MGDA-WARM WEIGHTS step=1500 weights=[0.5251497030258179, 0.4748503267765045]
[5 25/372] semantic=0.376 depth=0.025
[5 50/372] semantic=0.652 depth=0.034
[5 75/372] semantic=0.364 depth=0.021
[5 100/372] semantic=0.418 depth=0.032
MGDA-WARM WEIGHTS step=1600 weights=[0.33681178092956543, 0.6631882190704346]
[5 125/372] semantic=0.315 depth=0.023
[5 150/372] semantic=0.337 depth=0.027
[5 175/372] semantic=0.310 depth=0.025
[5 200/372] semantic=0.305 depth=0.022
MGDA-WARM WEIGHTS step=1700 weights=[0.4942638576030731, 0.5057361125946045]
[5 225/372] semantic=0.485 depth=0.023
[5 250/372] semantic=0.336 depth=0.031
[5 275/372] semantic=0.386 depth=0.035
[5 300/372] semantic=0.306 depth=0.035
MGDA-WARM WEIGHTS step=1800 weights=[0.4183761179447174, 0.581623911857605]
[5 325/372] semantic=0.488 depth=0.025
[5 350/372] semantic=0.341 depth=0.025
[5 372/372] semantic=0.364 depth=0.024
Epoch 005: mIoU=56.597 pix=86.594 abs=0.0319 rel=126.0293 delta=134.879 wall_h=1.493
[6 1/372] semantic=0.326 depth=0.027
[6 25/372] semantic=0.337 depth=0.034
MGDA-WARM WEIGHTS step=1900 weights=[0.44792017340660095, 0.5520797967910767]
[6 50/372] semantic=0.391 depth=0.041
[6 75/372] semantic=0.408 depth=0.023
[6 100/372] semantic=0.486 depth=0.036
[6 125/372] semantic=0.452 depth=0.035
MGDA-WARM WEIGHTS step=2000 weights=[0.48730573058128357, 0.512694239616394]
[6 150/372] semantic=0.373 depth=0.026
[6 175/372] semantic=0.446 depth=0.035
[6 200/372] semantic=0.384 depth=0.033
[6 225/372] semantic=0.340 depth=0.019
MGDA-WARM WEIGHTS step=2100 weights=[0.4277549982070923, 0.5722450017929077]
[6 250/372] semantic=0.430 depth=0.037
[6 275/372] semantic=0.385 depth=0.025
[6 300/372] semantic=0.335 depth=0.025
[6 325/372] semantic=0.289 depth=0.020
MGDA-WARM WEIGHTS step=2200 weights=[0.5225330591201782, 0.4774669408798218]
[6 350/372] semantic=0.388 depth=0.032
[6 372/372] semantic=0.418 depth=0.024
Epoch 006: mIoU=56.968 pix=86.754 abs=0.0556 rel=80.6355 delta=141.195 wall_h=1.843
[7 1/372] semantic=0.325 depth=0.028
[7 25/372] semantic=0.322 depth=0.023
[7 50/372] semantic=0.309 depth=0.040
MGDA-WARM WEIGHTS step=2300 weights=[0.500279426574707, 0.4997205436229706]
[7 75/372] semantic=0.373 depth=0.036
[7 100/372] semantic=0.386 depth=0.030
[7 125/372] semantic=0.393 depth=0.025
[7 150/372] semantic=0.292 depth=0.026
MGDA-WARM WEIGHTS step=2400 weights=[0.40803614258766174, 0.5919638872146606]
[7 175/372] semantic=0.365 depth=0.032
[7 200/372] semantic=0.309 depth=0.023
[7 225/372] semantic=0.293 depth=0.025
[7 250/372] semantic=0.292 depth=0.032
MGDA-WARM WEIGHTS step=2500 weights=[0.46045419573783875, 0.5395457744598389]
[7 275/372] semantic=0.361 depth=0.023
[7 300/372] semantic=0.330 depth=0.026
[7 325/372] semantic=0.267 depth=0.022
[7 350/372] semantic=0.294 depth=0.023
MGDA-WARM WEIGHTS step=2600 weights=[0.5038959980010986, 0.49610403180122375]
[7 372/372] semantic=0.345 depth=0.024
Epoch 007: mIoU=59.710 pix=88.082 abs=0.0415 rel=107.8780 delta=136.350 wall_h=2.098
[8 1/372] semantic=0.409 depth=0.030
[8 25/372] semantic=0.280 depth=0.029
[8 50/372] semantic=0.315 depth=0.022
[8 75/372] semantic=0.435 depth=0.036
MGDA-WARM WEIGHTS step=2700 weights=[0.5810203552246094, 0.418979674577713]
[8 100/372] semantic=0.336 depth=0.044
[8 125/372] semantic=0.398 depth=0.030
[8 150/372] semantic=0.304 depth=0.023
[8 175/372] semantic=0.336 depth=0.031
MGDA-WARM WEIGHTS step=2800 weights=[0.47151443362236023, 0.5284855365753174]
[8 200/372] semantic=0.430 depth=0.024
[8 225/372] semantic=0.281 depth=0.024
[8 250/372] semantic=0.291 depth=0.036
[8 275/372] semantic=0.272 depth=0.031
MGDA-WARM WEIGHTS step=2900 weights=[0.485535204410553, 0.514464795589447]
[8 300/372] semantic=0.335 depth=0.023
[8 325/372] semantic=0.410 depth=0.034
[8 350/372] semantic=0.346 depth=0.021
[8 372/372] semantic=0.279 depth=0.026
Epoch 008: mIoU=60.146 pix=88.187 abs=0.0421 rel=96.1002 delta=126.740 wall_h=2.353
[9 1/372] semantic=0.296 depth=0.023
MGDA-WARM WEIGHTS step=3000 weights=[0.49379992485046387, 0.5062000751495361]
[9 25/372] semantic=0.395 depth=0.027
[9 50/372] semantic=0.310 depth=0.025
[9 75/372] semantic=0.266 depth=0.023
[9 100/372] semantic=0.390 depth=0.022
MGDA-WARM WEIGHTS step=3100 weights=[0.5020842552185059, 0.49791571497917175]
[9 125/372] semantic=0.424 depth=0.019
[9 150/372] semantic=0.330 depth=0.025
[9 175/372] semantic=0.274 depth=0.018
[9 200/372] semantic=0.335 depth=0.021
MGDA-WARM WEIGHTS step=3200 weights=[0.5068336725234985, 0.4931662976741791]
[9 225/372] semantic=0.354 depth=0.036
[9 250/372] semantic=0.274 depth=0.044
[9 275/372] semantic=0.329 depth=0.022
[9 300/372] semantic=0.383 depth=0.020
MGDA-WARM WEIGHTS step=3300 weights=[0.44277891516685486, 0.5572210550308228]
[9 325/372] semantic=0.254 depth=0.034
[9 350/372] semantic=0.372 depth=0.021
[9 372/372] semantic=0.367 depth=0.039
Epoch 009: mIoU=59.500 pix=87.617 abs=0.0278 rel=116.2541 delta=116.632 wall_h=2.608
[10 1/372] semantic=0.264 depth=0.030
[10 25/372] semantic=0.440 depth=0.024
[10 50/372] semantic=0.271 depth=0.023
MGDA-WARM WEIGHTS step=3400 weights=[0.4846257269382477, 0.5153743028640747]
[10 75/372] semantic=0.285 depth=0.017
[10 100/372] semantic=0.277 depth=0.038
[10 125/372] semantic=0.311 depth=0.020
[10 150/372] semantic=0.313 depth=0.027
MGDA-WARM WEIGHTS step=3500 weights=[0.46664369106292725, 0.5333563089370728]
[10 175/372] semantic=0.259 depth=0.019
[10 200/372] semantic=0.299 depth=0.023
[10 225/372] semantic=0.289 depth=0.023
[10 250/372] semantic=0.308 depth=0.021
MGDA-WARM WEIGHTS step=3600 weights=[0.4933057427406311, 0.5066942572593689]
[10 275/372] semantic=0.304 depth=0.027
[10 300/372] semantic=0.291 depth=0.018
[10 325/372] semantic=0.291 depth=0.022
[10 350/372] semantic=0.330 depth=0.022
MGDA-WARM WEIGHTS step=3700 weights=[0.5451767444610596, 0.4548233151435852]
[10 372/372] semantic=0.392 depth=0.023
Epoch 010: mIoU=59.077 pix=88.194 abs=0.0256 rel=120.4398 delta=115.977 wall_h=2.851
[11 1/372] semantic=0.409 depth=0.028
[11 25/372] semantic=0.304 depth=0.024
[11 50/372] semantic=0.339 depth=0.030
[11 75/372] semantic=0.294 depth=0.025
MGDA-WARM WEIGHTS step=3800 weights=[0.4535626173019409, 0.5464373826980591]
[11 100/372] semantic=0.262 depth=0.023
[11 125/372] semantic=0.251 depth=0.020
[11 150/372] semantic=0.309 depth=0.022
[11 175/372] semantic=0.345 depth=0.036
MGDA-WARM WEIGHTS step=3900 weights=[0.4392811357975006, 0.5607188940048218]
[11 200/372] semantic=0.528 depth=0.025
[11 225/372] semantic=0.299 depth=0.023
[11 250/372] semantic=0.342 depth=0.023
[11 275/372] semantic=0.252 depth=0.015
MGDA-WARM WEIGHTS step=4000 weights=[0.36229103803634644, 0.6377089619636536]
[11 300/372] semantic=0.293 depth=0.025
[11 325/372] semantic=0.272 depth=0.019
[11 350/372] semantic=0.290 depth=0.024
[11 372/372] semantic=0.272 depth=0.025
Epoch 011: mIoU=61.371 pix=89.063 abs=0.0249 rel=116.7139 delta=110.149 wall_h=3.110
[12 1/372] semantic=0.342 depth=0.020
MGDA-WARM WEIGHTS step=4100 weights=[0.514003336429596, 0.48599666357040405]
[12 25/372] semantic=0.281 depth=0.020
RUN dataset=cityscapes method=mgda_warm seed=42 lr=0.0001 batch=8 epochs=200 model=mtan
RESULT /mloscratch/homes/mirrokni/LMO-MOO/results/cityscapes/mgda_warm_sd42.stats
CHECKPOINT /mloscratch/homes/mirrokni/LMO-MOO/results/checkpoints/cityscapes/mgda_warm_sd42.pt
OPTIMIZER Adam lr=0.0001
RESUME epoch=12 phase=train next_batch=34/372
[12 50/372] semantic=0.302 depth=0.026
[12 75/372] semantic=0.233 depth=0.020
[12 100/372] semantic=0.251 depth=0.019
MGDA-WARM WEIGHTS step=4200 weights=[0.5845968723297119, 0.4154030978679657]
[12 125/372] semantic=0.401 depth=0.024
[12 150/372] semantic=0.325 depth=0.020
[12 175/372] semantic=0.306 depth=0.039
[12 200/372] semantic=0.260 depth=0.025
MGDA-WARM WEIGHTS step=4300 weights=[0.4095045328140259, 0.5904954671859741]
[12 225/372] semantic=0.336 depth=0.022
[12 250/372] semantic=0.259 depth=0.019
[12 275/372] semantic=0.309 depth=0.026
[12 300/372] semantic=0.342 depth=0.018
MGDA-WARM WEIGHTS step=4400 weights=[0.4643058478832245, 0.5356941819190979]
[12 325/372] semantic=0.355 depth=0.018
[12 350/372] semantic=0.276 depth=0.021
[12 372/372] semantic=0.233 depth=0.027
Epoch 012: mIoU=62.051 pix=89.379 abs=0.0418 rel=98.5924 delta=127.347 wall_h=3.339
[13 1/372] semantic=0.288 depth=0.018
[13 25/372] semantic=0.272 depth=0.020
MGDA-WARM WEIGHTS step=4500 weights=[0.4349665641784668, 0.5650334358215332]
[13 50/372] semantic=0.275 depth=0.037
[13 75/372] semantic=0.357 depth=0.024
[13 100/372] semantic=0.274 depth=0.025
[13 125/372] semantic=0.227 depth=0.023
MGDA-WARM WEIGHTS step=4600 weights=[0.43896982073783875, 0.5610302090644836]
[13 150/372] semantic=0.280 depth=0.034
[13 175/372] semantic=0.301 depth=0.037
[13 200/372] semantic=0.294 depth=0.022
[13 225/372] semantic=0.331 depth=0.025
MGDA-WARM WEIGHTS step=4700 weights=[0.5159624814987183, 0.48403748869895935]
[13 250/372] semantic=0.290 depth=0.024
[13 275/372] semantic=0.263 depth=0.029
[13 300/372] semantic=0.279 depth=0.019
[13 325/372] semantic=0.260 depth=0.014
MGDA-WARM WEIGHTS step=4800 weights=[0.46597209572792053, 0.5340279340744019]
[13 350/372] semantic=0.366 depth=0.024
[13 372/372] semantic=0.313 depth=0.023
Epoch 013: mIoU=62.943 pix=89.554 abs=0.0386 rel=101.4292 delta=123.149 wall_h=3.533
[14 1/372] semantic=0.247 depth=0.024
[14 25/372] semantic=0.372 depth=0.026
[14 50/372] semantic=0.269 depth=0.029
MGDA-WARM WEIGHTS step=4900 weights=[0.47251471877098083, 0.5274852514266968]
[14 75/372] semantic=0.300 depth=0.020
[14 100/372] semantic=0.309 depth=0.024
[14 125/372] semantic=0.270 depth=0.038
[14 150/372] semantic=0.328 depth=0.022
MGDA-WARM WEIGHTS step=5000 weights=[0.4739176332950592, 0.5260823369026184]
[14 175/372] semantic=0.265 depth=0.032
[14 200/372] semantic=0.361 depth=0.028
[14 225/372] semantic=0.267 depth=0.021
[14 250/372] semantic=0.306 depth=0.022
MGDA-WARM WEIGHTS step=5100 weights=[0.45622125267982483, 0.5437787175178528]
[14 275/372] semantic=0.534 depth=0.023
[14 300/372] semantic=0.329 depth=0.025
[14 325/372] semantic=0.267 depth=0.030
[14 350/372] semantic=0.257 depth=0.016
MGDA-WARM WEIGHTS step=5200 weights=[0.5373307466506958, 0.4626691937446594]
[14 372/372] semantic=0.205 depth=0.023
Epoch 014: mIoU=62.541 pix=89.081 abs=0.0249 rel=111.5885 delta=105.319 wall_h=3.723
[15 1/372] semantic=0.280 depth=0.019
[15 25/372] semantic=0.259 depth=0.026
[15 50/372] semantic=0.247 depth=0.021
[15 75/372] semantic=0.289 depth=0.017
MGDA-WARM WEIGHTS step=5300 weights=[0.4485345482826233, 0.5514654517173767]
[15 100/372] semantic=0.321 depth=0.026
[15 125/372] semantic=0.387 depth=0.017
[15 150/372] semantic=0.298 depth=0.025
[15 175/372] semantic=0.303 depth=0.020
MGDA-WARM WEIGHTS step=5400 weights=[0.47200220823287964, 0.5279977321624756]
[15 200/372] semantic=0.246 depth=0.028
[15 225/372] semantic=0.350 depth=0.032
[15 250/372] semantic=0.284 depth=0.042
[15 275/372] semantic=0.283 depth=0.019
MGDA-WARM WEIGHTS step=5500 weights=[0.4881579577922821, 0.5118420124053955]
[15 300/372] semantic=0.232 depth=0.027
[15 325/372] semantic=0.292 depth=0.027
[15 350/372] semantic=0.310 depth=0.025
[15 372/372] semantic=0.302 depth=0.024
Epoch 015: mIoU=62.824 pix=89.548 abs=0.0343 rel=99.4763 delta=112.983 wall_h=3.908
[16 1/372] semantic=0.258 depth=0.018
MGDA-WARM WEIGHTS step=5600 weights=[0.4883486032485962, 0.5116513967514038]
[16 25/372] semantic=0.287 depth=0.033
[16 50/372] semantic=0.331 depth=0.020
[16 75/372] semantic=0.314 depth=0.018
[16 100/372] semantic=0.304 depth=0.029
MGDA-WARM WEIGHTS step=5700 weights=[0.49976593255996704, 0.5002341270446777]
[16 125/372] semantic=0.254 depth=0.049
[16 150/372] semantic=0.343 depth=0.023
[16 175/372] semantic=0.289 depth=0.023
[16 200/372] semantic=0.288 depth=0.034
MGDA-WARM WEIGHTS step=5800 weights=[0.499644011259079, 0.5003559589385986]
[16 225/372] semantic=0.246 depth=0.024
[16 250/372] semantic=0.375 depth=0.016
[16 275/372] semantic=0.337 depth=0.026
[16 300/372] semantic=0.315 depth=0.026
MGDA-WARM WEIGHTS step=5900 weights=[0.4666084051132202, 0.5333915948867798]
[16 325/372] semantic=0.280 depth=0.028
[16 350/372] semantic=0.326 depth=0.024
[16 372/372] semantic=0.359 depth=0.019
Epoch 016: mIoU=63.235 pix=89.612 abs=0.0322 rel=100.0176 delta=109.121 wall_h=4.094
[17 1/372] semantic=0.257 depth=0.017
[17 25/372] semantic=0.199 depth=0.022
MGDA-WARM WEIGHTS step=6000 weights=[0.46580660343170166, 0.5341933965682983]
[17 50/372] semantic=0.257 depth=0.018
[17 75/372] semantic=0.254 depth=0.021
[17 100/372] semantic=0.233 depth=0.018
[17 125/372] semantic=0.271 depth=0.021
MGDA-WARM WEIGHTS step=6100 weights=[0.43530377745628357, 0.5646962523460388]
[17 150/372] semantic=0.278 depth=0.023
[17 175/372] semantic=0.384 depth=0.035
[17 200/372] semantic=0.290 depth=0.024
[17 225/372] semantic=0.243 depth=0.026
MGDA-WARM WEIGHTS step=6200 weights=[0.48794475197792053, 0.5120552778244019]
[17 250/372] semantic=0.312 depth=0.019
[17 275/372] semantic=0.238 depth=0.016
[17 300/372] semantic=0.377 depth=0.020
[17 325/372] semantic=0.219 depth=0.018
MGDA-WARM WEIGHTS step=6300 weights=[0.5104244947433472, 0.4895755350589752]
[17 350/372] semantic=0.371 depth=0.017
[17 372/372] semantic=0.290 depth=0.017
Epoch 017: mIoU=64.190 pix=90.197 abs=0.0347 rel=100.7355 delta=114.284 wall_h=4.280
[18 1/372] semantic=0.275 depth=0.023
[18 25/372] semantic=0.210 depth=0.019
[18 50/372] semantic=0.228 depth=0.017
[18 75/372] semantic=0.307 depth=0.022
MGDA-WARM WEIGHTS step=6400 weights=[0.4987327754497528, 0.5012671947479248]
[18 100/372] semantic=0.285 depth=0.028
[18 125/372] semantic=0.269 depth=0.015
[18 150/372] semantic=0.240 depth=0.019
[18 175/372] semantic=0.331 depth=0.021
MGDA-WARM WEIGHTS step=6500 weights=[0.4324869215488434, 0.567513108253479]
[18 200/372] semantic=0.247 depth=0.023
[18 225/372] semantic=0.379 depth=0.019
[18 250/372] semantic=0.358 depth=0.024
[18 275/372] semantic=0.398 depth=0.020
MGDA-WARM WEIGHTS step=6600 weights=[0.46074557304382324, 0.5392544269561768]
[18 300/372] semantic=0.294 depth=0.023
[18 325/372] semantic=0.315 depth=0.023
[18 350/372] semantic=0.327 depth=0.022
[18 372/372] semantic=0.294 depth=0.022
Epoch 018: mIoU=63.813 pix=89.978 abs=0.0259 rel=102.2247 delta=98.201 wall_h=4.457
[19 1/372] semantic=0.307 depth=0.018
MGDA-WARM WEIGHTS step=6700 weights=[0.48791220784187317, 0.5120878219604492]
[19 25/372] semantic=0.287 depth=0.022
[19 50/372] semantic=0.223 depth=0.014
[19 75/372] semantic=0.292 depth=0.024
[19 100/372] semantic=0.247 depth=0.025
MGDA-WARM WEIGHTS step=6800 weights=[0.4816182553768158, 0.5183817148208618]
[19 125/372] semantic=0.324 depth=0.023
[19 150/372] semantic=0.267 depth=0.023
[19 175/372] semantic=0.260 depth=0.016
[19 200/372] semantic=0.198 depth=0.024
MGDA-WARM WEIGHTS step=6900 weights=[0.49428653717041016, 0.5057134628295898]
[19 225/372] semantic=0.276 depth=0.022
[19 250/372] semantic=0.217 depth=0.015
[19 275/372] semantic=0.241 depth=0.017
[19 300/372] semantic=0.268 depth=0.015
MGDA-WARM WEIGHTS step=7000 weights=[0.4926029145717621, 0.5073970556259155]
[19 325/372] semantic=0.299 depth=0.015
[19 350/372] semantic=0.235 depth=0.020
[19 372/372] semantic=0.334 depth=0.022
Epoch 019: mIoU=64.613 pix=90.162 abs=0.0221 rel=136.9077 delta=121.377 wall_h=4.636
[20 1/372] semantic=0.281 depth=0.019
[20 25/372] semantic=0.289 depth=0.017
MGDA-WARM WEIGHTS step=7100 weights=[0.46389105916023254, 0.5361089706420898]
[20 50/372] semantic=0.260 depth=0.026
[20 75/372] semantic=0.280 depth=0.019
[20 100/372] semantic=0.259 depth=0.021
[20 125/372] semantic=0.311 depth=0.019
MGDA-WARM WEIGHTS step=7200 weights=[0.4685607850551605, 0.5314392447471619]
[20 150/372] semantic=0.286 depth=0.025
[20 175/372] semantic=0.200 depth=0.034
[20 200/372] semantic=0.306 depth=0.031
[20 225/372] semantic=0.309 depth=0.024
MGDA-WARM WEIGHTS step=7300 weights=[0.4755927622318268, 0.5244072079658508]
[20 250/372] semantic=0.370 depth=0.020
[20 275/372] semantic=0.321 depth=0.016
[20 300/372] semantic=0.284 depth=0.015
[20 325/372] semantic=0.229 depth=0.015
MGDA-WARM WEIGHTS step=7400 weights=[0.502475380897522, 0.497524619102478]
[20 350/372] semantic=0.287 depth=0.023
[20 372/372] semantic=0.200 depth=0.020
Epoch 020: mIoU=65.966 pix=90.460 abs=0.0240 rel=103.5067 delta=94.599 wall_h=4.812
[21 1/372] semantic=0.229 depth=0.015
[21 25/372] semantic=0.333 depth=0.017
[21 50/372] semantic=0.249 depth=0.016
MGDA-WARM WEIGHTS step=7500 weights=[0.45271849632263184, 0.5472815036773682]
[21 75/372] semantic=0.303 depth=0.021
[21 100/372] semantic=0.238 depth=0.016
[21 125/372] semantic=0.256 depth=0.031
[21 150/372] semantic=0.256 depth=0.018
MGDA-WARM WEIGHTS step=7600 weights=[0.399548202753067, 0.6004518270492554]
[21 175/372] semantic=0.251 depth=0.016
[21 200/372] semantic=0.321 depth=0.018
[21 225/372] semantic=0.263 depth=0.021
[21 250/372] semantic=0.241 depth=0.014
MGDA-WARM WEIGHTS step=7700 weights=[0.487295538187027, 0.5127044916152954]
[21 275/372] semantic=0.227 depth=0.028
[21 300/372] semantic=0.251 depth=0.020
[21 325/372] semantic=0.270 depth=0.016
[21 350/372] semantic=0.273 depth=0.015
MGDA-WARM WEIGHTS step=7800 weights=[0.5020496845245361, 0.4979502856731415]
[21 372/372] semantic=0.225 depth=0.020
Epoch 021: mIoU=65.216 pix=90.216 abs=0.0369 rel=80.4253 delta=100.003 wall_h=4.999
[22 1/372] semantic=0.279 depth=0.016
[22 25/372] semantic=0.238 depth=0.029
[22 50/372] semantic=0.257 depth=0.016
[22 75/372] semantic=0.198 depth=0.016
MGDA-WARM WEIGHTS step=7900 weights=[0.4810127019882202, 0.5189872980117798]
[22 100/372] semantic=0.301 depth=0.021
[22 125/372] semantic=0.265 depth=0.016
[22 150/372] semantic=0.251 depth=0.016
[22 175/372] semantic=0.295 depth=0.019
MGDA-WARM WEIGHTS step=8000 weights=[0.4898863732814789, 0.5101136565208435]
[22 200/372] semantic=0.237 depth=0.016
[22 225/372] semantic=0.243 depth=0.014
[22 250/372] semantic=0.232 depth=0.018
[22 275/372] semantic=0.306 depth=0.016
MGDA-WARM WEIGHTS step=8100 weights=[0.4870859384536743, 0.5129140615463257]
[22 300/372] semantic=0.298 depth=0.016
[22 325/372] semantic=0.278 depth=0.020
[22 350/372] semantic=0.218 depth=0.025
[22 372/372] semantic=0.266 depth=0.022
Epoch 022: mIoU=65.951 pix=90.703 abs=0.0264 rel=97.7549 delta=94.151 wall_h=5.181
[23 1/372] semantic=0.217 depth=0.015
MGDA-WARM WEIGHTS step=8200 weights=[0.49355390667915344, 0.5064460635185242]
[23 25/372] semantic=0.251 depth=0.016
[23 50/372] semantic=0.228 depth=0.013
[23 75/372] semantic=0.257 depth=0.016
[23 100/372] semantic=0.197 depth=0.022
MGDA-WARM WEIGHTS step=8300 weights=[0.4844227135181427, 0.5155772566795349]
[23 125/372] semantic=0.302 depth=0.017
[23 150/372] semantic=0.273 depth=0.018
[23 175/372] semantic=0.221 depth=0.011
[23 200/372] semantic=0.251 depth=0.021
MGDA-WARM WEIGHTS step=8400 weights=[0.49972426891326904, 0.500275731086731]
[23 225/372] semantic=0.253 depth=0.018
[23 250/372] semantic=0.260 depth=0.017
[23 275/372] semantic=0.255 depth=0.020
[23 300/372] semantic=0.219 depth=0.019
MGDA-WARM WEIGHTS step=8500 weights=[0.4544544517993927, 0.5455455780029297]
[23 325/372] semantic=0.196 depth=0.014
[23 350/372] semantic=0.219 depth=0.019
[23 372/372] semantic=0.329 depth=0.016
Epoch 023: mIoU=66.000 pix=90.474 abs=0.0306 rel=89.0670 delta=94.842 wall_h=5.364
[24 1/372] semantic=0.281 depth=0.015
[24 25/372] semantic=0.236 depth=0.018
MGDA-WARM WEIGHTS step=8600 weights=[0.5143148899078369, 0.4856851100921631]
[24 50/372] semantic=0.259 depth=0.017
[24 75/372] semantic=0.223 depth=0.021
[24 100/372] semantic=0.273 depth=0.014
[24 125/372] semantic=0.269 depth=0.016
MGDA-WARM WEIGHTS step=8700 weights=[0.4974941313266754, 0.5025058388710022]
[24 150/372] semantic=0.241 depth=0.014
[24 175/372] semantic=0.253 depth=0.021
[24 200/372] semantic=0.221 depth=0.017
[24 225/372] semantic=0.213 depth=0.018
MGDA-WARM WEIGHTS step=8800 weights=[0.4943491816520691, 0.5056508183479309]
[24 250/372] semantic=0.269 depth=0.016
[24 275/372] semantic=0.243 depth=0.014
[24 300/372] semantic=0.275 depth=0.024
[24 325/372] semantic=0.220 depth=0.028
MGDA-WARM WEIGHTS step=8900 weights=[0.49054190516471863, 0.5094581246376038]
[24 350/372] semantic=0.291 depth=0.016
[24 372/372] semantic=0.270 depth=0.019
Epoch 024: mIoU=66.632 pix=90.716 abs=0.0449 rel=73.7180 delta=109.277 wall_h=5.540
[25 1/372] semantic=0.202 depth=0.027
[25 25/372] semantic=0.235 depth=0.016
[25 50/372] semantic=0.276 depth=0.022
MGDA-WARM WEIGHTS step=9000 weights=[0.508685827255249, 0.491314172744751]
[25 75/372] semantic=0.304 depth=0.019
[25 100/372] semantic=0.177 depth=0.016
[25 125/372] semantic=0.237 depth=0.017
[25 150/372] semantic=0.273 depth=0.018
MGDA-WARM WEIGHTS step=9100 weights=[0.456221342086792, 0.543778657913208]
[25 175/372] semantic=0.270 depth=0.015
[25 200/372] semantic=0.232 depth=0.023
[25 225/372] semantic=0.257 depth=0.017
[25 250/372] semantic=0.207 depth=0.017
MGDA-WARM WEIGHTS step=9200 weights=[0.5111877918243408, 0.48881223797798157]
[25 275/372] semantic=0.254 depth=0.013
[25 300/372] semantic=0.277 depth=0.018
[25 325/372] semantic=0.247 depth=0.017
[25 350/372] semantic=0.278 depth=0.013
MGDA-WARM WEIGHTS step=9300 weights=[0.5093036890029907, 0.4906963109970093]
[25 372/372] semantic=0.220 depth=0.015
Epoch 025: mIoU=67.329 pix=90.950 abs=0.0243 rel=103.3401 delta=94.507 wall_h=5.711
[26 1/372] semantic=0.301 depth=0.019
[26 25/372] semantic=0.226 depth=0.019
[26 50/372] semantic=0.267 depth=0.021
[26 75/372] semantic=0.259 depth=0.013
MGDA-WARM WEIGHTS step=9400 weights=[0.48424795269966125, 0.5157520771026611]
[26 100/372] semantic=0.202 depth=0.017
[26 125/372] semantic=0.226 depth=0.019
[26 150/372] semantic=0.214 depth=0.017
[26 175/372] semantic=0.205 depth=0.020
MGDA-WARM WEIGHTS step=9500 weights=[0.4275944232940674, 0.5724055767059326]
[26 200/372] semantic=0.243 depth=0.017
[26 225/372] semantic=0.247 depth=0.013
[26 250/372] semantic=0.196 depth=0.014
[26 275/372] semantic=0.221 depth=0.019
MGDA-WARM WEIGHTS step=9600 weights=[0.5264939069747925, 0.4735060930252075]
[26 300/372] semantic=0.261 depth=0.016
[26 325/372] semantic=0.241 depth=0.018
[26 350/372] semantic=0.288 depth=0.016
[26 372/372] semantic=0.210 depth=0.014
Epoch 026: mIoU=67.407 pix=91.110 abs=0.0251 rel=91.3598 delta=85.167 wall_h=5.882
[27 1/372] semantic=0.233 depth=0.015
[27 25/372] semantic=0.207 depth=0.017
MGDA-WARM WEIGHTS step=9700 weights=[0.4974697232246399, 0.5025302767753601]
[27 50/372] semantic=0.273 depth=0.021
[27 75/372] semantic=0.242 depth=0.015
[27 100/372] semantic=0.256 depth=0.026
[27 125/372] semantic=0.285 depth=0.021
MGDA-WARM WEIGHTS step=9800 weights=[0.48560264706611633, 0.514397382736206]
[27 150/372] semantic=0.236 depth=0.020
[27 175/372] semantic=0.233 depth=0.019
[27 200/372] semantic=0.248 depth=0.016
[27 225/372] semantic=0.267 depth=0.016
MGDA-WARM WEIGHTS step=9900 weights=[0.4862512946128845, 0.5137487053871155]
[27 250/372] semantic=0.222 depth=0.014
[27 275/372] semantic=0.320 depth=0.021
[27 300/372] semantic=0.196 depth=0.015
[27 325/372] semantic=0.245 depth=0.023
MGDA-WARM WEIGHTS step=10000 weights=[0.4856855273246765, 0.5143145322799683]
[27 350/372] semantic=0.216 depth=0.026
[27 372/372] semantic=0.290 depth=0.019
Epoch 027: mIoU=67.498 pix=91.099 abs=0.0190 rel=113.2429 delta=92.783 wall_h=6.052
[28 1/372] semantic=0.250 depth=0.022
[28 25/372] semantic=0.207 depth=0.015
[28 50/372] semantic=0.273 depth=0.019
MGDA-WARM WEIGHTS step=10100 weights=[0.49300119280815125, 0.5069987773895264]
[28 75/372] semantic=0.305 depth=0.021
[28 100/372] semantic=0.249 depth=0.016
[28 125/372] semantic=0.276 depth=0.015
[28 150/372] semantic=0.227 depth=0.018
MGDA-WARM WEIGHTS step=10200 weights=[0.46424469351768494, 0.5357552766799927]
[28 175/372] semantic=0.265 depth=0.018
[28 200/372] semantic=0.234 depth=0.015
[28 225/372] semantic=0.182 depth=0.016
[28 250/372] semantic=0.204 depth=0.016
MGDA-WARM WEIGHTS step=10300 weights=[0.48792538046836853, 0.5120746493339539]
[28 275/372] semantic=0.268 depth=0.021
[28 300/372] semantic=0.349 depth=0.015
[28 325/372] semantic=0.181 depth=0.018
[28 350/372] semantic=0.261 depth=0.017
MGDA-WARM WEIGHTS step=10400 weights=[0.4863147437572479, 0.5136852264404297]
[28 372/372] semantic=0.195 depth=0.016
Epoch 028: mIoU=67.296 pix=91.190 abs=0.0198 rel=87.8246 delta=71.384 wall_h=6.222
[29 1/372] semantic=0.215 depth=0.015
[29 25/372] semantic=0.206 depth=0.019
[29 50/372] semantic=0.233 depth=0.018
[29 75/372] semantic=0.254 depth=0.020
MGDA-WARM WEIGHTS step=10500 weights=[0.48312023282051086, 0.5168797969818115]
[29 100/372] semantic=0.251 depth=0.019
[29 125/372] semantic=0.240 depth=0.019
[29 150/372] semantic=0.253 depth=0.015
[29 175/372] semantic=0.229 depth=0.014
MGDA-WARM WEIGHTS step=10600 weights=[0.4042021334171295, 0.5957978963851929]
[29 200/372] semantic=0.260 depth=0.017
[29 225/372] semantic=0.246 depth=0.024
[29 250/372] semantic=0.216 depth=0.018
[29 275/372] semantic=0.208 depth=0.018
MGDA-WARM WEIGHTS step=10700 weights=[0.49215975403785706, 0.5078402161598206]
[29 300/372] semantic=0.274 depth=0.012
[29 325/372] semantic=0.248 depth=0.017
[29 350/372] semantic=0.236 depth=0.015
[29 372/372] semantic=0.222 depth=0.018
Epoch 029: mIoU=67.133 pix=90.903 abs=0.0191 rel=105.0324 delta=85.614 wall_h=6.391
[30 1/372] semantic=0.280 depth=0.020
MGDA-WARM WEIGHTS step=10800 weights=[0.4952421188354492, 0.5047578811645508]
[30 25/372] semantic=0.227 depth=0.020
[30 50/372] semantic=0.178 depth=0.013
[30 75/372] semantic=0.270 depth=0.020
[30 100/372] semantic=0.295 depth=0.016
MGDA-WARM WEIGHTS step=10900 weights=[0.42592960596084595, 0.574070394039154]
[30 125/372] semantic=0.210 depth=0.021
[30 150/372] semantic=0.208 depth=0.016
[30 175/372] semantic=0.226 depth=0.018
[30 200/372] semantic=0.199 depth=0.015
MGDA-WARM WEIGHTS step=11000 weights=[0.4498801827430725, 0.5501198172569275]
[30 225/372] semantic=0.212 depth=0.017
[30 250/372] semantic=0.243 depth=0.016
[30 275/372] semantic=0.241 depth=0.026
[30 300/372] semantic=0.278 depth=0.028
MGDA-WARM WEIGHTS step=11100 weights=[0.2957184612751007, 0.7042815089225769]
[30 325/372] semantic=0.305 depth=0.018
[30 350/372] semantic=0.382 depth=0.019
[30 372/372] semantic=0.256 depth=0.016
Epoch 030: mIoU=66.890 pix=90.798 abs=0.0241 rel=88.8190 delta=81.105 wall_h=6.563
[31 1/372] semantic=0.201 depth=0.017
[31 25/372] semantic=0.233 depth=0.017
MGDA-WARM WEIGHTS step=11200 weights=[0.5001665353775024, 0.49983346462249756]
[31 50/372] semantic=0.239 depth=0.021
[31 75/372] semantic=0.237 depth=0.018
[31 100/372] semantic=0.195 depth=0.017
[31 125/372] semantic=0.207 depth=0.012
MGDA-WARM WEIGHTS step=11300 weights=[0.48267391324043274, 0.5173261165618896]
[31 150/372] semantic=0.223 depth=0.012
[31 175/372] semantic=0.250 depth=0.015
[31 200/372] semantic=0.209 depth=0.022
[31 225/372] semantic=0.230 depth=0.017
MGDA-WARM WEIGHTS step=11400 weights=[0.47534409165382385, 0.5246559381484985]
[31 250/372] semantic=0.237 depth=0.017
[31 275/372] semantic=0.231 depth=0.014
[31 300/372] semantic=0.231 depth=0.020
[31 325/372] semantic=0.280 depth=0.017
MGDA-WARM WEIGHTS step=11500 weights=[0.484131395816803, 0.5158686637878418]
[31 350/372] semantic=0.201 depth=0.014
[31 372/372] semantic=0.206 depth=0.015
Epoch 031: mIoU=68.387 pix=91.408 abs=0.0229 rel=99.5013 delta=87.771 wall_h=6.734
[32 1/372] semantic=0.178 depth=0.014
[32 25/372] semantic=0.272 depth=0.018
[32 50/372] semantic=0.207 depth=0.025
MGDA-WARM WEIGHTS step=11600 weights=[0.5006033778190613, 0.4993966221809387]
[32 75/372] semantic=0.182 depth=0.014
[32 100/372] semantic=0.241 depth=0.014
[32 125/372] semantic=0.202 depth=0.014
[32 150/372] semantic=0.237 depth=0.017
MGDA-WARM WEIGHTS step=11700 weights=[0.4753805696964264, 0.524619460105896]
[32 175/372] semantic=0.248 depth=0.018
[32 200/372] semantic=0.203 depth=0.016
[32 225/372] semantic=0.248 depth=0.023
[32 250/372] semantic=0.364 depth=0.014
MGDA-WARM WEIGHTS step=11800 weights=[0.5105234384536743, 0.4894765615463257]
[32 275/372] semantic=0.326 depth=0.018
[32 300/372] semantic=0.225 depth=0.017
[32 325/372] semantic=0.278 depth=0.014
[32 350/372] semantic=0.243 depth=0.016
MGDA-WARM WEIGHTS step=11900 weights=[0.5028464794158936, 0.49715355038642883]
[32 372/372] semantic=0.260 depth=0.017
Epoch 032: mIoU=66.800 pix=91.056 abs=0.0224 rel=84.3985 delta=73.843 wall_h=6.909
[33 1/372] semantic=0.242 depth=0.017
[33 25/372] semantic=0.207 depth=0.019
[33 50/372] semantic=0.201 depth=0.013
[33 75/372] semantic=0.291 depth=0.016
MGDA-WARM WEIGHTS step=12000 weights=[0.49243322014808655, 0.5075667500495911]
[33 100/372] semantic=0.221 depth=0.013
[33 125/372] semantic=0.196 depth=0.015
[33 150/372] semantic=0.299 depth=0.019
[33 175/372] semantic=0.236 depth=0.021
MGDA-WARM WEIGHTS step=12100 weights=[0.4864529073238373, 0.5135470628738403]
[33 200/372] semantic=0.275 depth=0.014
[33 225/372] semantic=0.363 depth=0.017
[33 250/372] semantic=0.270 depth=0.013
[33 275/372] semantic=0.225 depth=0.019
MGDA-WARM WEIGHTS step=12200 weights=[0.4837838113307953, 0.5162161588668823]
[33 300/372] semantic=0.250 depth=0.013
[33 325/372] semantic=0.202 depth=0.013
[33 350/372] semantic=0.210 depth=0.014
[33 372/372] semantic=0.208 depth=0.015
Epoch 033: mIoU=68.787 pix=91.432 abs=0.0218 rel=84.9460 delta=72.368 wall_h=7.090
[34 1/372] semantic=0.175 depth=0.011
MGDA-WARM WEIGHTS step=12300 weights=[0.4908614456653595, 0.5091385841369629]
[34 25/372] semantic=0.203 depth=0.012
[34 50/372] semantic=0.207 depth=0.013
[34 75/372] semantic=0.214 depth=0.024
[34 100/372] semantic=0.185 depth=0.016
MGDA-WARM WEIGHTS step=12400 weights=[0.4452269971370697, 0.5547729730606079]
[34 125/372] semantic=0.199 depth=0.012
[34 150/372] semantic=0.283 depth=0.019
[34 175/372] semantic=0.285 depth=0.017
[34 200/372] semantic=0.219 depth=0.013
MGDA-WARM WEIGHTS step=12500 weights=[0.4982503354549408, 0.5017496347427368]
[34 225/372] semantic=0.202 depth=0.013
[34 250/372] semantic=0.292 depth=0.018
[34 275/372] semantic=0.197 depth=0.021
[34 300/372] semantic=0.251 depth=0.017
MGDA-WARM WEIGHTS step=12600 weights=[0.4891323447227478, 0.5108676552772522]
[34 325/372] semantic=0.225 depth=0.016
[34 350/372] semantic=0.228 depth=0.015
[34 372/372] semantic=0.202 depth=0.019
Epoch 034: mIoU=67.911 pix=91.391 abs=0.0259 rel=81.3931 delta=77.647 wall_h=7.268
[35 1/372] semantic=0.200 depth=0.020
[35 25/372] semantic=0.313 depth=0.021
[35 50/372] semantic=0.258 depth=0.015
MGDA-WARM WEIGHTS step=12700 weights=[0.4970622956752777, 0.5029377341270447]
[35 75/372] semantic=0.258 depth=0.014
[35 100/372] semantic=0.194 depth=0.014
[35 125/372] semantic=0.188 depth=0.015
[35 150/372] semantic=0.185 depth=0.013
MGDA-WARM WEIGHTS step=12800 weights=[0.48114481568336487, 0.5188552141189575]
[35 175/372] semantic=0.230 depth=0.013
[35 200/372] semantic=0.190 depth=0.016
[35 225/372] semantic=0.197 depth=0.016
[35 250/372] semantic=0.196 depth=0.013
MGDA-WARM WEIGHTS step=12900 weights=[0.5135694742202759, 0.4864305257797241]
[35 275/372] semantic=0.231 depth=0.016
[35 300/372] semantic=0.205 depth=0.013
[35 325/372] semantic=0.273 depth=0.016
[35 350/372] semantic=0.203 depth=0.021
MGDA-WARM WEIGHTS step=13000 weights=[0.4904267489910126, 0.509573221206665]
[35 372/372] semantic=0.208 depth=0.015
Epoch 035: mIoU=69.133 pix=91.440 abs=0.0223 rel=70.5537 delta=60.181 wall_h=7.441
[36 1/372] semantic=0.197 depth=0.020
[36 25/372] semantic=0.173 depth=0.013
[36 50/372] semantic=0.259 depth=0.016
[36 75/372] semantic=0.233 depth=0.017
MGDA-WARM WEIGHTS step=13100 weights=[0.41074350476264954, 0.5892565250396729]
[36 100/372] semantic=0.246 depth=0.014
[36 125/372] semantic=0.218 depth=0.017
[36 150/372] semantic=0.199 depth=0.016
[36 175/372] semantic=0.246 depth=0.017
MGDA-WARM WEIGHTS step=13200 weights=[0.4915963411331177, 0.5084036588668823]
[36 200/372] semantic=0.189 depth=0.013
[36 225/372] semantic=0.254 depth=0.012
[36 250/372] semantic=0.269 depth=0.012
[36 275/372] semantic=0.250 depth=0.015
MGDA-WARM WEIGHTS step=13300 weights=[0.46675747632980347, 0.5332425832748413]
[36 300/372] semantic=0.214 depth=0.018
[36 325/372] semantic=0.215 depth=0.017
[36 350/372] semantic=0.238 depth=0.017
[36 372/372] semantic=0.185 depth=0.021
Epoch 036: mIoU=68.182 pix=90.939 abs=0.0267 rel=84.5423 delta=82.162 wall_h=7.611
[37 1/372] semantic=0.303 depth=0.023
MGDA-WARM WEIGHTS step=13400 weights=[0.45813843607902527, 0.5418615341186523]
[37 25/372] semantic=0.258 depth=0.016
[37 50/372] semantic=0.210 depth=0.015
[37 75/372] semantic=0.278 depth=0.016
[37 100/372] semantic=0.155 depth=0.012
MGDA-WARM WEIGHTS step=13500 weights=[0.49818167090415955, 0.5018182992935181]
[37 125/372] semantic=0.227 depth=0.012
[37 150/372] semantic=0.206 depth=0.016
[37 175/372] semantic=0.207 depth=0.020
[37 200/372] semantic=0.212 depth=0.017
MGDA-WARM WEIGHTS step=13600 weights=[0.49156424403190613, 0.5084357261657715]
[37 225/372] semantic=0.171 depth=0.013
[37 250/372] semantic=0.223 depth=0.016
[37 275/372] semantic=0.184 depth=0.011
[37 300/372] semantic=0.263 depth=0.015
MGDA-WARM WEIGHTS step=13700 weights=[0.4666939973831177, 0.5333060026168823]
[37 325/372] semantic=0.188 depth=0.012
[37 350/372] semantic=0.209 depth=0.019
[37 372/372] semantic=0.282 depth=0.013
Epoch 037: mIoU=69.229 pix=91.683 abs=0.0205 rel=78.4422 delta=63.569 wall_h=7.780
[38 1/372] semantic=0.223 depth=0.012
[38 25/372] semantic=0.257 depth=0.014
MGDA-WARM WEIGHTS step=13800 weights=[0.4850165545940399, 0.5149834752082825]
[38 50/372] semantic=0.266 depth=0.014
[38 75/372] semantic=0.270 depth=0.018
[38 100/372] semantic=0.203 depth=0.013
[38 125/372] semantic=0.203 depth=0.013
MGDA-WARM WEIGHTS step=13900 weights=[0.5137854814529419, 0.4862144887447357]
[38 150/372] semantic=0.212 depth=0.012
[38 175/372] semantic=0.227 depth=0.014
[38 200/372] semantic=0.185 depth=0.014
[38 225/372] semantic=0.236 depth=0.018
MGDA-WARM WEIGHTS step=14000 weights=[0.4919027090072632, 0.5080972909927368]
[38 250/372] semantic=0.200 depth=0.018
[38 275/372] semantic=0.229 depth=0.014
[38 300/372] semantic=0.186 depth=0.016
[38 325/372] semantic=0.237 depth=0.015
MGDA-WARM WEIGHTS step=14100 weights=[0.4902282953262329, 0.5097717046737671]
[38 350/372] semantic=0.220 depth=0.015
[38 372/372] semantic=0.237 depth=0.016
Epoch 038: mIoU=68.747 pix=91.604 abs=0.0203 rel=76.3655 delta=61.626 wall_h=7.953
[39 1/372] semantic=0.185 depth=0.012
[39 25/372] semantic=0.281 depth=0.015
[39 50/372] semantic=0.228 depth=0.019
MGDA-WARM WEIGHTS step=14200 weights=[0.47924578189849854, 0.5207542181015015]
[39 75/372] semantic=0.217 depth=0.015
[39 100/372] semantic=0.187 depth=0.016
[39 125/372] semantic=0.239 depth=0.017
[39 150/372] semantic=0.187 depth=0.021
MGDA-WARM WEIGHTS step=14300 weights=[0.5089792013168335, 0.4910207688808441]
[39 175/372] semantic=0.290 depth=0.014
[39 200/372] semantic=0.203 depth=0.012
[39 225/372] semantic=0.216 depth=0.016
[39 250/372] semantic=0.223 depth=0.013
MGDA-WARM WEIGHTS step=14400 weights=[0.4588371515274048, 0.5411628484725952]
[39 275/372] semantic=0.174 depth=0.018
[39 300/372] semantic=0.190 depth=0.017
[39 325/372] semantic=0.199 depth=0.016
[39 350/372] semantic=0.283 depth=0.016
MGDA-WARM WEIGHTS step=14500 weights=[0.48817262053489685, 0.5118273496627808]
[39 372/372] semantic=0.211 depth=0.014
Epoch 039: mIoU=68.978 pix=91.530 abs=0.0227 rel=88.1011 delta=76.870 wall_h=8.121
[40 1/372] semantic=0.237 depth=0.020
[40 25/372] semantic=0.280 depth=0.016
[40 50/372] semantic=0.186 depth=0.015
[40 75/372] semantic=0.165 depth=0.013
MGDA-WARM WEIGHTS step=14600 weights=[0.4999014437198639, 0.5000985860824585]
[40 100/372] semantic=0.185 depth=0.013
[40 125/372] semantic=0.189 depth=0.018
[40 150/372] semantic=0.182 depth=0.014
[40 175/372] semantic=0.206 depth=0.014
MGDA-WARM WEIGHTS step=14700 weights=[0.5082750916481018, 0.4917248785495758]
[40 200/372] semantic=0.186 depth=0.019
[40 225/372] semantic=0.193 depth=0.015
[40 250/372] semantic=0.171 depth=0.015
[40 275/372] semantic=0.230 depth=0.014
MGDA-WARM WEIGHTS step=14800 weights=[0.4888576865196228, 0.5111423134803772]
[40 300/372] semantic=0.189 depth=0.015
[40 325/372] semantic=0.235 depth=0.016
[40 350/372] semantic=0.263 depth=0.017
[40 372/372] semantic=0.196 depth=0.011
Epoch 040: mIoU=68.382 pix=91.482 abs=0.0310 rel=62.5897 delta=70.711 wall_h=8.290
[41 1/372] semantic=0.221 depth=0.020
MGDA-WARM WEIGHTS step=14900 weights=[0.4984629154205322, 0.5015370845794678]
[41 25/372] semantic=0.224 depth=0.017
[41 50/372] semantic=0.199 depth=0.014
[41 75/372] semantic=0.252 depth=0.015
[41 100/372] semantic=0.217 depth=0.015
MGDA-WARM WEIGHTS step=15000 weights=[0.5089695453643799, 0.49103039503097534]
[41 125/372] semantic=0.236 depth=0.016
[41 150/372] semantic=0.270 depth=0.015
[41 175/372] semantic=0.229 depth=0.019
[41 200/372] semantic=0.191 depth=0.012
MGDA-WARM WEIGHTS step=15100 weights=[0.47753801941871643, 0.522462010383606]
[41 225/372] semantic=0.198 depth=0.015
[41 250/372] semantic=0.223 depth=0.018
[41 275/372] semantic=0.237 depth=0.013
[41 300/372] semantic=0.160 depth=0.011
MGDA-WARM WEIGHTS step=15200 weights=[0.5078265070915222, 0.49217352271080017]
[41 325/372] semantic=0.235 depth=0.013
[41 350/372] semantic=0.209 depth=0.011
[41 372/372] semantic=0.192 depth=0.014
Epoch 041: mIoU=69.188 pix=91.611 abs=0.0183 rel=86.5718 delta=66.600 wall_h=8.461
[42 1/372] semantic=0.250 depth=0.015
[42 25/372] semantic=0.192 depth=0.015
MGDA-WARM WEIGHTS step=15300 weights=[0.48677271604537964, 0.5132272243499756]
[42 50/372] semantic=0.174 depth=0.016
[42 75/372] semantic=0.215 depth=0.015
[42 100/372] semantic=0.197 depth=0.017
[42 125/372] semantic=0.266 depth=0.019
MGDA-WARM WEIGHTS step=15400 weights=[0.46520835161209106, 0.5347916483879089]
[42 150/372] semantic=0.222 depth=0.012
[42 175/372] semantic=0.226 depth=0.013
[42 200/372] semantic=0.221 depth=0.012
[42 225/372] semantic=0.201 depth=0.013
MGDA-WARM WEIGHTS step=15500 weights=[0.4747832715511322, 0.5252166986465454]
[42 250/372] semantic=0.168 depth=0.012
[42 275/372] semantic=0.170 depth=0.012
[42 300/372] semantic=0.235 depth=0.014
[42 325/372] semantic=0.202 depth=0.013
MGDA-WARM WEIGHTS step=15600 weights=[0.49993130564689636, 0.5000686645507812]
[42 350/372] semantic=0.178 depth=0.013
[42 372/372] semantic=0.206 depth=0.014
Epoch 042: mIoU=69.000 pix=91.861 abs=0.0208 rel=78.8885 delta=64.758 wall_h=8.632
[43 1/372] semantic=0.191 depth=0.015
[43 25/372] semantic=0.205 depth=0.015
[43 50/372] semantic=0.158 depth=0.013
[43 75/372] semantic=0.212 depth=0.015
MGDA-WARM WEIGHTS step=15700 weights=[0.4842143952846527, 0.5157855749130249]
[43 100/372] semantic=0.220 depth=0.014
[43 125/372] semantic=0.267 depth=0.017
[43 150/372] semantic=0.304 depth=0.018
[43 175/372] semantic=0.223 depth=0.017
MGDA-WARM WEIGHTS step=15800 weights=[0.5036976933479309, 0.4963022768497467]
[43 200/372] semantic=0.215 depth=0.015
[43 225/372] semantic=0.251 depth=0.022
[43 250/372] semantic=0.132 depth=0.014
[43 275/372] semantic=0.217 depth=0.018
MGDA-WARM WEIGHTS step=15900 weights=[0.5010471343994141, 0.49895280599594116]
[43 300/372] semantic=0.241 depth=0.012
[43 325/372] semantic=0.245 depth=0.015
[43 350/372] semantic=0.222 depth=0.017
[43 372/372] semantic=0.203 depth=0.011
Epoch 043: mIoU=69.154 pix=91.553 abs=0.0221 rel=70.2101 delta=59.558 wall_h=8.802
[44 1/372] semantic=0.157 depth=0.016
MGDA-WARM WEIGHTS step=16000 weights=[0.4993717670440674, 0.5006282329559326]
[44 25/372] semantic=0.233 depth=0.019
[44 50/372] semantic=0.235 depth=0.016
[44 75/372] semantic=0.227 depth=0.014
[44 100/372] semantic=0.189 depth=0.014
MGDA-WARM WEIGHTS step=16100 weights=[0.49194008111953735, 0.5080599188804626]
[44 125/372] semantic=0.206 depth=0.018
[44 150/372] semantic=0.192 depth=0.014
[44 175/372] semantic=0.211 depth=0.017
[44 200/372] semantic=0.216 depth=0.013
MGDA-WARM WEIGHTS step=16200 weights=[0.5150068998336792, 0.4849930703639984]
[44 225/372] semantic=0.187 depth=0.015
[44 250/372] semantic=0.222 depth=0.015
[44 275/372] semantic=0.240 depth=0.012
[44 300/372] semantic=0.251 depth=0.019
MGDA-WARM WEIGHTS step=16300 weights=[0.4918806850910187, 0.5081193447113037]
[44 325/372] semantic=0.223 depth=0.015
[44 350/372] semantic=0.215 depth=0.013
[44 372/372] semantic=0.250 depth=0.018
Epoch 044: mIoU=70.018 pix=91.834 abs=0.0216 rel=77.3885 delta=64.641 wall_h=8.975
[45 1/372] semantic=0.219 depth=0.013
[45 25/372] semantic=0.240 depth=0.013
MGDA-WARM WEIGHTS step=16400 weights=[0.4909485876560211, 0.5090514421463013]
[45 50/372] semantic=0.188 depth=0.013
[45 75/372] semantic=0.228 depth=0.013
[45 100/372] semantic=0.212 depth=0.012
[45 125/372] semantic=0.194 depth=0.013
MGDA-WARM WEIGHTS step=16500 weights=[0.4999268054962158, 0.5000731945037842]
[45 150/372] semantic=0.142 depth=0.010
[45 175/372] semantic=0.163 depth=0.011
[45 200/372] semantic=0.256 depth=0.017
[45 225/372] semantic=0.251 depth=0.012
MGDA-WARM WEIGHTS step=16600 weights=[0.495339035987854, 0.504660964012146]
[45 250/372] semantic=0.204 depth=0.012
[45 275/372] semantic=0.187 depth=0.013
[45 300/372] semantic=0.216 depth=0.013
[45 325/372] semantic=0.190 depth=0.018
MGDA-WARM WEIGHTS step=16700 weights=[0.48893988132476807, 0.5110601186752319]
[45 350/372] semantic=0.182 depth=0.013
[45 372/372] semantic=0.198 depth=0.011
Epoch 045: mIoU=70.045 pix=91.978 abs=0.0201 rel=77.7812 delta=61.950 wall_h=9.146
[46 1/372] semantic=0.216 depth=0.017
[46 25/372] semantic=0.167 depth=0.017
[46 50/372] semantic=0.220 depth=0.015
MGDA-WARM WEIGHTS step=16800 weights=[0.48852670192718506, 0.5114732980728149]
[46 75/372] semantic=0.186 depth=0.014
[46 100/372] semantic=0.143 depth=0.009
[46 125/372] semantic=0.231 depth=0.015
[46 150/372] semantic=0.193 depth=0.012
MGDA-WARM WEIGHTS step=16900 weights=[0.48806050419807434, 0.511939525604248]
[46 175/372] semantic=0.230 depth=0.017
[46 200/372] semantic=0.195 depth=0.015
[46 225/372] semantic=0.195 depth=0.012
[46 250/372] semantic=0.202 depth=0.014
MGDA-WARM WEIGHTS step=17000 weights=[0.49799299240112305, 0.502007007598877]
[46 275/372] semantic=0.204 depth=0.016
[46 300/372] semantic=0.228 depth=0.021
[46 325/372] semantic=0.209 depth=0.018
[46 350/372] semantic=0.229 depth=0.011
MGDA-WARM WEIGHTS step=17100 weights=[0.47102561593055725, 0.5289744138717651]
[46 372/372] semantic=0.254 depth=0.017
Epoch 046: mIoU=69.885 pix=91.924 abs=0.0175 rel=83.2622 delta=61.683 wall_h=9.319
[47 1/372] semantic=0.276 depth=0.015
[47 25/372] semantic=0.209 depth=0.015
[47 50/372] semantic=0.206 depth=0.012
[47 75/372] semantic=0.224 depth=0.017
MGDA-WARM WEIGHTS step=17200 weights=[0.4991030693054199, 0.5008969306945801]
[47 100/372] semantic=0.174 depth=0.012
[47 125/372] semantic=0.179 depth=0.013
[47 150/372] semantic=0.237 depth=0.013
[47 175/372] semantic=0.227 depth=0.014
MGDA-WARM WEIGHTS step=17300 weights=[0.4974139332771301, 0.5025861263275146]
[47 200/372] semantic=0.144 depth=0.015
[47 225/372] semantic=0.231 depth=0.012
[47 250/372] semantic=0.232 depth=0.015
[47 275/372] semantic=0.254 depth=0.021
MGDA-WARM WEIGHTS step=17400 weights=[0.4634402394294739, 0.5365597605705261]
[47 300/372] semantic=0.238 depth=0.012
[47 325/372] semantic=0.193 depth=0.016
[47 350/372] semantic=0.202 depth=0.015
[47 372/372] semantic=0.196 depth=0.012
Epoch 047: mIoU=67.753 pix=91.014 abs=0.0195 rel=73.5345 delta=57.924 wall_h=9.489
[48 1/372] semantic=0.188 depth=0.014
MGDA-WARM WEIGHTS step=17500 weights=[0.47879037261009216, 0.5212095975875854]
[48 25/372] semantic=0.201 depth=0.013
[48 50/372] semantic=0.218 depth=0.012
[48 75/372] semantic=0.218 depth=0.013
[48 100/372] semantic=0.269 depth=0.016
MGDA-WARM WEIGHTS step=17600 weights=[0.48754802346229553, 0.5124520063400269]
[48 125/372] semantic=0.186 depth=0.014
[48 150/372] semantic=0.190 depth=0.012
[48 175/372] semantic=0.233 depth=0.013
[48 200/372] semantic=0.186 depth=0.019
MGDA-WARM WEIGHTS step=17700 weights=[0.4588901400566101, 0.5411098599433899]
[48 225/372] semantic=0.322 depth=0.013
[48 250/372] semantic=0.178 depth=0.012
[48 275/372] semantic=0.180 depth=0.012
[48 300/372] semantic=0.249 depth=0.014
MGDA-WARM WEIGHTS step=17800 weights=[0.505448579788208, 0.4945513904094696]
[48 325/372] semantic=0.196 depth=0.013
[48 350/372] semantic=0.137 depth=0.013
[48 372/372] semantic=0.210 depth=0.014
Epoch 048: mIoU=69.909 pix=92.073 abs=0.0176 rel=80.3675 delta=59.189 wall_h=9.667
[49 1/372] semantic=0.171 depth=0.012
[49 25/372] semantic=0.194 depth=0.012
MGDA-WARM WEIGHTS step=17900 weights=[0.5024405717849731, 0.49755942821502686]
[49 50/372] semantic=0.229 depth=0.016
[49 75/372] semantic=0.160 depth=0.013
[49 100/372] semantic=0.172 depth=0.013
[49 125/372] semantic=0.231 depth=0.014
MGDA-WARM WEIGHTS step=18000 weights=[0.5022525191307068, 0.4977474808692932]
[49 150/372] semantic=0.210 depth=0.012
[49 175/372] semantic=0.173 depth=0.011
[49 200/372] semantic=0.177 depth=0.012
[49 225/372] semantic=0.198 depth=0.010
MGDA-WARM WEIGHTS step=18100 weights=[0.4957587420940399, 0.5042412281036377]
[49 250/372] semantic=0.207 depth=0.014
[49 275/372] semantic=0.200 depth=0.013
[49 300/372] semantic=0.199 depth=0.014
[49 325/372] semantic=0.174 depth=0.010
MGDA-WARM WEIGHTS step=18200 weights=[0.49829912185668945, 0.5017008781433105]
[49 350/372] semantic=0.200 depth=0.013
[49 372/372] semantic=0.162 depth=0.011
Epoch 049: mIoU=69.903 pix=91.961 abs=0.0219 rel=62.1461 delta=51.374 wall_h=9.846
[50 1/372] semantic=0.205 depth=0.012
[50 25/372] semantic=0.226 depth=0.018
[50 50/372] semantic=0.260 depth=0.012
MGDA-WARM WEIGHTS step=18300 weights=[0.4955011308193207, 0.5044988393783569]
[50 75/372] semantic=0.187 depth=0.014
[50 100/372] semantic=0.191 depth=0.014
[50 125/372] semantic=0.239 depth=0.010
[50 150/372] semantic=0.215 depth=0.012
MGDA-WARM WEIGHTS step=18400 weights=[0.4745521545410156, 0.5254478454589844]
[50 175/372] semantic=0.182 depth=0.016
[50 200/372] semantic=0.162 depth=0.011
[50 225/372] semantic=0.235 depth=0.012
[50 250/372] semantic=0.229 depth=0.014
MGDA-WARM WEIGHTS step=18500 weights=[0.5022923946380615, 0.4977076053619385]
[50 275/372] semantic=0.174 depth=0.014
[50 300/372] semantic=0.194 depth=0.012
[50 325/372] semantic=0.168 depth=0.011
[50 350/372] semantic=0.255 depth=0.016
MGDA-WARM WEIGHTS step=18600 weights=[0.4908905029296875, 0.5091094970703125]
[50 372/372] semantic=0.212 depth=0.014
Epoch 050: mIoU=70.509 pix=92.103 abs=0.0210 rel=69.0815 delta=55.692 wall_h=10.023
[51 1/372] semantic=0.181 depth=0.013
[51 25/372] semantic=0.205 depth=0.017
[51 50/372] semantic=0.240 depth=0.015
[51 75/372] semantic=0.218 depth=0.013
MGDA-WARM WEIGHTS step=18700 weights=[0.4877498745918274, 0.5122500658035278]
[51 100/372] semantic=0.206 depth=0.013
[51 125/372] semantic=0.177 depth=0.012
[51 150/372] semantic=0.221 depth=0.018
[51 175/372] semantic=0.236 depth=0.017
MGDA-WARM WEIGHTS step=18800 weights=[0.47721096873283386, 0.5227890014648438]
[51 200/372] semantic=0.207 depth=0.016
[51 225/372] semantic=0.199 depth=0.010
[51 250/372] semantic=0.198 depth=0.025
[51 275/372] semantic=0.201 depth=0.013
MGDA-WARM WEIGHTS step=18900 weights=[0.4641856551170349, 0.5358143448829651]
[51 300/372] semantic=0.176 depth=0.018
[51 325/372] semantic=0.186 depth=0.012
[51 350/372] semantic=0.246 depth=0.014
[51 372/372] semantic=0.205 depth=0.012
Epoch 051: mIoU=70.824 pix=92.245 abs=0.0194 rel=72.9069 delta=55.766 wall_h=10.199
[52 1/372] semantic=0.149 depth=0.015
[52 25/372] semantic=0.221 depth=0.020
MGDA-WARM WEIGHTS step=19000 weights=[0.4834194779396057, 0.5165805220603943]
[52 50/372] semantic=0.190 depth=0.012
[52 75/372] semantic=0.201 depth=0.012
[52 100/372] semantic=0.191 depth=0.018
[52 125/372] semantic=0.156 depth=0.013
MGDA-WARM WEIGHTS step=19100 weights=[0.47974511981010437, 0.5202548503875732]
[52 150/372] semantic=0.263 depth=0.023
[52 175/372] semantic=0.178 depth=0.015
[52 200/372] semantic=0.221 depth=0.014
[52 225/372] semantic=0.162 depth=0.013
MGDA-WARM WEIGHTS step=19200 weights=[0.49754196405410767, 0.5024580359458923]
[52 250/372] semantic=0.192 depth=0.012
[52 275/372] semantic=0.230 depth=0.016
[52 300/372] semantic=0.162 depth=0.012
[52 325/372] semantic=0.264 depth=0.018
MGDA-WARM WEIGHTS step=19300 weights=[0.49885013699531555, 0.5011498928070068]
[52 350/372] semantic=0.164 depth=0.015
[52 372/372] semantic=0.228 depth=0.011
Epoch 052: mIoU=70.208 pix=92.048 abs=0.0214 rel=68.2000 delta=55.729 wall_h=10.377
[53 1/372] semantic=0.214 depth=0.013
[53 25/372] semantic=0.181 depth=0.012
[53 50/372] semantic=0.261 depth=0.011
MGDA-WARM WEIGHTS step=19400 weights=[0.49052807688713074, 0.5094718933105469]
[53 75/372] semantic=0.206 depth=0.015
[53 100/372] semantic=0.209 depth=0.014
[53 125/372] semantic=0.242 depth=0.013
[53 150/372] semantic=0.186 depth=0.013
MGDA-WARM WEIGHTS step=19500 weights=[0.48898911476135254, 0.5110108852386475]
[53 175/372] semantic=0.173 depth=0.012
[53 200/372] semantic=0.185 depth=0.021
[53 225/372] semantic=0.213 depth=0.014
[53 250/372] semantic=0.188 depth=0.012
MGDA-WARM WEIGHTS step=19600 weights=[0.5189964771270752, 0.4810035526752472]
[53 275/372] semantic=0.199 depth=0.012
[53 300/372] semantic=0.205 depth=0.011
[53 325/372] semantic=0.211 depth=0.016
[53 350/372] semantic=0.236 depth=0.015
MGDA-WARM WEIGHTS step=19700 weights=[0.4895990788936615, 0.5104008913040161]
[53 372/372] semantic=0.138 depth=0.014
Epoch 053: mIoU=70.545 pix=92.051 abs=0.0184 rel=66.6847 delta=48.213 wall_h=10.553
[54 1/372] semantic=0.199 depth=0.011
[54 25/372] semantic=0.199 depth=0.010
[54 50/372] semantic=0.171 depth=0.016
[54 75/372] semantic=0.157 depth=0.012
MGDA-WARM WEIGHTS step=19800 weights=[0.48574885725975037, 0.5142511129379272]
[54 100/372] semantic=0.177 depth=0.020
[54 125/372] semantic=0.222 depth=0.014
[54 150/372] semantic=0.212 depth=0.016
[54 175/372] semantic=0.221 depth=0.011
MGDA-WARM WEIGHTS step=19900 weights=[0.4921737015247345, 0.5078263282775879]
[54 200/372] semantic=0.145 depth=0.015
[54 225/372] semantic=0.181 depth=0.013
[54 250/372] semantic=0.254 depth=0.016
[54 275/372] semantic=0.187 depth=0.015
MGDA-WARM WEIGHTS step=20000 weights=[0.48994240164756775, 0.5100576281547546]
[54 300/372] semantic=0.211 depth=0.018
[54 325/372] semantic=0.208 depth=0.015
[54 350/372] semantic=0.209 depth=0.013
[54 372/372] semantic=0.197 depth=0.014
Epoch 054: mIoU=70.977 pix=92.396 abs=0.0173 rel=73.2592 delta=51.756 wall_h=10.729
[55 1/372] semantic=0.190 depth=0.012
MGDA-WARM WEIGHTS step=20100 weights=[0.48311856389045715, 0.5168814659118652]
[55 25/372] semantic=0.222 depth=0.013
[55 50/372] semantic=0.165 depth=0.015
[55 75/372] semantic=0.198 depth=0.013
[55 100/372] semantic=0.181 depth=0.012
MGDA-WARM WEIGHTS step=20200 weights=[0.4957638680934906, 0.504236102104187]
[55 125/372] semantic=0.200 depth=0.009
[55 150/372] semantic=0.171 depth=0.014
[55 175/372] semantic=0.243 depth=0.014
[55 200/372] semantic=0.172 depth=0.012
MGDA-WARM WEIGHTS step=20300 weights=[0.5035942792892456, 0.496405690908432]
[55 225/372] semantic=0.199 depth=0.011
[55 250/372] semantic=0.203 depth=0.016
[55 275/372] semantic=0.154 depth=0.017
[55 300/372] semantic=0.197 depth=0.013
MGDA-WARM WEIGHTS step=20400 weights=[0.5153326988220215, 0.4846673011779785]
[55 325/372] semantic=0.183 depth=0.011
[55 350/372] semantic=0.209 depth=0.017
[55 372/372] semantic=0.193 depth=0.013
Epoch 055: mIoU=70.673 pix=92.223 abs=0.0185 rel=67.2818 delta=49.037 wall_h=10.907
[56 1/372] semantic=0.188 depth=0.012
[56 25/372] semantic=0.212 depth=0.011
MGDA-WARM WEIGHTS step=20500 weights=[0.5045161247253418, 0.4954839050769806]
[56 50/372] semantic=0.218 depth=0.016
[56 75/372] semantic=0.213 depth=0.019
[56 100/372] semantic=0.186 depth=0.013
[56 125/372] semantic=0.186 depth=0.012
MGDA-WARM WEIGHTS step=20600 weights=[0.4971460700035095, 0.5028539299964905]
[56 150/372] semantic=0.193 depth=0.015
[56 175/372] semantic=0.184 depth=0.014
[56 200/372] semantic=0.179 depth=0.015
[56 225/372] semantic=0.237 depth=0.014
MGDA-WARM WEIGHTS step=20700 weights=[0.45650598406791687, 0.5434939861297607]
[56 250/372] semantic=0.204 depth=0.009
[56 275/372] semantic=0.163 depth=0.021
[56 300/372] semantic=0.224 depth=0.014
[56 325/372] semantic=0.173 depth=0.012
MGDA-WARM WEIGHTS step=20800 weights=[0.4865467846393585, 0.5134532451629639]
[56 350/372] semantic=0.187 depth=0.016
[56 372/372] semantic=0.233 depth=0.011
Epoch 056: mIoU=70.970 pix=92.269 abs=0.0181 rel=68.3165 delta=48.898 wall_h=11.088
[57 1/372] semantic=0.213 depth=0.011
[57 25/372] semantic=0.181 depth=0.015
[57 50/372] semantic=0.165 depth=0.016
MGDA-WARM WEIGHTS step=20900 weights=[0.4903505742549896, 0.509649395942688]
[57 75/372] semantic=0.194 depth=0.017
[57 100/372] semantic=0.200 depth=0.014
[57 125/372] semantic=0.213 depth=0.010
[57 150/372] semantic=0.187 depth=0.019
MGDA-WARM WEIGHTS step=21000 weights=[0.5042297840118408, 0.4957702159881592]
[57 175/372] semantic=0.200 depth=0.014
[57 200/372] semantic=0.217 depth=0.013
[57 225/372] semantic=0.198 depth=0.014
[57 250/372] semantic=0.215 depth=0.015
MGDA-WARM WEIGHTS step=21100 weights=[0.5012795925140381, 0.4987203776836395]
[57 275/372] semantic=0.177 depth=0.011
[57 300/372] semantic=0.232 depth=0.013
[57 325/372] semantic=0.175 depth=0.017
[57 350/372] semantic=0.220 depth=0.013
MGDA-WARM WEIGHTS step=21200 weights=[0.48662856221199036, 0.513371467590332]
[57 372/372] semantic=0.198 depth=0.016
Epoch 057: mIoU=70.692 pix=92.232 abs=0.0192 rel=71.1050 delta=53.819 wall_h=11.264
[58 1/372] semantic=0.218 depth=0.014
[58 25/372] semantic=0.228 depth=0.013
[58 50/372] semantic=0.160 depth=0.011
[58 75/372] semantic=0.177 depth=0.012
MGDA-WARM WEIGHTS step=21300 weights=[0.49429231882095337, 0.5057076811790466]
[58 100/372] semantic=0.226 depth=0.017
[58 125/372] semantic=0.173 depth=0.013
[58 150/372] semantic=0.172 depth=0.011
[58 175/372] semantic=0.131 depth=0.014
MGDA-WARM WEIGHTS step=21400 weights=[0.47968846559524536, 0.5203115344047546]
[58 200/372] semantic=0.223 depth=0.012
[58 225/372] semantic=0.232 depth=0.013
[58 250/372] semantic=0.196 depth=0.013
[58 275/372] semantic=0.212 depth=0.017
MGDA-WARM WEIGHTS step=21500 weights=[0.49044930934906006, 0.5095506906509399]
[58 300/372] semantic=0.213 depth=0.015
[58 325/372] semantic=0.172 depth=0.015
[58 350/372] semantic=0.164 depth=0.013
[58 372/372] semantic=0.220 depth=0.013
Epoch 058: mIoU=70.712 pix=92.061 abs=0.0165 rel=80.2903 delta=56.664 wall_h=11.442
[59 1/372] semantic=0.236 depth=0.013
MGDA-WARM WEIGHTS step=21600 weights=[0.5008398294448853, 0.49916014075279236]
[59 25/372] semantic=0.167 depth=0.020
[59 50/372] semantic=0.218 depth=0.013
[59 75/372] semantic=0.216 depth=0.016
[59 100/372] semantic=0.175 depth=0.014
MGDA-WARM WEIGHTS step=21700 weights=[0.4879510998725891, 0.5120489001274109]
[59 125/372] semantic=0.164 depth=0.012
[59 150/372] semantic=0.141 depth=0.012
[59 175/372] semantic=0.192 depth=0.013
[59 200/372] semantic=0.205 depth=0.011
MGDA-WARM WEIGHTS step=21800 weights=[0.490535169839859, 0.5094648599624634]
[59 225/372] semantic=0.144 depth=0.012
[59 250/372] semantic=0.138 depth=0.012
[59 275/372] semantic=0.161 depth=0.011
[59 300/372] semantic=0.183 depth=0.013
MGDA-WARM WEIGHTS step=21900 weights=[0.49702611565589905, 0.5029739141464233]
[59 325/372] semantic=0.155 depth=0.013
[59 350/372] semantic=0.209 depth=0.014
[59 372/372] semantic=0.217 depth=0.022
Epoch 059: mIoU=70.719 pix=92.261 abs=0.0214 rel=64.9661 delta=52.715 wall_h=11.620
[60 1/372] semantic=0.170 depth=0.013
[60 25/372] semantic=0.204 depth=0.012
[60 50/372] semantic=0.201 depth=0.019
MGDA-WARM WEIGHTS step=22000 weights=[0.5066854953765869, 0.49331456422805786]
[60 75/372] semantic=0.259 depth=0.021
[60 100/372] semantic=0.182 depth=0.012
[60 125/372] semantic=0.164 depth=0.014
[60 150/372] semantic=0.222 depth=0.016
MGDA-WARM WEIGHTS step=22100 weights=[0.4781343936920166, 0.5218656063079834]
[60 175/372] semantic=0.165 depth=0.016
[60 200/372] semantic=0.184 depth=0.013
[60 225/372] semantic=0.213 depth=0.013
[60 250/372] semantic=0.183 depth=0.015
MGDA-WARM WEIGHTS step=22200 weights=[0.4975329041481018, 0.5024670958518982]
[60 275/372] semantic=0.193 depth=0.017
[60 300/372] semantic=0.187 depth=0.011
[60 325/372] semantic=0.202 depth=0.017
[60 350/372] semantic=0.193 depth=0.013
MGDA-WARM WEIGHTS step=22300 weights=[0.4716438055038452, 0.5283561944961548]
[60 372/372] semantic=0.154 depth=0.012
Epoch 060: mIoU=70.722 pix=92.107 abs=0.0170 rel=72.7004 delta=50.915 wall_h=11.798
[61 1/372] semantic=0.188 depth=0.014
[61 25/372] semantic=0.221 depth=0.021
[61 50/372] semantic=0.197 depth=0.011
[61 75/372] semantic=0.190 depth=0.012
MGDA-WARM WEIGHTS step=22400 weights=[0.49995988607406616, 0.5000400543212891]
[61 100/372] semantic=0.177 depth=0.015
[61 125/372] semantic=0.163 depth=0.012
[61 150/372] semantic=0.198 depth=0.013
[61 175/372] semantic=0.208 depth=0.014
MGDA-WARM WEIGHTS step=22500 weights=[0.5072293877601624, 0.49277061223983765]
[61 200/372] semantic=0.168 depth=0.013
[61 225/372] semantic=0.214 depth=0.015
[61 250/372] semantic=0.199 depth=0.010
[61 275/372] semantic=0.161 depth=0.012
MGDA-WARM WEIGHTS step=22600 weights=[0.501115083694458, 0.498884916305542]
[61 300/372] semantic=0.240 depth=0.017
[61 325/372] semantic=0.195 depth=0.013
[61 350/372] semantic=0.207 depth=0.017
[61 372/372] semantic=0.183 depth=0.014
Epoch 061: mIoU=71.112 pix=92.389 abs=0.0180 rel=63.0005 delta=43.992 wall_h=11.975
[62 1/372] semantic=0.179 depth=0.012
MGDA-WARM WEIGHTS step=22700 weights=[0.49427780508995056, 0.505722165107727]
[62 25/372] semantic=0.237 depth=0.013
[62 50/372] semantic=0.169 depth=0.014
[62 75/372] semantic=0.184 depth=0.010
[62 100/372] semantic=0.200 depth=0.014
MGDA-WARM WEIGHTS step=22800 weights=[0.4930174946784973, 0.5069824457168579]
[62 125/372] semantic=0.230 depth=0.012
[62 150/372] semantic=0.161 depth=0.013
[62 175/372] semantic=0.185 depth=0.009
[62 200/372] semantic=0.213 depth=0.012
MGDA-WARM WEIGHTS step=22900 weights=[0.4947134852409363, 0.5052865743637085]
[62 225/372] semantic=0.185 depth=0.013
[62 250/372] semantic=0.185 depth=0.011
[62 275/372] semantic=0.176 depth=0.011
[62 300/372] semantic=0.184 depth=0.014
MGDA-WARM WEIGHTS step=23000 weights=[0.5107824206352234, 0.4892175793647766]
[62 325/372] semantic=0.170 depth=0.012
[62 350/372] semantic=0.196 depth=0.010
[62 372/372] semantic=0.171 depth=0.015
Epoch 062: mIoU=71.986 pix=92.565 abs=0.0179 rel=63.5542 delta=43.896 wall_h=12.155
[63 1/372] semantic=0.159 depth=0.011
[63 25/372] semantic=0.186 depth=0.015
MGDA-WARM WEIGHTS step=23100 weights=[0.503470242023468, 0.496529757976532]
[63 50/372] semantic=0.214 depth=0.013
[63 75/372] semantic=0.174 depth=0.012
[63 100/372] semantic=0.176 depth=0.011
[63 125/372] semantic=0.190 depth=0.010
MGDA-WARM WEIGHTS step=23200 weights=[0.5037384629249573, 0.4962615668773651]
[63 150/372] semantic=0.220 depth=0.013
[63 175/372] semantic=0.232 depth=0.014
[63 200/372] semantic=0.219 depth=0.011
[63 225/372] semantic=0.149 depth=0.012
MGDA-WARM WEIGHTS step=23300 weights=[0.512399435043335, 0.48760056495666504]
[63 250/372] semantic=0.185 depth=0.013
[63 275/372] semantic=0.207 depth=0.012
[63 300/372] semantic=0.226 depth=0.015
[63 325/372] semantic=0.203 depth=0.014
MGDA-WARM WEIGHTS step=23400 weights=[0.4971269965171814, 0.5028730034828186]
[63 350/372] semantic=0.168 depth=0.012
[63 372/372] semantic=0.165 depth=0.011
Epoch 063: mIoU=71.450 pix=92.413 abs=0.0184 rel=67.8983 delta=48.996 wall_h=12.338
[64 1/372] semantic=0.177 depth=0.011
[64 25/372] semantic=0.170 depth=0.014
[64 50/372] semantic=0.165 depth=0.012
MGDA-WARM WEIGHTS step=23500 weights=[0.5113576054573059, 0.4886423945426941]
[64 75/372] semantic=0.176 depth=0.013
[64 100/372] semantic=0.188 depth=0.009
[64 125/372] semantic=0.213 depth=0.014
[64 150/372] semantic=0.168 depth=0.016
MGDA-WARM WEIGHTS step=23600 weights=[0.48846954107284546, 0.5115303993225098]
[64 175/372] semantic=0.174 depth=0.011
[64 200/372] semantic=0.231 depth=0.014
[64 225/372] semantic=0.211 depth=0.013
[64 250/372] semantic=0.178 depth=0.014
MGDA-WARM WEIGHTS step=23700 weights=[0.4829873740673065, 0.5170125961303711]
[64 275/372] semantic=0.204 depth=0.012
[64 300/372] semantic=0.177 depth=0.010
[64 325/372] semantic=0.192 depth=0.014
[64 350/372] semantic=0.154 depth=0.012
MGDA-WARM WEIGHTS step=23800 weights=[0.48523595929145813, 0.5147640109062195]
[64 372/372] semantic=0.192 depth=0.012
Epoch 064: mIoU=71.741 pix=92.449 abs=0.0174 rel=68.4528 delta=47.386 wall_h=12.517
[65 1/372] semantic=0.199 depth=0.014
[65 25/372] semantic=0.189 depth=0.013
[65 50/372] semantic=0.169 depth=0.014
[65 75/372] semantic=0.160 depth=0.010
MGDA-WARM WEIGHTS step=23900 weights=[0.487977534532547, 0.5120224952697754]
[65 100/372] semantic=0.200 depth=0.012
[65 125/372] semantic=0.200 depth=0.012
[65 150/372] semantic=0.180 depth=0.013
[65 175/372] semantic=0.281 depth=0.015
MGDA-WARM WEIGHTS step=24000 weights=[0.4872308373451233, 0.5127691626548767]
[65 200/372] semantic=0.211 depth=0.013
[65 225/372] semantic=0.177 depth=0.013
[65 250/372] semantic=0.200 depth=0.015
[65 275/372] semantic=0.175 depth=0.015
MGDA-WARM WEIGHTS step=24100 weights=[0.46911001205444336, 0.5308899879455566]
[65 300/372] semantic=0.166 depth=0.016
[65 325/372] semantic=0.217 depth=0.010
[65 350/372] semantic=0.238 depth=0.013
[65 372/372] semantic=0.197 depth=0.014
Epoch 065: mIoU=71.611 pix=92.376 abs=0.0193 rel=67.1625 delta=50.179 wall_h=12.696
[66 1/372] semantic=0.166 depth=0.012
MGDA-WARM WEIGHTS step=24200 weights=[0.49901530146598816, 0.5009846687316895]
[66 25/372] semantic=0.182 depth=0.016
[66 50/372] semantic=0.206 depth=0.016
[66 75/372] semantic=0.175 depth=0.014
[66 100/372] semantic=0.154 depth=0.011
MGDA-WARM WEIGHTS step=24300 weights=[0.49536922574043274, 0.5046307444572449]
[66 125/372] semantic=0.137 depth=0.014
[66 150/372] semantic=0.223 depth=0.015
[66 175/372] semantic=0.164 depth=0.014
[66 200/372] semantic=0.178 depth=0.013
MGDA-WARM WEIGHTS step=24400 weights=[0.48996493220329285, 0.5100350379943848]
[66 225/372] semantic=0.138 depth=0.014
[66 250/372] semantic=0.165 depth=0.013
[66 275/372] semantic=0.207 depth=0.011
[66 300/372] semantic=0.195 depth=0.013
MGDA-WARM WEIGHTS step=24500 weights=[0.5014230012893677, 0.4985770285129547]
[66 325/372] semantic=0.169 depth=0.015
[66 350/372] semantic=0.216 depth=0.013
[66 372/372] semantic=0.206 depth=0.010
Epoch 066: mIoU=71.878 pix=92.506 abs=0.0181 rel=64.3432 delta=45.069 wall_h=12.875
[67 1/372] semantic=0.127 depth=0.014
[67 25/372] semantic=0.186 depth=0.012
MGDA-WARM WEIGHTS step=24600 weights=[0.5008343458175659, 0.4991656541824341]
[67 50/372] semantic=0.191 depth=0.015
[67 75/372] semantic=0.177 depth=0.012
[67 100/372] semantic=0.177 depth=0.015
[67 125/372] semantic=0.176 depth=0.010
MGDA-WARM WEIGHTS step=24700 weights=[0.5011242628097534, 0.4988756775856018]
[67 150/372] semantic=0.165 depth=0.014
[67 175/372] semantic=0.174 depth=0.011
[67 200/372] semantic=0.175 depth=0.012
[67 225/372] semantic=0.212 depth=0.014
MGDA-WARM WEIGHTS step=24800 weights=[0.4884965419769287, 0.5115034580230713]
[67 250/372] semantic=0.174 depth=0.011
[67 275/372] semantic=0.147 depth=0.013
[67 300/372] semantic=0.165 depth=0.011
[67 325/372] semantic=0.191 depth=0.014
MGDA-WARM WEIGHTS step=24900 weights=[0.4932175576686859, 0.5067824125289917]
[67 350/372] semantic=0.181 depth=0.010
[67 372/372] semantic=0.186 depth=0.012
Epoch 067: mIoU=71.904 pix=92.540 abs=0.0185 rel=65.6021 delta=46.858 wall_h=13.052
[68 1/372] semantic=0.167 depth=0.011
[68 25/372] semantic=0.213 depth=0.015
[68 50/372] semantic=0.195 depth=0.011
[68 75/372] semantic=0.186 depth=0.010
MGDA-WARM WEIGHTS step=25000 weights=[0.47864848375320435, 0.5213515758514404]
[68 100/372] semantic=0.135 depth=0.013
[68 125/372] semantic=0.197 depth=0.020
[68 150/372] semantic=0.162 depth=0.013
[68 175/372] semantic=0.146 depth=0.014
MGDA-WARM WEIGHTS step=25100 weights=[0.4921827018260956, 0.507817268371582]
[68 200/372] semantic=0.202 depth=0.013
[68 225/372] semantic=0.149 depth=0.011
[68 250/372] semantic=0.179 depth=0.011
[68 275/372] semantic=0.211 depth=0.010
MGDA-WARM WEIGHTS step=25200 weights=[0.4936590790748596, 0.5063409805297852]
[68 300/372] semantic=0.177 depth=0.012
[68 325/372] semantic=0.203 depth=0.015
[68 350/372] semantic=0.178 depth=0.012
[68 372/372] semantic=0.162 depth=0.012
Epoch 068: mIoU=71.546 pix=92.550 abs=0.0190 rel=58.3843 delta=41.638 wall_h=13.233
[69 1/372] semantic=0.213 depth=0.011
MGDA-WARM WEIGHTS step=25300 weights=[0.4792776107788086, 0.5207223892211914]
[69 25/372] semantic=0.154 depth=0.010
[69 50/372] semantic=0.182 depth=0.012
[69 75/372] semantic=0.176 depth=0.010
[69 100/372] semantic=0.158 depth=0.010
MGDA-WARM WEIGHTS step=25400 weights=[0.5006481409072876, 0.49935182929039]
[69 125/372] semantic=0.215 depth=0.012
[69 150/372] semantic=0.176 depth=0.013
[69 175/372] semantic=0.193 depth=0.016
[69 200/372] semantic=0.170 depth=0.012
MGDA-WARM WEIGHTS step=25500 weights=[0.49627885222435, 0.5037211179733276]
[69 225/372] semantic=0.186 depth=0.012
[69 250/372] semantic=0.224 depth=0.013
[69 275/372] semantic=0.159 depth=0.014
[69 300/372] semantic=0.204 depth=0.014
MGDA-WARM WEIGHTS step=25600 weights=[0.49046969413757324, 0.5095303058624268]
[69 325/372] semantic=0.166 depth=0.010
[69 350/372] semantic=0.175 depth=0.015
[69 372/372] semantic=0.220 depth=0.016
Epoch 069: mIoU=72.922 pix=92.718 abs=0.0199 rel=65.3587 delta=49.173 wall_h=13.412
[70 1/372] semantic=0.177 depth=0.015
[70 25/372] semantic=0.141 depth=0.011
MGDA-WARM WEIGHTS step=25700 weights=[0.49414926767349243, 0.5058507323265076]
[70 50/372] semantic=0.175 depth=0.015
[70 75/372] semantic=0.184 depth=0.012
[70 100/372] semantic=0.221 depth=0.013
[70 125/372] semantic=0.190 depth=0.011
MGDA-WARM WEIGHTS step=25800 weights=[0.456744521856308, 0.5432554483413696]
[70 150/372] semantic=0.210 depth=0.016
[70 175/372] semantic=0.187 depth=0.013
[70 200/372] semantic=0.204 depth=0.013
[70 225/372] semantic=0.203 depth=0.014
MGDA-WARM WEIGHTS step=25900 weights=[0.5266408920288086, 0.4733591377735138]
[70 250/372] semantic=0.254 depth=0.017
[70 275/372] semantic=0.187 depth=0.014
[70 300/372] semantic=0.162 depth=0.009
[70 325/372] semantic=0.200 depth=0.012
MGDA-WARM WEIGHTS step=26000 weights=[0.4851558804512024, 0.5148441195487976]
[70 350/372] semantic=0.163 depth=0.014
[70 372/372] semantic=0.204 depth=0.013
Epoch 070: mIoU=71.380 pix=92.356 abs=0.0168 rel=60.0999 delta=38.842 wall_h=13.588
[71 1/372] semantic=0.247 depth=0.013
[71 25/372] semantic=0.174 depth=0.010
[71 50/372] semantic=0.165 depth=0.009
MGDA-WARM WEIGHTS step=26100 weights=[0.5016895532608032, 0.4983104169368744]
[71 75/372] semantic=0.234 depth=0.012
[71 100/372] semantic=0.157 depth=0.013
[71 125/372] semantic=0.190 depth=0.015
[71 150/372] semantic=0.197 depth=0.016
MGDA-WARM WEIGHTS step=26200 weights=[0.48963913321495056, 0.510360836982727]
[71 175/372] semantic=0.170 depth=0.013
[71 200/372] semantic=0.215 depth=0.016
[71 225/372] semantic=0.184 depth=0.011
[71 250/372] semantic=0.167 depth=0.009
MGDA-WARM WEIGHTS step=26300 weights=[0.4547141194343567, 0.5452858805656433]
[71 275/372] semantic=0.185 depth=0.015
[71 300/372] semantic=0.214 depth=0.010
[71 325/372] semantic=0.174 depth=0.011
[71 350/372] semantic=0.203 depth=0.012
MGDA-WARM WEIGHTS step=26400 weights=[0.49628520011901855, 0.5037147998809814]
[71 372/372] semantic=0.235 depth=0.015
Epoch 071: mIoU=72.255 pix=92.696 abs=0.0191 rel=63.9962 delta=46.588 wall_h=13.763
[72 1/372] semantic=0.179 depth=0.010
[72 25/372] semantic=0.202 depth=0.015
[72 50/372] semantic=0.184 depth=0.011
[72 75/372] semantic=0.194 depth=0.012
MGDA-WARM WEIGHTS step=26500 weights=[0.5003625154495239, 0.4996374845504761]
[72 100/372] semantic=0.223 depth=0.012
[72 125/372] semantic=0.210 depth=0.014
[72 150/372] semantic=0.198 depth=0.011
[72 175/372] semantic=0.172 depth=0.011
MGDA-WARM WEIGHTS step=26600 weights=[0.4951660931110382, 0.5048338770866394]
[72 200/372] semantic=0.211 depth=0.014
[72 225/372] semantic=0.179 depth=0.011
[72 250/372] semantic=0.151 depth=0.013
[72 275/372] semantic=0.198 depth=0.016
MGDA-WARM WEIGHTS step=26700 weights=[0.5007476210594177, 0.4992523789405823]
[72 300/372] semantic=0.173 depth=0.012
[72 325/372] semantic=0.232 depth=0.013
[72 350/372] semantic=0.198 depth=0.018
[72 372/372] semantic=0.154 depth=0.010
Epoch 072: mIoU=72.593 pix=92.814 abs=0.0163 rel=70.2189 delta=46.367 wall_h=13.943
[73 1/372] semantic=0.201 depth=0.012
MGDA-WARM WEIGHTS step=26800 weights=[0.49815890192985535, 0.501841127872467]
[73 25/372] semantic=0.192 depth=0.013
[73 50/372] semantic=0.197 depth=0.013
[73 75/372] semantic=0.151 depth=0.014
[73 100/372] semantic=0.161 depth=0.011
MGDA-WARM WEIGHTS step=26900 weights=[0.512603759765625, 0.4873962104320526]
[73 125/372] semantic=0.173 depth=0.010
[73 150/372] semantic=0.154 depth=0.011
[73 175/372] semantic=0.177 depth=0.013
[73 200/372] semantic=0.170 depth=0.011
MGDA-WARM WEIGHTS step=27000 weights=[0.4936802387237549, 0.5063197612762451]
[73 225/372] semantic=0.170 depth=0.010
[73 250/372] semantic=0.179 depth=0.013
[73 275/372] semantic=0.192 depth=0.010
[73 300/372] semantic=0.144 depth=0.011
MGDA-WARM WEIGHTS step=27100 weights=[0.49952593445777893, 0.5004740953445435]
[73 325/372] semantic=0.215 depth=0.013
[73 350/372] semantic=0.185 depth=0.012
[73 372/372] semantic=0.127 depth=0.016
Epoch 073: mIoU=72.158 pix=92.720 abs=0.0213 rel=58.2136 delta=45.684 wall_h=14.118
[74 1/372] semantic=0.186 depth=0.013
[74 25/372] semantic=0.159 depth=0.011
MGDA-WARM WEIGHTS step=27200 weights=[0.4967869818210602, 0.5032129883766174]
[74 50/372] semantic=0.142 depth=0.010
[74 75/372] semantic=0.179 depth=0.012
[74 100/372] semantic=0.166 depth=0.010
[74 125/372] semantic=0.133 depth=0.009
MGDA-WARM WEIGHTS step=27300 weights=[0.5078532695770264, 0.492146760225296]
[74 150/372] semantic=0.195 depth=0.015
[74 175/372] semantic=0.141 depth=0.017
[74 200/372] semantic=0.159 depth=0.011
[74 225/372] semantic=0.180 depth=0.012
MGDA-WARM WEIGHTS step=27400 weights=[0.495702862739563, 0.504297137260437]
[74 250/372] semantic=0.212 depth=0.017
[74 275/372] semantic=0.205 depth=0.012
[74 300/372] semantic=0.169 depth=0.009
[74 325/372] semantic=0.172 depth=0.014
MGDA-WARM WEIGHTS step=27500 weights=[0.5060246586799622, 0.49397537112236023]
[74 350/372] semantic=0.164 depth=0.015
[74 372/372] semantic=0.165 depth=0.012
Epoch 074: mIoU=71.750 pix=92.333 abs=0.0160 rel=63.1168 delta=39.876 wall_h=14.293
[75 1/372] semantic=0.224 depth=0.010
[75 25/372] semantic=0.171 depth=0.012
[75 50/372] semantic=0.161 depth=0.009
MGDA-WARM WEIGHTS step=27600 weights=[0.5122013688087463, 0.4877986013889313]
[75 75/372] semantic=0.174 depth=0.011
[75 100/372] semantic=0.172 depth=0.016
[75 125/372] semantic=0.183 depth=0.012
[75 150/372] semantic=0.193 depth=0.010
MGDA-WARM WEIGHTS step=27700 weights=[0.501807451248169, 0.49819254875183105]
[75 175/372] semantic=0.141 depth=0.013
[75 200/372] semantic=0.162 depth=0.012
[75 225/372] semantic=0.150 depth=0.015
[75 250/372] semantic=0.135 depth=0.014
MGDA-WARM WEIGHTS step=27800 weights=[0.5053850412368774, 0.49461498856544495]
[75 275/372] semantic=0.173 depth=0.013
[75 300/372] semantic=0.194 depth=0.013
[75 325/372] semantic=0.156 depth=0.011
[75 350/372] semantic=0.242 depth=0.018
MGDA-WARM WEIGHTS step=27900 weights=[0.49216440320014954, 0.5078356266021729]
[75 372/372] semantic=0.177 depth=0.011
Epoch 075: mIoU=72.666 pix=92.588 abs=0.0157 rel=59.9054 delta=35.963 wall_h=14.469
[76 1/372] semantic=0.162 depth=0.010
[76 25/372] semantic=0.163 depth=0.012
[76 50/372] semantic=0.175 depth=0.011
[76 75/372] semantic=0.215 depth=0.011
MGDA-WARM WEIGHTS step=28000 weights=[0.49840694665908813, 0.5015930533409119]
[76 100/372] semantic=0.142 depth=0.014
[76 125/372] semantic=0.159 depth=0.013
[76 150/372] semantic=0.228 depth=0.013
[76 175/372] semantic=0.147 depth=0.009
MGDA-WARM WEIGHTS step=28100 weights=[0.5036189556121826, 0.4963810443878174]
[76 200/372] semantic=0.178 depth=0.014
[76 225/372] semantic=0.187 depth=0.011
[76 250/372] semantic=0.143 depth=0.014
[76 275/372] semantic=0.163 depth=0.009
MGDA-WARM WEIGHTS step=28200 weights=[0.4995670020580292, 0.5004329681396484]
[76 300/372] semantic=0.145 depth=0.011
[76 325/372] semantic=0.126 depth=0.010
[76 350/372] semantic=0.154 depth=0.010
[76 372/372] semantic=0.192 depth=0.009
Epoch 076: mIoU=72.251 pix=92.638 abs=0.0180 rel=58.9757 delta=39.911 wall_h=14.644
[77 1/372] semantic=0.185 depth=0.012
[77 25/372] semantic=0.178 depth=0.012
MGDA-WARM WEIGHTS step=28300 weights=[0.5032488107681274, 0.49675118923187256]
[77 50/372] semantic=0.167 depth=0.012
[77 75/372] semantic=0.177 depth=0.014
[77 100/372] semantic=0.165 depth=0.010
[77 125/372] semantic=0.153 depth=0.011
MGDA-WARM WEIGHTS step=28400 weights=[0.500043511390686, 0.49995648860931396]
[77 150/372] semantic=0.178 depth=0.010
[77 175/372] semantic=0.209 depth=0.010
[77 200/372] semantic=0.155 depth=0.010
[77 225/372] semantic=0.185 depth=0.014
MGDA-WARM WEIGHTS step=28500 weights=[0.5004651546478271, 0.4995347857475281]
[77 250/372] semantic=0.185 depth=0.010
[77 275/372] semantic=0.192 depth=0.013
[77 300/372] semantic=0.228 depth=0.017
[77 325/372] semantic=0.188 depth=0.019
MGDA-WARM WEIGHTS step=28600 weights=[0.43969637155532837, 0.5603036284446716]
[77 350/372] semantic=0.244 depth=0.013
[77 372/372] semantic=0.211 depth=0.013
Epoch 077: mIoU=71.857 pix=92.337 abs=0.0173 rel=72.3289 delta=50.655 wall_h=14.821
[78 1/372] semantic=0.148 depth=0.014
[78 25/372] semantic=0.166 depth=0.013
[78 50/372] semantic=0.153 depth=0.013
MGDA-WARM WEIGHTS step=28700 weights=[0.49536871910095215, 0.5046312808990479]
[78 75/372] semantic=0.185 depth=0.011
[78 100/372] semantic=0.160 depth=0.011
[78 125/372] semantic=0.169 depth=0.012
[78 150/372] semantic=0.135 depth=0.010
MGDA-WARM WEIGHTS step=28800 weights=[0.49511775374412537, 0.5048822164535522]
[78 175/372] semantic=0.176 depth=0.011
[78 200/372] semantic=0.195 depth=0.010
[78 225/372] semantic=0.181 depth=0.016
[78 250/372] semantic=0.185 depth=0.012
MGDA-WARM WEIGHTS step=28900 weights=[0.4899556338787079, 0.5100443363189697]
[78 275/372] semantic=0.170 depth=0.014
[78 300/372] semantic=0.157 depth=0.014
[78 325/372] semantic=0.192 depth=0.013
[78 350/372] semantic=0.176 depth=0.012
MGDA-WARM WEIGHTS step=29000 weights=[0.4965193271636963, 0.5034806728363037]
[78 372/372] semantic=0.189 depth=0.015
Epoch 078: mIoU=72.835 pix=92.904 abs=0.0188 rel=61.8694 delta=43.741 wall_h=14.998
[79 1/372] semantic=0.183 depth=0.016
[79 25/372] semantic=0.139 depth=0.010
[79 50/372] semantic=0.173 depth=0.014
[79 75/372] semantic=0.215 depth=0.010
MGDA-WARM WEIGHTS step=29100 weights=[0.4914498031139374, 0.5085501670837402]
[79 100/372] semantic=0.175 depth=0.010
[79 125/372] semantic=0.160 depth=0.012
[79 150/372] semantic=0.131 depth=0.017
[79 175/372] semantic=0.154 depth=0.009
MGDA-WARM WEIGHTS step=29200 weights=[0.5085562467575073, 0.4914437234401703]
[79 200/372] semantic=0.187 depth=0.015
[79 225/372] semantic=0.172 depth=0.013
[79 250/372] semantic=0.178 depth=0.011
[79 275/372] semantic=0.162 depth=0.013
MGDA-WARM WEIGHTS step=29300 weights=[0.49277904629707336, 0.507220983505249]
[79 300/372] semantic=0.193 depth=0.012
[79 325/372] semantic=0.148 depth=0.012
[79 350/372] semantic=0.205 depth=0.012
[79 372/372] semantic=0.157 depth=0.011
Epoch 079: mIoU=72.831 pix=92.900 abs=0.0158 rel=64.6760 delta=40.277 wall_h=15.176
[80 1/372] semantic=0.163 depth=0.011
MGDA-WARM WEIGHTS step=29400 weights=[0.49798405170440674, 0.5020159482955933]
[80 25/372] semantic=0.170 depth=0.012
[80 50/372] semantic=0.152 depth=0.011
[80 75/372] semantic=0.216 depth=0.009
[80 100/372] semantic=0.262 depth=0.012
MGDA-WARM WEIGHTS step=29500 weights=[0.4937998056411743, 0.5062001943588257]
[80 125/372] semantic=0.134 depth=0.016
[80 150/372] semantic=0.206 depth=0.011
[80 175/372] semantic=0.203 depth=0.012
[80 200/372] semantic=0.188 depth=0.014
MGDA-WARM WEIGHTS step=29600 weights=[0.5020744204521179, 0.4979255795478821]
[80 225/372] semantic=0.171 depth=0.011
[80 250/372] semantic=0.142 depth=0.009
[80 275/372] semantic=0.139 depth=0.012
[80 300/372] semantic=0.161 depth=0.014
MGDA-WARM WEIGHTS step=29700 weights=[0.5036911964416504, 0.4963087737560272]
[80 325/372] semantic=0.182 depth=0.011
[80 350/372] semantic=0.157 depth=0.016
[80 372/372] semantic=0.184 depth=0.017
Epoch 080: mIoU=73.008 pix=92.980 abs=0.0191 rel=58.7312 delta=41.393 wall_h=15.359
[81 1/372] semantic=0.159 depth=0.013
[81 25/372] semantic=0.199 depth=0.011
MGDA-WARM WEIGHTS step=29800 weights=[0.5056021213531494, 0.494397908449173]
[81 50/372] semantic=0.151 depth=0.010
[81 75/372] semantic=0.224 depth=0.014
[81 100/372] semantic=0.162 depth=0.015
[81 125/372] semantic=0.166 depth=0.012
MGDA-WARM WEIGHTS step=29900 weights=[0.44520142674446106, 0.5547986030578613]
[81 150/372] semantic=0.186 depth=0.011
[81 175/372] semantic=0.225 depth=0.013
[81 200/372] semantic=0.158 depth=0.013
[81 225/372] semantic=0.172 depth=0.012
MGDA-WARM WEIGHTS step=30000 weights=[0.49320128560066223, 0.5067987442016602]
[81 250/372] semantic=0.158 depth=0.015
[81 275/372] semantic=0.154 depth=0.017
[81 300/372] semantic=0.176 depth=0.011
[81 325/372] semantic=0.184 depth=0.011
MGDA-WARM WEIGHTS step=30100 weights=[0.5007864236831665, 0.4992135763168335]
[81 350/372] semantic=0.204 depth=0.010
[81 372/372] semantic=0.205 depth=0.012
Epoch 081: mIoU=72.968 pix=92.761 abs=0.0156 rel=64.6718 delta=39.866 wall_h=15.541
[82 1/372] semantic=0.144 depth=0.014
[82 25/372] semantic=0.189 depth=0.010
[82 50/372] semantic=0.275 depth=0.013
MGDA-WARM WEIGHTS step=30200 weights=[0.483781635761261, 0.516218364238739]
[82 75/372] semantic=0.166 depth=0.013
[82 100/372] semantic=0.151 depth=0.017
[82 125/372] semantic=0.151 depth=0.016
[82 150/372] semantic=0.182 depth=0.013
MGDA-WARM WEIGHTS step=30300 weights=[0.4892672598361969, 0.5107327699661255]
[82 175/372] semantic=0.190 depth=0.009
[82 200/372] semantic=0.153 depth=0.015
[82 225/372] semantic=0.173 depth=0.012
[82 250/372] semantic=0.197 depth=0.011
MGDA-WARM WEIGHTS step=30400 weights=[0.5041390657424927, 0.49586090445518494]
[82 275/372] semantic=0.194 depth=0.011
[82 300/372] semantic=0.171 depth=0.013
[82 325/372] semantic=0.175 depth=0.011
[82 350/372] semantic=0.213 depth=0.012
MGDA-WARM WEIGHTS step=30500 weights=[0.4870344400405884, 0.5129655599594116]
[82 372/372] semantic=0.153 depth=0.009
Epoch 082: mIoU=72.999 pix=92.855 abs=0.0187 rel=60.6061 delta=42.312 wall_h=15.723
[83 1/372] semantic=0.183 depth=0.012
[83 25/372] semantic=0.127 depth=0.010
[83 50/372] semantic=0.183 depth=0.010
[83 75/372] semantic=0.151 depth=0.013
MGDA-WARM WEIGHTS step=30600 weights=[0.4962119162082672, 0.5037881135940552]
[83 100/372] semantic=0.179 depth=0.010
[83 125/372] semantic=0.201 depth=0.014
[83 150/372] semantic=0.218 depth=0.011
[83 175/372] semantic=0.189 depth=0.014
MGDA-WARM WEIGHTS step=30700 weights=[0.5001059770584106, 0.49989399313926697]
[83 200/372] semantic=0.179 depth=0.013
[83 225/372] semantic=0.167 depth=0.010
[83 250/372] semantic=0.152 depth=0.010
[83 275/372] semantic=0.145 depth=0.011
MGDA-WARM WEIGHTS step=30800 weights=[0.5032390356063843, 0.49676093459129333]
[83 300/372] semantic=0.167 depth=0.015
[83 325/372] semantic=0.157 depth=0.013
[83 350/372] semantic=0.192 depth=0.011
[83 372/372] semantic=0.186 depth=0.012
Epoch 083: mIoU=72.178 pix=92.680 abs=0.0166 rel=62.0771 delta=39.815 wall_h=15.906
[84 1/372] semantic=0.174 depth=0.013
MGDA-WARM WEIGHTS step=30900 weights=[0.49419859051704407, 0.5058014392852783]
[84 25/372] semantic=0.181 depth=0.010
[84 50/372] semantic=0.179 depth=0.011
[84 75/372] semantic=0.156 depth=0.014
[84 100/372] semantic=0.184 depth=0.012
MGDA-WARM WEIGHTS step=31000 weights=[0.5053483247756958, 0.4946516752243042]
[84 125/372] semantic=0.172 depth=0.011
[84 150/372] semantic=0.154 depth=0.012
[84 175/372] semantic=0.188 depth=0.013
[84 200/372] semantic=0.144 depth=0.014
MGDA-WARM WEIGHTS step=31100 weights=[0.5057262182235718, 0.4942737817764282]
[84 225/372] semantic=0.122 depth=0.012
[84 250/372] semantic=0.253 depth=0.011
[84 275/372] semantic=0.164 depth=0.012
[84 300/372] semantic=0.150 depth=0.016
MGDA-WARM WEIGHTS step=31200 weights=[0.49014583230018616, 0.5098541378974915]
[84 325/372] semantic=0.181 depth=0.012
[84 350/372] semantic=0.245 depth=0.012
[84 372/372] semantic=0.167 depth=0.009
Epoch 084: mIoU=73.199 pix=92.958 abs=0.0160 rel=63.6857 delta=39.575 wall_h=16.088
[85 1/372] semantic=0.174 depth=0.010
[85 25/372] semantic=0.157 depth=0.009
[85 50/372] semantic=0.144 depth=0.012
MGDA-WARM WEIGHTS step=31300 weights=[0.48884785175323486, 0.5111521482467651]
[85 75/372] semantic=0.188 depth=0.008
[85 100/372] semantic=0.181 depth=0.015
[85 125/372] semantic=0.169 depth=0.011
[85 150/372] semantic=0.152 depth=0.012
MGDA-WARM WEIGHTS step=31400 weights=[0.4902266263961792, 0.5097733736038208]
[85 175/372] semantic=0.169 depth=0.012
[85 200/372] semantic=0.148 depth=0.010
[85 225/372] semantic=0.205 depth=0.015
[85 250/372] semantic=0.147 depth=0.011
MGDA-WARM WEIGHTS step=31500 weights=[0.4996563494205475, 0.5003436803817749]
[85 275/372] semantic=0.185 depth=0.010
[85 300/372] semantic=0.156 depth=0.012
[85 325/372] semantic=0.175 depth=0.011
[85 350/372] semantic=0.178 depth=0.012
MGDA-WARM WEIGHTS step=31600 weights=[0.49542078375816345, 0.5045791864395142]
[85 372/372] semantic=0.190 depth=0.011
Epoch 085: mIoU=73.148 pix=92.832 abs=0.0190 rel=62.3363 delta=44.423 wall_h=16.265
[86 1/372] semantic=0.188 depth=0.011
[86 25/372] semantic=0.203 depth=0.012
[86 50/372] semantic=0.145 depth=0.010
[86 75/372] semantic=0.148 depth=0.011
MGDA-WARM WEIGHTS step=31700 weights=[0.4771873652935028, 0.5228126049041748]
[86 100/372] semantic=0.177 depth=0.010
[86 125/372] semantic=0.152 depth=0.011
[86 150/372] semantic=0.221 depth=0.013
[86 175/372] semantic=0.188 depth=0.011
MGDA-WARM WEIGHTS step=31800 weights=[0.4975582957267761, 0.5024417042732239]
[86 200/372] semantic=0.190 depth=0.014
[86 225/372] semantic=0.198 depth=0.008
[86 250/372] semantic=0.186 depth=0.009
[86 275/372] semantic=0.200 depth=0.010
MGDA-WARM WEIGHTS step=31900 weights=[0.4984372556209564, 0.5015627145767212]
[86 300/372] semantic=0.164 depth=0.010
[86 325/372] semantic=0.133 depth=0.012
[86 350/372] semantic=0.176 depth=0.013
[86 372/372] semantic=0.196 depth=0.013
Epoch 086: mIoU=73.419 pix=92.968 abs=0.0201 rel=54.6451 delta=39.574 wall_h=16.442
[87 1/372] semantic=0.158 depth=0.010
MGDA-WARM WEIGHTS step=32000 weights=[0.48092415928840637, 0.5190758109092712]
[87 25/372] semantic=0.123 depth=0.008
[87 50/372] semantic=0.161 depth=0.016
[87 75/372] semantic=0.142 depth=0.013
[87 100/372] semantic=0.195 depth=0.013
MGDA-WARM WEIGHTS step=32100 weights=[0.49937525391578674, 0.5006247758865356]
[87 125/372] semantic=0.197 depth=0.013
[87 150/372] semantic=0.182 depth=0.013
[87 175/372] semantic=0.155 depth=0.011
[87 200/372] semantic=0.149 depth=0.012
MGDA-WARM WEIGHTS step=32200 weights=[0.5048125982284546, 0.4951874017715454]
[87 225/372] semantic=0.149 depth=0.012
[87 250/372] semantic=0.176 depth=0.012
[87 275/372] semantic=0.147 depth=0.008
[87 300/372] semantic=0.180 depth=0.012
MGDA-WARM WEIGHTS step=32300 weights=[0.4968847334384918, 0.5031152963638306]
[87 325/372] semantic=0.185 depth=0.011
[87 350/372] semantic=0.108 depth=0.013
[87 372/372] semantic=0.172 depth=0.009
Epoch 087: mIoU=72.910 pix=92.587 abs=0.0174 rel=60.0497 delta=39.430 wall_h=16.629
[88 1/372] semantic=0.198 depth=0.011
[88 25/372] semantic=0.173 depth=0.011
MGDA-WARM WEIGHTS step=32400 weights=[0.4931863248348236, 0.506813645362854]
[88 50/372] semantic=0.187 depth=0.009
[88 75/372] semantic=0.152 depth=0.010
[88 100/372] semantic=0.169 depth=0.011
[88 125/372] semantic=0.127 depth=0.015
MGDA-WARM WEIGHTS step=32500 weights=[0.494280606508255, 0.5057193636894226]
[88 150/372] semantic=0.164 depth=0.011
[88 175/372] semantic=0.171 depth=0.012
[88 200/372] semantic=0.149 depth=0.011
[88 225/372] semantic=0.194 depth=0.012
MGDA-WARM WEIGHTS step=32600 weights=[0.4923205077648163, 0.5076794624328613]
[88 250/372] semantic=0.191 depth=0.012
[88 275/372] semantic=0.131 depth=0.015
[88 300/372] semantic=0.153 depth=0.010
[88 325/372] semantic=0.150 depth=0.011
MGDA-WARM WEIGHTS step=32700 weights=[0.4841659665107727, 0.5158340334892273]
[88 350/372] semantic=0.181 depth=0.014
[88 372/372] semantic=0.152 depth=0.009
Epoch 088: mIoU=72.995 pix=92.679 abs=0.0192 rel=60.1672 delta=42.984 wall_h=16.821
[89 1/372] semantic=0.182 depth=0.011
[89 25/372] semantic=0.152 depth=0.012
[89 50/372] semantic=0.213 depth=0.013
MGDA-WARM WEIGHTS step=32800 weights=[0.47811731696128845, 0.5218826532363892]
[89 75/372] semantic=0.156 depth=0.013
[89 100/372] semantic=0.160 depth=0.011
[89 125/372] semantic=0.152 depth=0.010
[89 150/372] semantic=0.186 depth=0.013
MGDA-WARM WEIGHTS step=32900 weights=[0.49033409357070923, 0.5096659064292908]
[89 175/372] semantic=0.145 depth=0.011
[89 200/372] semantic=0.158 depth=0.012
[89 225/372] semantic=0.179 depth=0.011
[89 250/372] semantic=0.249 depth=0.009
MGDA-WARM WEIGHTS step=33000 weights=[0.48935261368751526, 0.5106473565101624]
[89 275/372] semantic=0.127 depth=0.013
[89 300/372] semantic=0.177 depth=0.010
[89 325/372] semantic=0.172 depth=0.016
[89 350/372] semantic=0.138 depth=0.011
MGDA-WARM WEIGHTS step=33100 weights=[0.43257492780685425, 0.5674250721931458]
[89 372/372] semantic=0.167 depth=0.009
Epoch 089: mIoU=73.755 pix=93.001 abs=0.0222 rel=51.6122 delta=41.030 wall_h=17.009
[90 1/372] semantic=0.150 depth=0.014
[90 25/372] semantic=0.139 depth=0.013
[90 50/372] semantic=0.177 depth=0.013
[90 75/372] semantic=0.182 depth=0.008
MGDA-WARM WEIGHTS step=33200 weights=[0.49687817692756653, 0.5031218528747559]
[90 100/372] semantic=0.175 depth=0.012
[90 125/372] semantic=0.154 depth=0.012
[90 150/372] semantic=0.155 depth=0.012
[90 175/372] semantic=0.153 depth=0.010
MGDA-WARM WEIGHTS step=33300 weights=[0.49421560764312744, 0.5057843923568726]
[90 200/372] semantic=0.180 depth=0.013
[90 225/372] semantic=0.159 depth=0.013
[90 250/372] semantic=0.185 depth=0.014
[90 275/372] semantic=0.161 depth=0.011
MGDA-WARM WEIGHTS step=33400 weights=[0.49707841873168945, 0.5029215812683105]
[90 300/372] semantic=0.133 depth=0.011
[90 325/372] semantic=0.149 depth=0.011
[90 350/372] semantic=0.135 depth=0.010
[90 372/372] semantic=0.143 depth=0.011
Epoch 090: mIoU=73.188 pix=92.964 abs=0.0168 rel=60.2159 delta=38.214 wall_h=17.195
[91 1/372] semantic=0.183 depth=0.012
MGDA-WARM WEIGHTS step=33500 weights=[0.4998774826526642, 0.5001225471496582]
[91 25/372] semantic=0.123 depth=0.012
[91 50/372] semantic=0.170 depth=0.010
[91 75/372] semantic=0.148 depth=0.011
[91 100/372] semantic=0.137 depth=0.012
MGDA-WARM WEIGHTS step=33600 weights=[0.49718424677848816, 0.5028157830238342]
[91 125/372] semantic=0.150 depth=0.012
[91 150/372] semantic=0.188 depth=0.009
[91 175/372] semantic=0.177 depth=0.013
[91 200/372] semantic=0.181 depth=0.011
MGDA-WARM WEIGHTS step=33700 weights=[0.49768534302711487, 0.5023146867752075]
[91 225/372] semantic=0.184 depth=0.010
[91 250/372] semantic=0.162 depth=0.013
[91 275/372] semantic=0.156 depth=0.011
[91 300/372] semantic=0.179 depth=0.012
MGDA-WARM WEIGHTS step=33800 weights=[0.5026851296424866, 0.4973148703575134]
[91 325/372] semantic=0.147 depth=0.015
[91 350/372] semantic=0.155 depth=0.012
[91 372/372] semantic=0.163 depth=0.011
Epoch 091: mIoU=72.679 pix=92.719 abs=0.0165 rel=70.6927 delta=47.249 wall_h=17.380
[92 1/372] semantic=0.197 depth=0.011
[92 25/372] semantic=0.185 depth=0.009
MGDA-WARM WEIGHTS step=33900 weights=[0.4905014634132385, 0.5094985365867615]
[92 50/372] semantic=0.143 depth=0.012
[92 75/372] semantic=0.207 depth=0.013
[92 100/372] semantic=0.151 depth=0.012
[92 125/372] semantic=0.151 depth=0.011
MGDA-WARM WEIGHTS step=34000 weights=[0.5020914673805237, 0.4979085624217987]
[92 150/372] semantic=0.189 depth=0.011
[92 175/372] semantic=0.164 depth=0.012
[92 200/372] semantic=0.164 depth=0.012
[92 225/372] semantic=0.192 depth=0.009
MGDA-WARM WEIGHTS step=34100 weights=[0.4881040155887604, 0.511896014213562]
[92 250/372] semantic=0.148 depth=0.012
[92 275/372] semantic=0.203 depth=0.015
[92 300/372] semantic=0.111 depth=0.013
[92 325/372] semantic=0.185 depth=0.009
MGDA-WARM WEIGHTS step=34200 weights=[0.4952569007873535, 0.5047430992126465]
[92 350/372] semantic=0.184 depth=0.013
[92 372/372] semantic=0.145 depth=0.014
Epoch 092: mIoU=73.241 pix=92.841 abs=0.0166 rel=61.6176 delta=39.096 wall_h=17.685
[93 1/372] semantic=0.158 depth=0.010
[93 25/372] semantic=0.165 depth=0.013
[93 50/372] semantic=0.145 depth=0.011
[93 75/372] semantic=0.128 depth=0.011
MGDA-WARM WEIGHTS step=34300 weights=[0.4978729486465454, 0.5021270513534546]
[93 100/372] semantic=0.167 depth=0.010
[93 125/372] semantic=0.144 depth=0.012
[93 150/372] semantic=0.156 depth=0.011
[93 175/372] semantic=0.182 depth=0.017
MGDA-WARM WEIGHTS step=34400 weights=[0.49256113171577454, 0.5074388980865479]
[93 200/372] semantic=0.131 depth=0.011
[93 225/372] semantic=0.203 depth=0.016
[93 250/372] semantic=0.171 depth=0.009
[93 275/372] semantic=0.122 depth=0.012
MGDA-WARM WEIGHTS step=34500 weights=[0.4976443648338318, 0.5023555755615234]
[93 300/372] semantic=0.208 depth=0.013
[93 325/372] semantic=0.172 depth=0.012
[93 350/372] semantic=0.195 depth=0.015
[93 372/372] semantic=0.146 depth=0.012
Epoch 093: mIoU=73.272 pix=93.071 abs=0.0163 rel=55.6550 delta=32.936 wall_h=17.866
[94 1/372] semantic=0.208 depth=0.014
MGDA-WARM WEIGHTS step=34600 weights=[0.5050023794174194, 0.49499765038490295]
[94 25/372] semantic=0.217 depth=0.013
[94 50/372] semantic=0.170 depth=0.008
[94 75/372] semantic=0.154 depth=0.014
[94 100/372] semantic=0.139 depth=0.009
MGDA-WARM WEIGHTS step=34700 weights=[0.4960505962371826, 0.5039494037628174]
[94 125/372] semantic=0.113 depth=0.011
[94 150/372] semantic=0.180 depth=0.012
[94 175/372] semantic=0.172 depth=0.012
[94 200/372] semantic=0.140 depth=0.010
MGDA-WARM WEIGHTS step=34800 weights=[0.49867188930511475, 0.5013281106948853]
[94 225/372] semantic=0.198 depth=0.011
[94 250/372] semantic=0.183 depth=0.010
[94 275/372] semantic=0.191 depth=0.013
[94 300/372] semantic=0.182 depth=0.013
MGDA-WARM WEIGHTS step=34900 weights=[0.46086692810058594, 0.5391330718994141]
[94 325/372] semantic=0.191 depth=0.009
[94 350/372] semantic=0.138 depth=0.020
[94 372/372] semantic=0.196 depth=0.014
Epoch 094: mIoU=73.291 pix=92.804 abs=0.0161 rel=73.0655 delta=48.300 wall_h=18.046
[95 1/372] semantic=0.152 depth=0.011
[95 25/372] semantic=0.214 depth=0.010
MGDA-WARM WEIGHTS step=35000 weights=[0.49647414684295654, 0.5035258531570435]
[95 50/372] semantic=0.212 depth=0.010
[95 75/372] semantic=0.135 depth=0.009
[95 100/372] semantic=0.183 depth=0.012
[95 125/372] semantic=0.170 depth=0.010
MGDA-WARM WEIGHTS step=35100 weights=[0.5052183866500854, 0.49478158354759216]
[95 150/372] semantic=0.174 depth=0.012
[95 175/372] semantic=0.187 depth=0.010
[95 200/372] semantic=0.158 depth=0.012
[95 225/372] semantic=0.183 depth=0.010
MGDA-WARM WEIGHTS step=35200 weights=[0.501211404800415, 0.49878865480422974]
[95 250/372] semantic=0.200 depth=0.011
[95 275/372] semantic=0.150 depth=0.009
[95 300/372] semantic=0.204 depth=0.011
[95 325/372] semantic=0.183 depth=0.012
MGDA-WARM WEIGHTS step=35300 weights=[0.4968349039554596, 0.5031651258468628]
[95 350/372] semantic=0.178 depth=0.008
[95 372/372] semantic=0.180 depth=0.011
Epoch 095: mIoU=72.544 pix=92.843 abs=0.0165 rel=56.8731 delta=34.877 wall_h=18.225
[96 1/372] semantic=0.224 depth=0.013
[96 25/372] semantic=0.171 depth=0.012
[96 50/372] semantic=0.141 depth=0.013
MGDA-WARM WEIGHTS step=35400 weights=[0.49815553426742554, 0.5018444657325745]
[96 75/372] semantic=0.148 depth=0.012
[96 100/372] semantic=0.175 depth=0.014
[96 125/372] semantic=0.177 depth=0.015
[96 150/372] semantic=0.127 depth=0.009
MGDA-WARM WEIGHTS step=35500 weights=[0.4995797276496887, 0.5004202127456665]
[96 175/372] semantic=0.154 depth=0.009
[96 200/372] semantic=0.167 depth=0.011
[96 225/372] semantic=0.171 depth=0.016
[96 250/372] semantic=0.148 depth=0.012
MGDA-WARM WEIGHTS step=35600 weights=[0.4941585063934326, 0.5058414936065674]
[96 275/372] semantic=0.164 depth=0.012
[96 300/372] semantic=0.154 depth=0.011
[96 325/372] semantic=0.122 depth=0.013
[96 350/372] semantic=0.131 depth=0.009
MGDA-WARM WEIGHTS step=35700 weights=[0.5001204013824463, 0.4998795986175537]
[96 372/372] semantic=0.163 depth=0.010
Epoch 096: mIoU=73.512 pix=92.956 abs=0.0170 rel=53.0287 delta=32.062 wall_h=18.407
[97 1/372] semantic=0.144 depth=0.014
[97 25/372] semantic=0.179 depth=0.010
[97 50/372] semantic=0.164 depth=0.012
[97 75/372] semantic=0.165 depth=0.010
MGDA-WARM WEIGHTS step=35800 weights=[0.49668267369270325, 0.5033173561096191]
[97 100/372] semantic=0.155 depth=0.009
[97 125/372] semantic=0.160 depth=0.012
[97 150/372] semantic=0.166 depth=0.014
[97 175/372] semantic=0.185 depth=0.010
MGDA-WARM WEIGHTS step=35900 weights=[0.49401694536209106, 0.5059830546379089]
[97 200/372] semantic=0.173 depth=0.012
[97 225/372] semantic=0.184 depth=0.010
[97 250/372] semantic=0.156 depth=0.010
[97 275/372] semantic=0.159 depth=0.011
MGDA-WARM WEIGHTS step=36000 weights=[0.3084828555583954, 0.691517174243927]
[97 300/372] semantic=0.210 depth=0.011
[97 325/372] semantic=0.138 depth=0.015
[97 350/372] semantic=0.132 depth=0.012
[97 372/372] semantic=0.150 depth=0.012
Epoch 097: mIoU=73.269 pix=93.019 abs=0.0160 rel=62.7003 delta=38.785 wall_h=18.593
[98 1/372] semantic=0.153 depth=0.009
MGDA-WARM WEIGHTS step=36100 weights=[0.502150297164917, 0.4978497624397278]
[98 25/372] semantic=0.174 depth=0.011
[98 50/372] semantic=0.153 depth=0.013
[98 75/372] semantic=0.119 depth=0.013
[98 100/372] semantic=0.298 depth=0.011
MGDA-WARM WEIGHTS step=36200 weights=[0.501395046710968, 0.498604953289032]
[98 125/372] semantic=0.157 depth=0.013
[98 150/372] semantic=0.117 depth=0.013
[98 175/372] semantic=0.166 depth=0.010
[98 200/372] semantic=0.165 depth=0.009
MGDA-WARM WEIGHTS step=36300 weights=[0.5011279582977295, 0.4988720118999481]
[98 225/372] semantic=0.163 depth=0.010
[98 250/372] semantic=0.156 depth=0.010
[98 275/372] semantic=0.173 depth=0.010
[98 300/372] semantic=0.220 depth=0.012
MGDA-WARM WEIGHTS step=36400 weights=[0.49668827652931213, 0.5033117532730103]
[98 325/372] semantic=0.159 depth=0.016
[98 350/372] semantic=0.160 depth=0.009
[98 372/372] semantic=0.175 depth=0.014
Epoch 098: mIoU=73.627 pix=93.098 abs=0.0145 rel=57.7737 delta=31.145 wall_h=18.782
[99 1/372] semantic=0.157 depth=0.010
[99 25/372] semantic=0.184 depth=0.013
MGDA-WARM WEIGHTS step=36500 weights=[0.4994262754917145, 0.5005737543106079]
[99 50/372] semantic=0.143 depth=0.013
[99 75/372] semantic=0.182 depth=0.010
[99 100/372] semantic=0.132 depth=0.011
[99 125/372] semantic=0.199 depth=0.017
MGDA-WARM WEIGHTS step=36600 weights=[0.4957248270511627, 0.5042752027511597]
[99 150/372] semantic=0.149 depth=0.010
[99 175/372] semantic=0.173 depth=0.015
[99 200/372] semantic=0.151 depth=0.013
[99 225/372] semantic=0.159 depth=0.009
MGDA-WARM WEIGHTS step=36700 weights=[0.49822261929512024, 0.5017773509025574]
[99 250/372] semantic=0.149 depth=0.011
[99 275/372] semantic=0.200 depth=0.010
[99 300/372] semantic=0.160 depth=0.010
[99 325/372] semantic=0.137 depth=0.010
MGDA-WARM WEIGHTS step=36800 weights=[0.4986322820186615, 0.5013676881790161]
[99 350/372] semantic=0.185 depth=0.013
[99 372/372] semantic=0.152 depth=0.012
Epoch 099: mIoU=73.735 pix=93.094 abs=0.0187 rel=51.3711 delta=33.749 wall_h=18.964
[100 1/372] semantic=0.146 depth=0.009
[100 25/372] semantic=0.167 depth=0.013
[100 50/372] semantic=0.144 depth=0.013
MGDA-WARM WEIGHTS step=36900 weights=[0.48249533772468567, 0.5175046920776367]
[100 75/372] semantic=0.130 depth=0.011
[100 100/372] semantic=0.170 depth=0.009
[100 125/372] semantic=0.161 depth=0.010
[100 150/372] semantic=0.150 depth=0.013
MGDA-WARM WEIGHTS step=37000 weights=[0.4976963400840759, 0.5023036599159241]
[100 175/372] semantic=0.158 depth=0.012
[100 200/372] semantic=0.193 depth=0.013
[100 225/372] semantic=0.200 depth=0.009
[100 250/372] semantic=0.133 depth=0.011
MGDA-WARM WEIGHTS step=37100 weights=[0.5015153884887695, 0.4984845817089081]
[100 275/372] semantic=0.144 depth=0.012
[100 300/372] semantic=0.172 depth=0.010
[100 325/372] semantic=0.115 depth=0.009
[100 350/372] semantic=0.192 depth=0.012
MGDA-WARM WEIGHTS step=37200 weights=[0.5050576329231262, 0.49494239687919617]
[100 372/372] semantic=0.175 depth=0.012
Epoch 100: mIoU=73.884 pix=93.126 abs=0.0180 rel=59.4088 delta=39.444 wall_h=19.144
[101 1/372] semantic=0.193 depth=0.011
[101 25/372] semantic=0.112 depth=0.012
[101 50/372] semantic=0.160 depth=0.011
[101 75/372] semantic=0.159 depth=0.012
MGDA-WARM WEIGHTS step=37300 weights=[0.5007014274597168, 0.4992985725402832]
[101 100/372] semantic=0.152 depth=0.008
[101 125/372] semantic=0.168 depth=0.010
[101 150/372] semantic=0.141 depth=0.008
[101 175/372] semantic=0.207 depth=0.012
MGDA-WARM WEIGHTS step=37400 weights=[0.49949026107788086, 0.5005097389221191]
[101 200/372] semantic=0.162 depth=0.011
[101 225/372] semantic=0.127 depth=0.010
[101 250/372] semantic=0.144 depth=0.013
[101 275/372] semantic=0.144 depth=0.011
MGDA-WARM WEIGHTS step=37500 weights=[0.5007755160331726, 0.4992245137691498]
[101 300/372] semantic=0.157 depth=0.013
[101 325/372] semantic=0.177 depth=0.009
[101 350/372] semantic=0.176 depth=0.011
[101 372/372] semantic=0.180 depth=0.013
Epoch 101: mIoU=74.258 pix=93.232 abs=0.0148 rel=60.5130 delta=34.037 wall_h=19.327
[102 1/372] semantic=0.132 depth=0.009
[102 25/372] semantic=0.143 depth=0.011
MGDA-WARM WEIGHTS step=37600 weights=[0.49078842997550964, 0.509211540222168]
[102 50/372] semantic=0.154 depth=0.010
[102 75/372] semantic=0.171 depth=0.009
[102 100/372] semantic=0.115 depth=0.011
[102 125/372] semantic=0.143 depth=0.009
MGDA-WARM WEIGHTS step=37700 weights=[0.49867814779281616, 0.5013218522071838]
[102 150/372] semantic=0.141 depth=0.008
[102 175/372] semantic=0.166 depth=0.011
[102 200/372] semantic=0.132 depth=0.010
[102 225/372] semantic=0.227 depth=0.013
MGDA-WARM WEIGHTS step=37800 weights=[0.4938410818576813, 0.5061588883399963]
[102 250/372] semantic=0.167 depth=0.010
[102 275/372] semantic=0.121 depth=0.012
[102 300/372] semantic=0.166 depth=0.009
[102 325/372] semantic=0.136 depth=0.013
MGDA-WARM WEIGHTS step=37900 weights=[0.4982406795024872, 0.5017593502998352]
[102 350/372] semantic=0.163 depth=0.014
[102 372/372] semantic=0.116 depth=0.009
Epoch 102: mIoU=74.039 pix=93.200 abs=0.0165 rel=52.9267 delta=30.551 wall_h=19.508
[103 1/372] semantic=0.149 depth=0.011
[103 25/372] semantic=0.117 depth=0.014
[103 50/372] semantic=0.172 depth=0.009
MGDA-WARM WEIGHTS step=38000 weights=[0.49453386664390564, 0.505466103553772]
[103 75/372] semantic=0.169 depth=0.011
[103 100/372] semantic=0.115 depth=0.008
[103 125/372] semantic=0.128 depth=0.011
[103 150/372] semantic=0.146 depth=0.011
MGDA-WARM WEIGHTS step=38100 weights=[0.4992520809173584, 0.5007479190826416]
[103 175/372] semantic=0.169 depth=0.009
[103 200/372] semantic=0.157 depth=0.012
[103 225/372] semantic=0.156 depth=0.013
[103 250/372] semantic=0.161 depth=0.010
MGDA-WARM WEIGHTS step=38200 weights=[0.49369728565216064, 0.5063027143478394]
[103 275/372] semantic=0.177 depth=0.011
[103 300/372] semantic=0.148 depth=0.010
[103 325/372] semantic=0.144 depth=0.010
[103 350/372] semantic=0.150 depth=0.009
MGDA-WARM WEIGHTS step=38300 weights=[0.49932894110679626, 0.5006710290908813]
[103 372/372] semantic=0.196 depth=0.013
Epoch 103: mIoU=74.257 pix=93.203 abs=0.0145 rel=55.9554 delta=29.349 wall_h=19.698
[104 1/372] semantic=0.150 depth=0.011
[104 25/372] semantic=0.161 depth=0.010
[104 50/372] semantic=0.170 depth=0.010
[104 75/372] semantic=0.181 depth=0.011
MGDA-WARM WEIGHTS step=38400 weights=[0.5039843320846558, 0.496015727519989]
[104 100/372] semantic=0.161 depth=0.011
[104 125/372] semantic=0.121 depth=0.010
[104 150/372] semantic=0.177 depth=0.009
[104 175/372] semantic=0.174 depth=0.007
MGDA-WARM WEIGHTS step=38500 weights=[0.5018115043640137, 0.4981885552406311]
[104 200/372] semantic=0.121 depth=0.012
[104 225/372] semantic=0.140 depth=0.008
[104 250/372] semantic=0.137 depth=0.009
[104 275/372] semantic=0.149 depth=0.011
MGDA-WARM WEIGHTS step=38600 weights=[0.4994690716266632, 0.5005309581756592]
[104 300/372] semantic=0.155 depth=0.008
[104 325/372] semantic=0.161 depth=0.010
[104 350/372] semantic=0.138 depth=0.010
[104 372/372] semantic=0.136 depth=0.013
Epoch 104: mIoU=74.222 pix=93.246 abs=0.0167 rel=49.8661 delta=28.112 wall_h=19.890
[105 1/372] semantic=0.153 depth=0.010
MGDA-WARM WEIGHTS step=38700 weights=[0.4927772283554077, 0.5072227716445923]
[105 25/372] semantic=0.115 depth=0.011
[105 50/372] semantic=0.147 depth=0.010
[105 75/372] semantic=0.180 depth=0.010
[105 100/372] semantic=0.165 depth=0.012
MGDA-WARM WEIGHTS step=38800 weights=[0.499895304441452, 0.5001046657562256]
[105 125/372] semantic=0.156 depth=0.007
[105 150/372] semantic=0.106 depth=0.009
[105 175/372] semantic=0.138 depth=0.011
[105 200/372] semantic=0.154 depth=0.011
MGDA-WARM WEIGHTS step=38900 weights=[0.5094886422157288, 0.49051135778427124]
[105 225/372] semantic=0.184 depth=0.011
[105 250/372] semantic=0.161 depth=0.011
[105 275/372] semantic=0.168 depth=0.011
[105 300/372] semantic=0.150 depth=0.009
MGDA-WARM WEIGHTS step=39000 weights=[0.4986684322357178, 0.5013315677642822]
[105 325/372] semantic=0.164 depth=0.009
[105 350/372] semantic=0.184 depth=0.012
[105 372/372] semantic=0.179 depth=0.009
Epoch 105: mIoU=74.440 pix=93.250 abs=0.0168 rel=50.6854 delta=29.124 wall_h=20.082
[106 1/372] semantic=0.145 depth=0.010
[106 25/372] semantic=0.155 depth=0.012
MGDA-WARM WEIGHTS step=39100 weights=[0.501331090927124, 0.4986688792705536]
[106 50/372] semantic=0.112 depth=0.009
[106 75/372] semantic=0.151 depth=0.008
[106 100/372] semantic=0.173 depth=0.010
[106 125/372] semantic=0.160 depth=0.012
MGDA-WARM WEIGHTS step=39200 weights=[0.49392905831336975, 0.5060709714889526]
[106 150/372] semantic=0.163 depth=0.009
[106 175/372] semantic=0.136 depth=0.012
[106 200/372] semantic=0.162 depth=0.013
[106 225/372] semantic=0.131 depth=0.009
MGDA-WARM WEIGHTS step=39300 weights=[0.49908584356307983, 0.5009141564369202]
[106 250/372] semantic=0.141 depth=0.012
[106 275/372] semantic=0.149 depth=0.009
[106 300/372] semantic=0.155 depth=0.011
[106 325/372] semantic=0.138 depth=0.011
MGDA-WARM WEIGHTS step=39400 weights=[0.5041763782501221, 0.49582362174987793]
[106 350/372] semantic=0.185 depth=0.012
[106 372/372] semantic=0.172 depth=0.013
Epoch 106: mIoU=74.296 pix=93.226 abs=0.0147 rel=54.8795 delta=28.688 wall_h=20.268
[107 1/372] semantic=0.152 depth=0.009
[107 25/372] semantic=0.159 depth=0.010
[107 50/372] semantic=0.173 depth=0.010
MGDA-WARM WEIGHTS step=39500 weights=[0.5003224611282349, 0.49967753887176514]
[107 75/372] semantic=0.153 depth=0.012
[107 100/372] semantic=0.151 depth=0.009
[107 125/372] semantic=0.153 depth=0.011
[107 150/372] semantic=0.139 depth=0.008
MGDA-WARM WEIGHTS step=39600 weights=[0.4995954632759094, 0.5004045963287354]
[107 175/372] semantic=0.143 depth=0.009
[107 200/372] semantic=0.166 depth=0.011
[107 225/372] semantic=0.116 depth=0.010
[107 250/372] semantic=0.170 depth=0.011
MGDA-WARM WEIGHTS step=39700 weights=[0.5005607604980469, 0.4994392395019531]
[107 275/372] semantic=0.130 depth=0.008
[107 300/372] semantic=0.135 depth=0.013
[107 325/372] semantic=0.192 depth=0.012
[107 350/372] semantic=0.145 depth=0.011
MGDA-WARM WEIGHTS step=39800 weights=[0.49623987078666687, 0.5037600994110107]
[107 372/372] semantic=0.126 depth=0.010
Epoch 107: mIoU=74.440 pix=93.297 abs=0.0152 rel=56.6913 delta=31.258 wall_h=20.453
[108 1/372] semantic=0.143 depth=0.008
[108 25/372] semantic=0.147 depth=0.010
[108 50/372] semantic=0.141 depth=0.008
[108 75/372] semantic=0.176 depth=0.012
MGDA-WARM WEIGHTS step=39900 weights=[0.5022297501564026, 0.497770220041275]
[108 100/372] semantic=0.170 depth=0.012
[108 125/372] semantic=0.206 depth=0.010
[108 150/372] semantic=0.166 depth=0.009
[108 175/372] semantic=0.113 depth=0.010
MGDA-WARM WEIGHTS step=40000 weights=[0.5012499094009399, 0.49875006079673767]
[108 200/372] semantic=0.157 depth=0.011
[108 225/372] semantic=0.128 depth=0.009
[108 250/372] semantic=0.141 depth=0.008
[108 275/372] semantic=0.143 depth=0.011
MGDA-WARM WEIGHTS step=40100 weights=[0.5028576850891113, 0.4971422851085663]
[108 300/372] semantic=0.153 depth=0.015
[108 325/372] semantic=0.155 depth=0.007
[108 350/372] semantic=0.122 depth=0.008
[108 372/372] semantic=0.166 depth=0.013
Epoch 108: mIoU=74.380 pix=93.289 abs=0.0151 rel=53.0022 delta=27.804 wall_h=20.637
[109 1/372] semantic=0.158 depth=0.010
MGDA-WARM WEIGHTS step=40200 weights=[0.49817103147506714, 0.5018289685249329]
[109 25/372] semantic=0.154 depth=0.011
[109 50/372] semantic=0.159 depth=0.008
[109 75/372] semantic=0.164 depth=0.011
[109 100/372] semantic=0.141 depth=0.011
MGDA-WARM WEIGHTS step=40300 weights=[0.5000836849212646, 0.49991634488105774]
[109 125/372] semantic=0.111 depth=0.010
[109 150/372] semantic=0.165 depth=0.010
[109 175/372] semantic=0.200 depth=0.009
[109 200/372] semantic=0.141 depth=0.008
MGDA-WARM WEIGHTS step=40400 weights=[0.4998759329319, 0.5001240968704224]
[109 225/372] semantic=0.155 depth=0.010
[109 250/372] semantic=0.182 depth=0.010
[109 275/372] semantic=0.145 depth=0.010
[109 300/372] semantic=0.119 depth=0.010
MGDA-WARM WEIGHTS step=40500 weights=[0.4919723570346832, 0.5080276727676392]
[109 325/372] semantic=0.145 depth=0.007
[109 350/372] semantic=0.160 depth=0.009
[109 372/372] semantic=0.158 depth=0.011
Epoch 109: mIoU=74.466 pix=93.307 abs=0.0155 rel=54.5668 delta=29.878 wall_h=20.816
[110 1/372] semantic=0.163 depth=0.009
[110 25/372] semantic=0.167 depth=0.011
[110 50/372] semantic=0.146 depth=0.012
MGDA-WARM WEIGHTS step=40600 weights=[0.5040816068649292, 0.4959183633327484]
[110 75/372] semantic=0.149 depth=0.011
[110 100/372] semantic=0.156 depth=0.012
[110 125/372] semantic=0.122 depth=0.009
[110 150/372] semantic=0.124 depth=0.009
MGDA-WARM WEIGHTS step=40700 weights=[0.4945653975009918, 0.5054345726966858]
[110 175/372] semantic=0.155 depth=0.009
[110 200/372] semantic=0.158 depth=0.008
[110 225/372] semantic=0.153 depth=0.009
[110 250/372] semantic=0.167 depth=0.010
MGDA-WARM WEIGHTS step=40800 weights=[0.49684634804725647, 0.5031536817550659]
[110 275/372] semantic=0.115 depth=0.009
[110 300/372] semantic=0.177 depth=0.011
[110 325/372] semantic=0.201 depth=0.011
[110 350/372] semantic=0.178 depth=0.009
MGDA-WARM WEIGHTS step=40900 weights=[0.5009554624557495, 0.4990444779396057]
[110 372/372] semantic=0.129 depth=0.011
Epoch 110: mIoU=74.144 pix=93.245 abs=0.0143 rel=58.1313 delta=30.947 wall_h=21.004
[111 1/372] semantic=0.146 depth=0.010
[111 25/372] semantic=0.109 depth=0.010
[111 50/372] semantic=0.140 depth=0.011
[111 75/372] semantic=0.126 depth=0.009
MGDA-WARM WEIGHTS step=41000 weights=[0.5043817758560181, 0.4956182539463043]
[111 100/372] semantic=0.159 depth=0.010
[111 125/372] semantic=0.174 depth=0.010
[111 150/372] semantic=0.163 depth=0.009
[111 175/372] semantic=0.113 depth=0.010
MGDA-WARM WEIGHTS step=41100 weights=[0.49345672130584717, 0.5065432786941528]
[111 200/372] semantic=0.139 depth=0.010
[111 225/372] semantic=0.166 depth=0.013
[111 250/372] semantic=0.134 depth=0.009
[111 275/372] semantic=0.120 depth=0.011
MGDA-WARM WEIGHTS step=41200 weights=[0.5010241866111755, 0.49897581338882446]
[111 300/372] semantic=0.131 depth=0.013
[111 325/372] semantic=0.183 depth=0.009
[111 350/372] semantic=0.147 depth=0.008
[111 372/372] semantic=0.168 depth=0.012
Epoch 111: mIoU=74.597 pix=93.330 abs=0.0141 rel=55.1778 delta=27.687 wall_h=21.187
[112 1/372] semantic=0.140 depth=0.009
MGDA-WARM WEIGHTS step=41300 weights=[0.49886980652809143, 0.5011301636695862]
[112 25/372] semantic=0.166 depth=0.011
[112 50/372] semantic=0.140 depth=0.009
[112 75/372] semantic=0.123 depth=0.011
[112 100/372] semantic=0.147 depth=0.010
MGDA-WARM WEIGHTS step=41400 weights=[0.4997197091579437, 0.5002803206443787]
[112 125/372] semantic=0.153 depth=0.010
[112 150/372] semantic=0.162 depth=0.011
[112 175/372] semantic=0.204 depth=0.009
[112 200/372] semantic=0.158 depth=0.009
MGDA-WARM WEIGHTS step=41500 weights=[0.49926963448524475, 0.5007303953170776]
[112 225/372] semantic=0.157 depth=0.009
[112 250/372] semantic=0.155 depth=0.012
[112 275/372] semantic=0.170 depth=0.011
[112 300/372] semantic=0.139 depth=0.013
MGDA-WARM WEIGHTS step=41600 weights=[0.49614524841308594, 0.5038547515869141]
[112 325/372] semantic=0.203 depth=0.010
[112 350/372] semantic=0.148 depth=0.010
[112 372/372] semantic=0.164 depth=0.013
Epoch 112: mIoU=74.396 pix=93.333 abs=0.0154 rel=51.4590 delta=27.033 wall_h=21.371
[113 1/372] semantic=0.147 depth=0.009
[113 25/372] semantic=0.166 depth=0.010
MGDA-WARM WEIGHTS step=41700 weights=[0.49724358320236206, 0.5027564167976379]
[113 50/372] semantic=0.141 depth=0.009
[113 75/372] semantic=0.169 depth=0.009
[113 100/372] semantic=0.173 depth=0.010
[113 125/372] semantic=0.168 depth=0.009
MGDA-WARM WEIGHTS step=41800 weights=[0.4967436194419861, 0.5032563805580139]
[113 150/372] semantic=0.160 depth=0.010
[113 175/372] semantic=0.138 depth=0.008
[113 200/372] semantic=0.124 depth=0.010
[113 225/372] semantic=0.143 depth=0.010
MGDA-WARM WEIGHTS step=41900 weights=[0.4988763928413391, 0.5011236667633057]
[113 250/372] semantic=0.135 depth=0.010
[113 275/372] semantic=0.166 depth=0.010
[113 300/372] semantic=0.148 depth=0.012
[113 325/372] semantic=0.105 depth=0.010
MGDA-WARM WEIGHTS step=42000 weights=[0.4958937168121338, 0.5041062831878662]
[113 350/372] semantic=0.138 depth=0.011
[113 372/372] semantic=0.135 depth=0.009
Epoch 113: mIoU=74.450 pix=93.312 abs=0.0189 rel=48.8128 delta=31.469 wall_h=21.543
[114 1/372] semantic=0.131 depth=0.011
[114 25/372] semantic=0.143 depth=0.012
[114 50/372] semantic=0.156 depth=0.012
MGDA-WARM WEIGHTS step=42100 weights=[0.49789321422576904, 0.502106785774231]
[114 75/372] semantic=0.137 depth=0.009
[114 100/372] semantic=0.126 depth=0.009
[114 125/372] semantic=0.159 depth=0.010
[114 150/372] semantic=0.167 depth=0.011
MGDA-WARM WEIGHTS step=42200 weights=[0.4983236491680145, 0.5016763210296631]
[114 175/372] semantic=0.147 depth=0.010
[114 200/372] semantic=0.169 depth=0.009
[114 225/372] semantic=0.157 depth=0.009
[114 250/372] semantic=0.155 depth=0.009
MGDA-WARM WEIGHTS step=42300 weights=[0.49665066599845886, 0.5033493041992188]
[114 275/372] semantic=0.147 depth=0.010
[114 300/372] semantic=0.131 depth=0.008
[114 325/372] semantic=0.135 depth=0.012
[114 350/372] semantic=0.175 depth=0.008
MGDA-WARM WEIGHTS step=42400 weights=[0.5009044408798218, 0.49909549951553345]
[114 372/372] semantic=0.139 depth=0.008
Epoch 114: mIoU=74.500 pix=93.341 abs=0.0147 rel=57.5347 delta=30.992 wall_h=21.715
[115 1/372] semantic=0.111 depth=0.009
[115 25/372] semantic=0.232 depth=0.010
[115 50/372] semantic=0.128 depth=0.009
[115 75/372] semantic=0.118 depth=0.010
MGDA-WARM WEIGHTS step=42500 weights=[0.4978058934211731, 0.5021941065788269]
[115 100/372] semantic=0.141 depth=0.008
[115 125/372] semantic=0.136 depth=0.009
[115 150/372] semantic=0.151 depth=0.009
[115 175/372] semantic=0.127 depth=0.008
MGDA-WARM WEIGHTS step=42600 weights=[0.5027900338172913, 0.49720993638038635]
[115 200/372] semantic=0.156 depth=0.011
[115 225/372] semantic=0.140 depth=0.012
[115 250/372] semantic=0.149 depth=0.010
[115 275/372] semantic=0.140 depth=0.011
MGDA-WARM WEIGHTS step=42700 weights=[0.4997475743293762, 0.5002524852752686]
[115 300/372] semantic=0.133 depth=0.008
[115 325/372] semantic=0.149 depth=0.011
[115 350/372] semantic=0.138 depth=0.013
[115 372/372] semantic=0.105 depth=0.011
Epoch 115: mIoU=74.570 pix=93.304 abs=0.0176 rel=46.1470 delta=26.535 wall_h=21.886
[116 1/372] semantic=0.154 depth=0.012
MGDA-WARM WEIGHTS step=42800 weights=[0.49845296144485474, 0.5015470385551453]
[116 25/372] semantic=0.151 depth=0.010
[116 50/372] semantic=0.165 depth=0.009
[116 75/372] semantic=0.128 depth=0.010
[116 100/372] semantic=0.159 depth=0.010
MGDA-WARM WEIGHTS step=42900 weights=[0.49921315908432007, 0.5007867813110352]
[116 125/372] semantic=0.149 depth=0.009
[116 150/372] semantic=0.127 depth=0.010
[116 175/372] semantic=0.144 depth=0.009
[116 200/372] semantic=0.130 depth=0.009
MGDA-WARM WEIGHTS step=43000 weights=[0.49884939193725586, 0.5011506080627441]
[116 225/372] semantic=0.157 depth=0.009
[116 250/372] semantic=0.160 depth=0.012
[116 275/372] semantic=0.134 depth=0.009
[116 300/372] semantic=0.128 depth=0.008
MGDA-WARM WEIGHTS step=43100 weights=[0.4986104369163513, 0.5013895630836487]
[116 325/372] semantic=0.175 depth=0.010
[116 350/372] semantic=0.140 depth=0.010
[116 372/372] semantic=0.159 depth=0.011
Epoch 116: mIoU=74.282 pix=93.325 abs=0.0162 rel=51.4665 delta=28.510 wall_h=22.058
[117 1/372] semantic=0.119 depth=0.012
[117 25/372] semantic=0.158 depth=0.009
MGDA-WARM WEIGHTS step=43200 weights=[0.5012597441673279, 0.4987402558326721]
[117 50/372] semantic=0.121 depth=0.009
[117 75/372] semantic=0.120 depth=0.011
[117 100/372] semantic=0.148 depth=0.009
[117 125/372] semantic=0.173 depth=0.012
MGDA-WARM WEIGHTS step=43300 weights=[0.4977887272834778, 0.5022112727165222]
[117 150/372] semantic=0.169 depth=0.012
[117 175/372] semantic=0.157 depth=0.010
[117 200/372] semantic=0.122 depth=0.011
[117 225/372] semantic=0.166 depth=0.009
MGDA-WARM WEIGHTS step=43400 weights=[0.4982650876045227, 0.5017348527908325]
[117 250/372] semantic=0.120 depth=0.012
[117 275/372] semantic=0.158 depth=0.010
[117 300/372] semantic=0.147 depth=0.009
[117 325/372] semantic=0.138 depth=0.013
MGDA-WARM WEIGHTS step=43500 weights=[0.5002455711364746, 0.4997543692588806]
[117 350/372] semantic=0.157 depth=0.014
[117 372/372] semantic=0.139 depth=0.012
Epoch 117: mIoU=74.281 pix=93.313 abs=0.0145 rel=54.0575 delta=27.599 wall_h=22.229
[118 1/372] semantic=0.142 depth=0.009
[118 25/372] semantic=0.164 depth=0.012
[118 50/372] semantic=0.176 depth=0.010
[118 75/372] semantic=0.096 depth=0.009
MGDA-WARM WEIGHTS step=43600 weights=[0.4994298815727234, 0.5005701184272766]
[118 100/372] semantic=0.166 depth=0.009
[118 125/372] semantic=0.155 depth=0.010
[118 150/372] semantic=0.146 depth=0.012
[118 175/372] semantic=0.118 depth=0.009
MGDA-WARM WEIGHTS step=43700 weights=[0.5011370182037354, 0.49886295199394226]
[118 200/372] semantic=0.126 depth=0.008
[118 225/372] semantic=0.147 depth=0.013
[118 250/372] semantic=0.163 depth=0.010
[118 275/372] semantic=0.176 depth=0.009
MGDA-WARM WEIGHTS step=43800 weights=[0.49815696477890015, 0.5018430948257446]
[118 300/372] semantic=0.180 depth=0.008
[118 325/372] semantic=0.190 depth=0.010
[118 350/372] semantic=0.162 depth=0.010
[118 372/372] semantic=0.134 depth=0.012
Epoch 118: mIoU=74.153 pix=93.263 abs=0.0145 rel=57.1661 delta=30.395 wall_h=22.400
[119 1/372] semantic=0.126 depth=0.011
MGDA-WARM WEIGHTS step=43900 weights=[0.4981273412704468, 0.5018726587295532]
[119 25/372] semantic=0.144 depth=0.011
[119 50/372] semantic=0.148 depth=0.010
[119 75/372] semantic=0.134 depth=0.010
[119 100/372] semantic=0.123 depth=0.009
MGDA-WARM WEIGHTS step=44000 weights=[0.49993401765823364, 0.5000659823417664]
[119 125/372] semantic=0.172 depth=0.008
[119 150/372] semantic=0.150 depth=0.008
[119 175/372] semantic=0.108 depth=0.008
[119 200/372] semantic=0.148 depth=0.012
MGDA-WARM WEIGHTS step=44100 weights=[0.504970908164978, 0.49502912163734436]
[119 225/372] semantic=0.129 depth=0.009
[119 250/372] semantic=0.147 depth=0.010
[119 275/372] semantic=0.144 depth=0.008
[119 300/372] semantic=0.133 depth=0.008
MGDA-WARM WEIGHTS step=44200 weights=[0.4924364686012268, 0.5075635313987732]
[119 325/372] semantic=0.123 depth=0.010
[119 350/372] semantic=0.128 depth=0.009
[119 372/372] semantic=0.152 depth=0.009
Epoch 119: mIoU=74.497 pix=93.390 abs=0.0147 rel=55.5694 delta=29.249 wall_h=22.573
[120 1/372] semantic=0.163 depth=0.009
[120 25/372] semantic=0.161 depth=0.008
MGDA-WARM WEIGHTS step=44300 weights=[0.4973303973674774, 0.5026695728302002]
[120 50/372] semantic=0.162 depth=0.009
[120 75/372] semantic=0.169 depth=0.010
[120 100/372] semantic=0.148 depth=0.013
[120 125/372] semantic=0.136 depth=0.009
MGDA-WARM WEIGHTS step=44400 weights=[0.5018585920333862, 0.4981413781642914]
[120 150/372] semantic=0.121 depth=0.007
[120 175/372] semantic=0.163 depth=0.009
[120 200/372] semantic=0.196 depth=0.011
[120 225/372] semantic=0.118 depth=0.011
MGDA-WARM WEIGHTS step=44500 weights=[0.4978429079055786, 0.5021570920944214]
[120 250/372] semantic=0.126 depth=0.010
[120 275/372] semantic=0.156 depth=0.009
[120 300/372] semantic=0.168 depth=0.008
[120 325/372] semantic=0.159 depth=0.012
MGDA-WARM WEIGHTS step=44600 weights=[0.4954048693180084, 0.504595160484314]
[120 350/372] semantic=0.180 depth=0.011
[120 372/372] semantic=0.145 depth=0.008
Epoch 120: mIoU=74.712 pix=93.343 abs=0.0153 rel=51.9318 delta=26.989 wall_h=22.747
[121 1/372] semantic=0.150 depth=0.010
[121 25/372] semantic=0.120 depth=0.010
[121 50/372] semantic=0.129 depth=0.009
MGDA-WARM WEIGHTS step=44700 weights=[0.4980822205543518, 0.5019177794456482]
[121 75/372] semantic=0.191 depth=0.019
[121 100/372] semantic=0.168 depth=0.012
[121 125/372] semantic=0.141 depth=0.009
[121 150/372] semantic=0.162 depth=0.010
MGDA-WARM WEIGHTS step=44800 weights=[0.4970645308494568, 0.5029354691505432]
[121 175/372] semantic=0.145 depth=0.010
[121 200/372] semantic=0.162 depth=0.009
[121 225/372] semantic=0.172 depth=0.008
[121 250/372] semantic=0.175 depth=0.011
MGDA-WARM WEIGHTS step=44900 weights=[0.5003613829612732, 0.4996386170387268]
[121 275/372] semantic=0.137 depth=0.011
[121 300/372] semantic=0.148 depth=0.015
[121 325/372] semantic=0.158 depth=0.008
[121 350/372] semantic=0.134 depth=0.010
MGDA-WARM WEIGHTS step=45000 weights=[0.5034494400024414, 0.496550589799881]
[121 372/372] semantic=0.153 depth=0.008
Epoch 121: mIoU=74.857 pix=93.358 abs=0.0149 rel=53.3602 delta=27.514 wall_h=22.923
[122 1/372] semantic=0.106 depth=0.011
[122 25/372] semantic=0.138 depth=0.011
[122 50/372] semantic=0.149 depth=0.008
[122 75/372] semantic=0.130 depth=0.011
MGDA-WARM WEIGHTS step=45100 weights=[0.49844974279403687, 0.5015503168106079]
[122 100/372] semantic=0.157 depth=0.011
[122 125/372] semantic=0.137 depth=0.009
[122 150/372] semantic=0.100 depth=0.009
[122 175/372] semantic=0.149 depth=0.010
MGDA-WARM WEIGHTS step=45200 weights=[0.501786470413208, 0.4982135593891144]
[122 200/372] semantic=0.132 depth=0.009
[122 225/372] semantic=0.139 depth=0.009
[122 250/372] semantic=0.137 depth=0.010
[122 275/372] semantic=0.145 depth=0.009
MGDA-WARM WEIGHTS step=45300 weights=[0.4989257752895355, 0.5010741949081421]
[122 300/372] semantic=0.133 depth=0.008
[122 325/372] semantic=0.145 depth=0.009
[122 350/372] semantic=0.122 depth=0.010
[122 372/372] semantic=0.135 depth=0.010
Epoch 122: mIoU=74.702 pix=93.373 abs=0.0147 rel=51.9640 delta=25.803 wall_h=23.097
[123 1/372] semantic=0.161 depth=0.013
MGDA-WARM WEIGHTS step=45400 weights=[0.4994651973247528, 0.5005348324775696]
[123 25/372] semantic=0.129 depth=0.010
[123 50/372] semantic=0.182 depth=0.009
[123 75/372] semantic=0.131 depth=0.010
[123 100/372] semantic=0.125 depth=0.012
MGDA-WARM WEIGHTS step=45500 weights=[0.4974104166030884, 0.5025895833969116]
[123 125/372] semantic=0.133 depth=0.010
[123 150/372] semantic=0.172 depth=0.010
[123 175/372] semantic=0.135 depth=0.011
[123 200/372] semantic=0.152 depth=0.011
MGDA-WARM WEIGHTS step=45600 weights=[0.5027434825897217, 0.4972565770149231]
[123 225/372] semantic=0.177 depth=0.008
[123 250/372] semantic=0.136 depth=0.010
[123 275/372] semantic=0.125 depth=0.012
[123 300/372] semantic=0.154 depth=0.009
MGDA-WARM WEIGHTS step=45700 weights=[0.4980370104312897, 0.5019630193710327]
[123 325/372] semantic=0.174 depth=0.010
[123 350/372] semantic=0.159 depth=0.011
[123 372/372] semantic=0.152 depth=0.009
Epoch 123: mIoU=74.917 pix=93.378 abs=0.0148 rel=50.6327 delta=24.905 wall_h=23.275
[124 1/372] semantic=0.124 depth=0.011
[124 25/372] semantic=0.149 depth=0.008
MGDA-WARM WEIGHTS step=45800 weights=[0.4986715316772461, 0.5013284683227539]
[124 50/372] semantic=0.150 depth=0.011
[124 75/372] semantic=0.126 depth=0.010
[124 100/372] semantic=0.103 depth=0.010
[124 125/372] semantic=0.127 depth=0.008
MGDA-WARM WEIGHTS step=45900 weights=[0.5008489489555359, 0.4991510510444641]
[124 150/372] semantic=0.168 depth=0.011
[124 175/372] semantic=0.123 depth=0.008
[124 200/372] semantic=0.163 depth=0.008
[124 225/372] semantic=0.136 depth=0.009
MGDA-WARM WEIGHTS step=46000 weights=[0.49812883138656616, 0.5018711686134338]
[124 250/372] semantic=0.128 depth=0.010
[124 275/372] semantic=0.116 depth=0.009
[124 300/372] semantic=0.131 depth=0.008
[124 325/372] semantic=0.140 depth=0.013
MGDA-WARM WEIGHTS step=46100 weights=[0.4969344139099121, 0.5030655860900879]
[124 350/372] semantic=0.144 depth=0.012
[124 372/372] semantic=0.124 depth=0.010
Epoch 124: mIoU=74.725 pix=93.298 abs=0.0172 rel=45.8055 delta=25.327 wall_h=23.457
[125 1/372] semantic=0.123 depth=0.010
[125 25/372] semantic=0.191 depth=0.009
[125 50/372] semantic=0.146 depth=0.008
MGDA-WARM WEIGHTS step=46200 weights=[0.5019447803497314, 0.49805527925491333]
[125 75/372] semantic=0.148 depth=0.011
[125 100/372] semantic=0.168 depth=0.012
[125 125/372] semantic=0.174 depth=0.010
[125 150/372] semantic=0.161 depth=0.010
MGDA-WARM WEIGHTS step=46300 weights=[0.5043966174125671, 0.49560338258743286]
[125 175/372] semantic=0.195 depth=0.013
[125 200/372] semantic=0.132 depth=0.009
[125 225/372] semantic=0.129 depth=0.011
[125 250/372] semantic=0.148 depth=0.009
MGDA-WARM WEIGHTS step=46400 weights=[0.4996795654296875, 0.5003204345703125]
[125 275/372] semantic=0.144 depth=0.010
[125 300/372] semantic=0.109 depth=0.009
[125 325/372] semantic=0.136 depth=0.011
[125 350/372] semantic=0.125 depth=0.008
MGDA-WARM WEIGHTS step=46500 weights=[0.498329758644104, 0.501670241355896]
[125 372/372] semantic=0.118 depth=0.009
Epoch 125: mIoU=74.208 pix=93.329 abs=0.0145 rel=51.6551 delta=25.391 wall_h=23.648
[126 1/372] semantic=0.131 depth=0.008
[126 25/372] semantic=0.123 depth=0.012
[126 50/372] semantic=0.111 depth=0.009
[126 75/372] semantic=0.126 depth=0.009
MGDA-WARM WEIGHTS step=46600 weights=[0.49690231680870056, 0.503097653388977]
[126 100/372] semantic=0.133 depth=0.008
[126 125/372] semantic=0.137 depth=0.009
[126 150/372] semantic=0.129 depth=0.010
[126 175/372] semantic=0.121 depth=0.007
MGDA-WARM WEIGHTS step=46700 weights=[0.4978261888027191, 0.5021737813949585]
[126 200/372] semantic=0.163 depth=0.009
[126 225/372] semantic=0.148 depth=0.008
[126 250/372] semantic=0.149 depth=0.012
[126 275/372] semantic=0.174 depth=0.010
MGDA-WARM WEIGHTS step=46800 weights=[0.4968365728855133, 0.5031634569168091]
[126 300/372] semantic=0.112 depth=0.011
[126 325/372] semantic=0.124 depth=0.011
[126 350/372] semantic=0.148 depth=0.010
[126 372/372] semantic=0.182 depth=0.011
Epoch 126: mIoU=74.751 pix=93.349 abs=0.0172 rel=52.6950 delta=31.509 wall_h=23.840
[127 1/372] semantic=0.143 depth=0.010
[127 25/372] semantic=0.154 depth=0.010
MGDA-WARM WEIGHTS step=46900 weights=[0.49820199608802795, 0.5017980337142944]
[127 50/372] semantic=0.134 depth=0.011
[127 75/372] semantic=0.114 depth=0.010
[127 100/372] semantic=0.150 depth=0.008
[127 125/372] semantic=0.147 depth=0.008
MGDA-WARM WEIGHTS step=47000 weights=[0.5032572746276855, 0.49674269556999207]
[127 150/372] semantic=0.193 depth=0.010
[127 175/372] semantic=0.137 depth=0.011
[127 200/372] semantic=0.164 depth=0.010
[127 225/372] semantic=0.139 depth=0.011
MGDA-WARM WEIGHTS step=47100 weights=[0.503086507320404, 0.49691349267959595]
[127 250/372] semantic=0.138 depth=0.008
[127 275/372] semantic=0.147 depth=0.010
[127 300/372] semantic=0.133 depth=0.008
[127 325/372] semantic=0.120 depth=0.010
MGDA-WARM WEIGHTS step=47200 weights=[0.5026772618293762, 0.49732276797294617]
[127 350/372] semantic=0.108 depth=0.008
[127 372/372] semantic=0.162 depth=0.009
Epoch 127: mIoU=74.618 pix=93.379 abs=0.0143 rel=53.2721 delta=26.293 wall_h=24.031
[128 1/372] semantic=0.140 depth=0.009
[128 25/372] semantic=0.135 depth=0.011
[128 50/372] semantic=0.136 depth=0.008
MGDA-WARM WEIGHTS step=47300 weights=[0.49804654717445374, 0.5019534826278687]
[128 75/372] semantic=0.162 depth=0.010
[128 100/372] semantic=0.139 depth=0.009
[128 125/372] semantic=0.166 depth=0.008
[128 150/372] semantic=0.130 depth=0.009
MGDA-WARM WEIGHTS step=47400 weights=[0.4955976605415344, 0.5044023394584656]
[128 175/372] semantic=0.175 depth=0.011
[128 200/372] semantic=0.122 depth=0.008
[128 225/372] semantic=0.138 depth=0.008
[128 250/372] semantic=0.148 depth=0.013
MGDA-WARM WEIGHTS step=47500 weights=[0.5010630488395691, 0.4989369511604309]
[128 275/372] semantic=0.146 depth=0.010
[128 300/372] semantic=0.139 depth=0.010
[128 325/372] semantic=0.162 depth=0.010
[128 350/372] semantic=0.156 depth=0.013
MGDA-WARM WEIGHTS step=47600 weights=[0.49537938833236694, 0.5046206712722778]
[128 372/372] semantic=0.116 depth=0.010
Epoch 128: mIoU=74.860 pix=93.423 abs=0.0152 rel=50.2721 delta=25.310 wall_h=24.221
[129 1/372] semantic=0.140 depth=0.009
[129 25/372] semantic=0.158 depth=0.010
[129 50/372] semantic=0.129 depth=0.009
[129 75/372] semantic=0.121 depth=0.010
MGDA-WARM WEIGHTS step=47700 weights=[0.47495171427726746, 0.5250482559204102]
[129 100/372] semantic=0.133 depth=0.011
[129 125/372] semantic=0.113 depth=0.009
[129 150/372] semantic=0.127 depth=0.011
[129 175/372] semantic=0.152 depth=0.009
MGDA-WARM WEIGHTS step=47800 weights=[0.4909621775150299, 0.5090378522872925]
[129 200/372] semantic=0.114 depth=0.009
[129 225/372] semantic=0.130 depth=0.009
[129 250/372] semantic=0.156 depth=0.009
[129 275/372] semantic=0.109 depth=0.010
MGDA-WARM WEIGHTS step=47900 weights=[0.5051809549331665, 0.4948190450668335]
[129 300/372] semantic=0.138 depth=0.013
[129 325/372] semantic=0.142 depth=0.010
[129 350/372] semantic=0.142 depth=0.010
[129 372/372] semantic=0.150 depth=0.010
Epoch 129: mIoU=74.688 pix=93.368 abs=0.0184 rel=50.8407 delta=32.313 wall_h=24.413
[130 1/372] semantic=0.148 depth=0.013
MGDA-WARM WEIGHTS step=48000 weights=[0.49316421151161194, 0.5068358182907104]
[130 25/372] semantic=0.155 depth=0.010
[130 50/372] semantic=0.114 depth=0.010
[130 75/372] semantic=0.119 depth=0.009
[130 100/372] semantic=0.157 depth=0.011
MGDA-WARM WEIGHTS step=48100 weights=[0.49666157364845276, 0.5033383965492249]
[130 125/372] semantic=0.131 depth=0.009
[130 150/372] semantic=0.138 depth=0.009
[130 175/372] semantic=0.131 depth=0.008
[130 200/372] semantic=0.155 depth=0.009
MGDA-WARM WEIGHTS step=48200 weights=[0.5036842823028564, 0.4963156580924988]
[130 225/372] semantic=0.142 depth=0.009
[130 250/372] semantic=0.123 depth=0.011
[130 275/372] semantic=0.158 depth=0.011
[130 300/372] semantic=0.184 depth=0.010
MGDA-WARM WEIGHTS step=48300 weights=[0.4986065924167633, 0.5013934373855591]
[130 325/372] semantic=0.167 depth=0.011
[130 350/372] semantic=0.169 depth=0.010
[130 372/372] semantic=0.117 depth=0.008
Epoch 130: mIoU=74.612 pix=93.299 abs=0.0144 rel=52.4708 delta=25.724 wall_h=24.614
[131 1/372] semantic=0.146 depth=0.010
[131 25/372] semantic=0.175 depth=0.009
MGDA-WARM WEIGHTS step=48400 weights=[0.5011951327323914, 0.49880489706993103]
[131 50/372] semantic=0.174 depth=0.009
[131 75/372] semantic=0.154 depth=0.008
[131 100/372] semantic=0.149 depth=0.009
[131 125/372] semantic=0.143 depth=0.012
MGDA-WARM WEIGHTS step=48500 weights=[0.4996102750301361, 0.5003896951675415]
[131 150/372] semantic=0.166 depth=0.012
[131 175/372] semantic=0.178 depth=0.009
[131 200/372] semantic=0.109 depth=0.008
[131 225/372] semantic=0.123 depth=0.008
MGDA-WARM WEIGHTS step=48600 weights=[0.5021804571151733, 0.49781954288482666]
[131 250/372] semantic=0.182 depth=0.008
[131 275/372] semantic=0.130 depth=0.008
[131 300/372] semantic=0.124 depth=0.009
[131 325/372] semantic=0.129 depth=0.009
MGDA-WARM WEIGHTS step=48700 weights=[0.49619778990745544, 0.5038021802902222]
[131 350/372] semantic=0.162 depth=0.008
[131 372/372] semantic=0.171 depth=0.010
Epoch 131: mIoU=74.571 pix=93.340 abs=0.0165 rel=50.5074 delta=28.238 wall_h=24.802
[132 1/372] semantic=0.104 depth=0.010
[132 25/372] semantic=0.115 depth=0.010
[132 50/372] semantic=0.119 depth=0.011
MGDA-WARM WEIGHTS step=48800 weights=[0.496341735124588, 0.5036582946777344]
[132 75/372] semantic=0.140 depth=0.009
[132 100/372] semantic=0.133 depth=0.011
[132 125/372] semantic=0.130 depth=0.009
[132 150/372] semantic=0.188 depth=0.008
MGDA-WARM WEIGHTS step=48900 weights=[0.4971345365047455, 0.5028654336929321]
[132 175/372] semantic=0.128 depth=0.009
[132 200/372] semantic=0.111 depth=0.011
[132 225/372] semantic=0.125 depth=0.007
[132 250/372] semantic=0.127 depth=0.008
MGDA-WARM WEIGHTS step=49000 weights=[0.4967211186885834, 0.5032788515090942]
[132 275/372] semantic=0.107 depth=0.009
[132 300/372] semantic=0.149 depth=0.011
[132 325/372] semantic=0.161 depth=0.010
[132 350/372] semantic=0.113 depth=0.010
MGDA-WARM WEIGHTS step=49100 weights=[0.5002162456512451, 0.49978378415107727]
[132 372/372] semantic=0.168 depth=0.009
Epoch 132: mIoU=74.916 pix=93.403 abs=0.0169 rel=47.2284 delta=25.861 wall_h=24.996
[133 1/372] semantic=0.113 depth=0.010
[133 25/372] semantic=0.115 depth=0.010
[133 50/372] semantic=0.118 depth=0.012
[133 75/372] semantic=0.108 depth=0.008
MGDA-WARM WEIGHTS step=49200 weights=[0.5036369562149048, 0.4963630139827728]
[133 100/372] semantic=0.126 depth=0.010
[133 125/372] semantic=0.143 depth=0.008
[133 150/372] semantic=0.172 depth=0.010
[133 175/372] semantic=0.154 depth=0.008
MGDA-WARM WEIGHTS step=49300 weights=[0.4966283142566681, 0.5033717155456543]
[133 200/372] semantic=0.120 depth=0.009
[133 225/372] semantic=0.165 depth=0.008
[133 250/372] semantic=0.123 depth=0.012
[133 275/372] semantic=0.136 depth=0.012
MGDA-WARM WEIGHTS step=49400 weights=[0.49603694677352905, 0.5039631128311157]
[133 300/372] semantic=0.150 depth=0.012
[133 325/372] semantic=0.144 depth=0.011
[133 350/372] semantic=0.150 depth=0.008
[133 372/372] semantic=0.159 depth=0.010
Epoch 133: mIoU=74.848 pix=93.361 abs=0.0147 rel=51.1759 delta=25.126 wall_h=25.195
[134 1/372] semantic=0.140 depth=0.009
MGDA-WARM WEIGHTS step=49500 weights=[0.4912989139556885, 0.5087010860443115]
[134 25/372] semantic=0.147 depth=0.012
[134 50/372] semantic=0.156 depth=0.010
[134 75/372] semantic=0.153 depth=0.010
[134 100/372] semantic=0.124 depth=0.008
MGDA-WARM WEIGHTS step=49600 weights=[0.5019805431365967, 0.4980195164680481]
[134 125/372] semantic=0.142 depth=0.009
[134 150/372] semantic=0.118 depth=0.008
[134 175/372] semantic=0.114 depth=0.009
[134 200/372] semantic=0.129 depth=0.008
MGDA-WARM WEIGHTS step=49700 weights=[0.5041626691818237, 0.4958373010158539]
[134 225/372] semantic=0.155 depth=0.010
[134 250/372] semantic=0.117 depth=0.014
[134 275/372] semantic=0.178 depth=0.009
[134 300/372] semantic=0.171 depth=0.010
MGDA-WARM WEIGHTS step=49800 weights=[0.49630457162857056, 0.5036954283714294]
[134 325/372] semantic=0.121 depth=0.009
[134 350/372] semantic=0.138 depth=0.014
[134 372/372] semantic=0.114 depth=0.010
Epoch 134: mIoU=75.089 pix=93.379 abs=0.0151 rel=49.5311 delta=24.315 wall_h=25.375
[135 1/372] semantic=0.170 depth=0.010
[135 25/372] semantic=0.125 depth=0.009
[135 50/372] semantic=0.139 depth=0.009
MGDA-WARM WEIGHTS step=49900 weights=[0.49808526039123535, 0.5019147396087646]
[135 75/372] semantic=0.147 depth=0.009
[135 100/372] semantic=0.121 depth=0.008
[135 125/372] semantic=0.135 depth=0.009
[135 150/372] semantic=0.112 depth=0.010
MGDA-WARM WEIGHTS step=50000 weights=[0.4998212456703186, 0.5001786947250366]
[135 175/372] semantic=0.167 depth=0.009
[135 200/372] semantic=0.130 depth=0.009
[135 225/372] semantic=0.137 depth=0.009
[135 250/372] semantic=0.144 depth=0.012
MGDA-WARM WEIGHTS step=50100 weights=[0.49808984994888306, 0.5019101500511169]
[135 275/372] semantic=0.116 depth=0.012
[135 300/372] semantic=0.142 depth=0.008
[135 325/372] semantic=0.137 depth=0.009
[135 350/372] semantic=0.140 depth=0.008
MGDA-WARM WEIGHTS step=50200 weights=[0.5003279447555542, 0.4996720552444458]
[135 372/372] semantic=0.140 depth=0.010
Epoch 135: mIoU=75.010 pix=93.430 abs=0.0141 rel=57.1821 delta=29.223 wall_h=25.554
[136 1/372] semantic=0.143 depth=0.009
[136 25/372] semantic=0.137 depth=0.011
[136 50/372] semantic=0.153 depth=0.009
[136 75/372] semantic=0.118 depth=0.008
MGDA-WARM WEIGHTS step=50300 weights=[0.4943409860134125, 0.5056589841842651]
[136 100/372] semantic=0.126 depth=0.013
[136 125/372] semantic=0.100 depth=0.008
[136 150/372] semantic=0.154 depth=0.010
[136 175/372] semantic=0.137 depth=0.010
MGDA-WARM WEIGHTS step=50400 weights=[0.4974783658981323, 0.5025216341018677]
[136 200/372] semantic=0.174 depth=0.009
[136 225/372] semantic=0.159 depth=0.009
[136 250/372] semantic=0.182 depth=0.010
[136 275/372] semantic=0.147 depth=0.009
MGDA-WARM WEIGHTS step=50500 weights=[0.4989332854747772, 0.5010666847229004]
[136 300/372] semantic=0.141 depth=0.012
[136 325/372] semantic=0.105 depth=0.010
[136 350/372] semantic=0.174 depth=0.009
[136 372/372] semantic=0.109 depth=0.012
Epoch 136: mIoU=74.812 pix=93.403 abs=0.0160 rel=49.7635 delta=26.491 wall_h=25.737
[137 1/372] semantic=0.128 depth=0.008
MGDA-WARM WEIGHTS step=50600 weights=[0.5021874904632568, 0.49781253933906555]
[137 25/372] semantic=0.122 depth=0.008
[137 50/372] semantic=0.138 depth=0.010
[137 75/372] semantic=0.150 depth=0.010
[137 100/372] semantic=0.123 depth=0.011
MGDA-WARM WEIGHTS step=50700 weights=[0.504402756690979, 0.495597243309021]
[137 125/372] semantic=0.155 depth=0.008
[137 150/372] semantic=0.182 depth=0.010
[137 175/372] semantic=0.119 depth=0.010
[137 200/372] semantic=0.102 depth=0.009
MGDA-WARM WEIGHTS step=50800 weights=[0.5044485330581665, 0.4955514967441559]
[137 225/372] semantic=0.120 depth=0.009
[137 250/372] semantic=0.205 depth=0.009
[137 275/372] semantic=0.106 depth=0.010
[137 300/372] semantic=0.215 depth=0.012
MGDA-WARM WEIGHTS step=50900 weights=[0.49795690178871155, 0.5020430684089661]
[137 325/372] semantic=0.156 depth=0.010
[137 350/372] semantic=0.133 depth=0.008
[137 372/372] semantic=0.098 depth=0.008
Epoch 137: mIoU=75.097 pix=93.391 abs=0.0148 rel=49.7132 delta=23.885 wall_h=25.920
[138 1/372] semantic=0.108 depth=0.012
[138 25/372] semantic=0.169 depth=0.010
MGDA-WARM WEIGHTS step=51000 weights=[0.48040303587913513, 0.5195969343185425]
[138 50/372] semantic=0.126 depth=0.009
[138 75/372] semantic=0.144 depth=0.009
[138 100/372] semantic=0.119 depth=0.009
[138 125/372] semantic=0.127 depth=0.008
MGDA-WARM WEIGHTS step=51100 weights=[0.4896407127380371, 0.5103592872619629]
[138 150/372] semantic=0.143 depth=0.009
[138 175/372] semantic=0.150 depth=0.007
[138 200/372] semantic=0.136 depth=0.008
[138 225/372] semantic=0.134 depth=0.008
MGDA-WARM WEIGHTS step=51200 weights=[0.4966411590576172, 0.5033588409423828]
[138 250/372] semantic=0.164 depth=0.009
[138 275/372] semantic=0.137 depth=0.009
[138 300/372] semantic=0.117 depth=0.009
[138 325/372] semantic=0.138 depth=0.010
MGDA-WARM WEIGHTS step=51300 weights=[0.5012557506561279, 0.49874427914619446]
[138 350/372] semantic=0.157 depth=0.012
[138 372/372] semantic=0.158 depth=0.010
Epoch 138: mIoU=75.004 pix=93.402 abs=0.0153 rel=48.8049 delta=24.064 wall_h=26.100
[139 1/372] semantic=0.139 depth=0.009
[139 25/372] semantic=0.166 depth=0.011
[139 50/372] semantic=0.145 depth=0.010
MGDA-WARM WEIGHTS step=51400 weights=[0.4999782145023346, 0.5000218152999878]
[139 75/372] semantic=0.135 depth=0.008
[139 100/372] semantic=0.124 depth=0.012
[139 125/372] semantic=0.126 depth=0.010
[139 150/372] semantic=0.146 depth=0.010
MGDA-WARM WEIGHTS step=51500 weights=[0.5034869909286499, 0.4965130090713501]
[139 175/372] semantic=0.128 depth=0.012
[139 200/372] semantic=0.127 depth=0.009
[139 225/372] semantic=0.129 depth=0.010
[139 250/372] semantic=0.118 depth=0.010
MGDA-WARM WEIGHTS step=51600 weights=[0.5076227188110352, 0.49237728118896484]
[139 275/372] semantic=0.129 depth=0.010
[139 300/372] semantic=0.161 depth=0.010
[139 325/372] semantic=0.144 depth=0.008
[139 350/372] semantic=0.155 depth=0.010
MGDA-WARM WEIGHTS step=51700 weights=[0.5038635730743408, 0.4961363971233368]
[139 372/372] semantic=0.153 depth=0.011
Epoch 139: mIoU=74.923 pix=93.441 abs=0.0144 rel=54.0849 delta=27.067 wall_h=26.281
[140 1/372] semantic=0.115 depth=0.013
[140 25/372] semantic=0.133 depth=0.009
[140 50/372] semantic=0.128 depth=0.009
[140 75/372] semantic=0.121 depth=0.011
MGDA-WARM WEIGHTS step=51800 weights=[0.5065762996673584, 0.4934236705303192]
[140 100/372] semantic=0.135 depth=0.009
[140 125/372] semantic=0.122 depth=0.010
[140 150/372] semantic=0.171 depth=0.016
[140 175/372] semantic=0.143 depth=0.009
MGDA-WARM WEIGHTS step=51900 weights=[0.49915996193885803, 0.5008400678634644]
[140 200/372] semantic=0.120 depth=0.009
[140 225/372] semantic=0.120 depth=0.007
[140 250/372] semantic=0.131 depth=0.009
[140 275/372] semantic=0.173 depth=0.010
MGDA-WARM WEIGHTS step=52000 weights=[0.49849584698677063, 0.5015041828155518]
[140 300/372] semantic=0.133 depth=0.009
[140 325/372] semantic=0.121 depth=0.010
[140 350/372] semantic=0.158 depth=0.010
[140 372/372] semantic=0.111 depth=0.009
Epoch 140: mIoU=75.166 pix=93.460 abs=0.0169 rel=45.2298 delta=24.018 wall_h=26.464
[141 1/372] semantic=0.123 depth=0.009
MGDA-WARM WEIGHTS step=52100 weights=[0.49974188208580017, 0.5002580881118774]
[141 25/372] semantic=0.138 depth=0.009
[141 50/372] semantic=0.152 depth=0.007
[141 75/372] semantic=0.113 depth=0.008
[141 100/372] semantic=0.130 depth=0.008
MGDA-WARM WEIGHTS step=52200 weights=[0.49927064776420593, 0.5007293224334717]
[141 125/372] semantic=0.145 depth=0.009
[141 150/372] semantic=0.165 depth=0.011
[141 175/372] semantic=0.140 depth=0.010
[141 200/372] semantic=0.121 depth=0.011
MGDA-WARM WEIGHTS step=52300 weights=[0.4946288466453552, 0.5053711533546448]
[141 225/372] semantic=0.135 depth=0.015
[141 250/372] semantic=0.106 depth=0.008
[141 275/372] semantic=0.164 depth=0.009
[141 300/372] semantic=0.139 depth=0.009
MGDA-WARM WEIGHTS step=52400 weights=[0.5044797658920288, 0.4955202043056488]
[141 325/372] semantic=0.144 depth=0.007
[141 350/372] semantic=0.127 depth=0.009
[141 372/372] semantic=0.141 depth=0.009
Epoch 141: mIoU=75.096 pix=93.458 abs=0.0167 rel=49.0658 delta=27.145 wall_h=26.640
[142 1/372] semantic=0.145 depth=0.010
[142 25/372] semantic=0.166 depth=0.009
MGDA-WARM WEIGHTS step=52500 weights=[0.49547988176345825, 0.5045201778411865]
[142 50/372] semantic=0.138 depth=0.010
[142 75/372] semantic=0.108 depth=0.010
[142 100/372] semantic=0.161 depth=0.009
[142 125/372] semantic=0.170 depth=0.008
MGDA-WARM WEIGHTS step=52600 weights=[0.49687856435775757, 0.5031214356422424]
[142 150/372] semantic=0.144 depth=0.011
[142 175/372] semantic=0.137 depth=0.007
[142 200/372] semantic=0.120 depth=0.011
[142 225/372] semantic=0.158 depth=0.011
MGDA-WARM WEIGHTS step=52700 weights=[0.4983421564102173, 0.5016578435897827]
[142 250/372] semantic=0.123 depth=0.008
[142 275/372] semantic=0.119 depth=0.009
[142 300/372] semantic=0.130 depth=0.010
[142 325/372] semantic=0.122 depth=0.012
MGDA-WARM WEIGHTS step=52800 weights=[0.5019245147705078, 0.4980754554271698]
[142 350/372] semantic=0.142 depth=0.009
[142 372/372] semantic=0.127 depth=0.009
Epoch 142: mIoU=74.831 pix=93.426 abs=0.0160 rel=48.1965 delta=24.953 wall_h=26.814
[143 1/372] semantic=0.139 depth=0.010
[143 25/372] semantic=0.118 depth=0.010
[143 50/372] semantic=0.127 depth=0.010
[143 75/372] semantic=0.112 depth=0.010
MGDA-WARM WEIGHTS step=52900 weights=[0.4985916018486023, 0.5014083981513977]
[143 100/372] semantic=0.150 depth=0.008
[143 125/372] semantic=0.098 depth=0.010
[143 150/372] semantic=0.152 depth=0.010
[143 175/372] semantic=0.157 depth=0.007
MGDA-WARM WEIGHTS step=53000 weights=[0.494735985994339, 0.5052640438079834]
[143 200/372] semantic=0.141 depth=0.008
[143 225/372] semantic=0.143 depth=0.009
[143 250/372] semantic=0.116 depth=0.010
[143 275/372] semantic=0.145 depth=0.010
MGDA-WARM WEIGHTS step=53100 weights=[0.49524956941604614, 0.5047504305839539]
[143 300/372] semantic=0.147 depth=0.008
[143 325/372] semantic=0.137 depth=0.008
[143 350/372] semantic=0.145 depth=0.010
[143 372/372] semantic=0.142 depth=0.008
Epoch 143: mIoU=75.038 pix=93.453 abs=0.0155 rel=50.5741 delta=26.049 wall_h=26.997
[144 1/372] semantic=0.127 depth=0.009
MGDA-WARM WEIGHTS step=53200 weights=[0.493482381105423, 0.5065176486968994]
[144 25/372] semantic=0.154 depth=0.010
[144 50/372] semantic=0.136 depth=0.008
[144 75/372] semantic=0.143 depth=0.009
[144 100/372] semantic=0.127 depth=0.007
MGDA-WARM WEIGHTS step=53300 weights=[0.5024017095565796, 0.4975982904434204]
[144 125/372] semantic=0.123 depth=0.008
[144 150/372] semantic=0.142 depth=0.008
[144 175/372] semantic=0.169 depth=0.008
[144 200/372] semantic=0.139 depth=0.010
MGDA-WARM WEIGHTS step=53400 weights=[0.5000510215759277, 0.4999489486217499]
[144 225/372] semantic=0.133 depth=0.012
[144 250/372] semantic=0.142 depth=0.011
[144 275/372] semantic=0.139 depth=0.008
[144 300/372] semantic=0.140 depth=0.009
MGDA-WARM WEIGHTS step=53500 weights=[0.49883174896240234, 0.5011682510375977]
[144 325/372] semantic=0.152 depth=0.009
[144 350/372] semantic=0.130 depth=0.011
[144 372/372] semantic=0.117 depth=0.007
Epoch 144: mIoU=75.074 pix=93.419 abs=0.0152 rel=51.1078 delta=25.969 wall_h=27.182
[145 1/372] semantic=0.149 depth=0.009
[145 25/372] semantic=0.129 depth=0.007
MGDA-WARM WEIGHTS step=53600 weights=[0.5022542476654053, 0.49774572253227234]
[145 50/372] semantic=0.106 depth=0.008
[145 75/372] semantic=0.143 depth=0.009
[145 100/372] semantic=0.129 depth=0.009
[145 125/372] semantic=0.085 depth=0.010
MGDA-WARM WEIGHTS step=53700 weights=[0.4995352625846863, 0.5004647970199585]
[145 150/372] semantic=0.127 depth=0.008
[145 175/372] semantic=0.162 depth=0.009
[145 200/372] semantic=0.136 depth=0.009
[145 225/372] semantic=0.186 depth=0.009
MGDA-WARM WEIGHTS step=53800 weights=[0.49941501021385193, 0.5005849599838257]
[145 250/372] semantic=0.189 depth=0.010
[145 275/372] semantic=0.142 depth=0.010
[145 300/372] semantic=0.127 depth=0.009
[145 325/372] semantic=0.128 depth=0.010
MGDA-WARM WEIGHTS step=53900 weights=[0.5010024309158325, 0.4989975690841675]
[145 350/372] semantic=0.171 depth=0.010
[145 372/372] semantic=0.131 depth=0.011
Epoch 145: mIoU=75.021 pix=93.428 abs=0.0153 rel=46.5004 delta=21.997 wall_h=27.363
[146 1/372] semantic=0.103 depth=0.011
[146 25/372] semantic=0.156 depth=0.007
[146 50/372] semantic=0.140 depth=0.007
MGDA-WARM WEIGHTS step=54000 weights=[0.5025817155838013, 0.4974183142185211]
[146 75/372] semantic=0.143 depth=0.009
[146 100/372] semantic=0.145 depth=0.010
[146 125/372] semantic=0.164 depth=0.008
[146 150/372] semantic=0.122 depth=0.009
MGDA-WARM WEIGHTS step=54100 weights=[0.5009838342666626, 0.4990161657333374]
[146 175/372] semantic=0.134 depth=0.010
[146 200/372] semantic=0.124 depth=0.008
[146 225/372] semantic=0.126 depth=0.008
[146 250/372] semantic=0.114 depth=0.008
MGDA-WARM WEIGHTS step=54200 weights=[0.4984116852283478, 0.5015883445739746]
[146 275/372] semantic=0.126 depth=0.009
[146 300/372] semantic=0.144 depth=0.010
[146 325/372] semantic=0.164 depth=0.008
[146 350/372] semantic=0.149 depth=0.009
MGDA-WARM WEIGHTS step=54300 weights=[0.4979151785373688, 0.5020848512649536]
[146 372/372] semantic=0.145 depth=0.009
Epoch 146: mIoU=74.882 pix=93.427 abs=0.0140 rel=52.7129 delta=25.112 wall_h=27.537
[147 1/372] semantic=0.141 depth=0.010
[147 25/372] semantic=0.142 depth=0.008
[147 50/372] semantic=0.121 depth=0.011
[147 75/372] semantic=0.103 depth=0.010
MGDA-WARM WEIGHTS step=54400 weights=[0.5011851787567139, 0.49881476163864136]
[147 100/372] semantic=0.121 depth=0.013
[147 125/372] semantic=0.138 depth=0.010
[147 150/372] semantic=0.113 depth=0.011
[147 175/372] semantic=0.154 depth=0.010
MGDA-WARM WEIGHTS step=54500 weights=[0.4996698796749115, 0.5003300905227661]
[147 200/372] semantic=0.113 depth=0.008
[147 225/372] semantic=0.162 depth=0.012
[147 250/372] semantic=0.151 depth=0.010
[147 275/372] semantic=0.102 depth=0.009
MGDA-WARM WEIGHTS step=54600 weights=[0.497717946767807, 0.5022820830345154]
[147 300/372] semantic=0.133 depth=0.009
[147 325/372] semantic=0.131 depth=0.008
[147 350/372] semantic=0.125 depth=0.013
[147 372/372] semantic=0.094 depth=0.012
Epoch 147: mIoU=74.713 pix=93.219 abs=0.0168 rel=44.3226 delta=23.211 wall_h=27.715
[148 1/372] semantic=0.199 depth=0.014
MGDA-WARM WEIGHTS step=54700 weights=[0.4952846169471741, 0.5047153234481812]
[148 25/372] semantic=0.136 depth=0.007
[148 50/372] semantic=0.124 depth=0.010
[148 75/372] semantic=0.135 depth=0.009
[148 100/372] semantic=0.118 depth=0.009
MGDA-WARM WEIGHTS step=54800 weights=[0.4992176294326782, 0.5007823705673218]
[148 125/372] semantic=0.146 depth=0.010
[148 150/372] semantic=0.130 depth=0.010
[148 175/372] semantic=0.147 depth=0.008
[148 200/372] semantic=0.131 depth=0.010
MGDA-WARM WEIGHTS step=54900 weights=[0.5012780427932739, 0.4987219274044037]
[148 225/372] semantic=0.113 depth=0.011
[148 250/372] semantic=0.138 depth=0.007
[148 275/372] semantic=0.171 depth=0.008
[148 300/372] semantic=0.142 depth=0.009
MGDA-WARM WEIGHTS step=55000 weights=[0.5013607740402222, 0.49863922595977783]
[148 325/372] semantic=0.189 depth=0.010
[148 350/372] semantic=0.148 depth=0.008
[148 372/372] semantic=0.157 depth=0.007
Epoch 148: mIoU=74.619 pix=93.362 abs=0.0150 rel=50.7314 delta=25.436 wall_h=27.889
[149 1/372] semantic=0.135 depth=0.009
[149 25/372] semantic=0.135 depth=0.011
MGDA-WARM WEIGHTS step=55100 weights=[0.4983459413051605, 0.5016540884971619]
[149 50/372] semantic=0.153 depth=0.010
[149 75/372] semantic=0.173 depth=0.010
[149 100/372] semantic=0.132 depth=0.011
[149 125/372] semantic=0.143 depth=0.008
MGDA-WARM WEIGHTS step=55200 weights=[0.5019410848617554, 0.498058944940567]
[149 150/372] semantic=0.155 depth=0.007
[149 175/372] semantic=0.142 depth=0.010
[149 200/372] semantic=0.137 depth=0.010
[149 225/372] semantic=0.111 depth=0.010
MGDA-WARM WEIGHTS step=55300 weights=[0.5006211996078491, 0.4993788003921509]
[149 250/372] semantic=0.120 depth=0.012
[149 275/372] semantic=0.129 depth=0.008
[149 300/372] semantic=0.121 depth=0.010
[149 325/372] semantic=0.132 depth=0.009
MGDA-WARM WEIGHTS step=55400 weights=[0.5015469193458557, 0.4984530508518219]
[149 350/372] semantic=0.144 depth=0.014
[149 372/372] semantic=0.124 depth=0.009
Epoch 149: mIoU=74.907 pix=93.449 abs=0.0160 rel=45.2693 delta=22.454 wall_h=28.063
[150 1/372] semantic=0.131 depth=0.010
[150 25/372] semantic=0.113 depth=0.010
[150 50/372] semantic=0.157 depth=0.010
MGDA-WARM WEIGHTS step=55500 weights=[0.49758896231651306, 0.5024110078811646]
[150 75/372] semantic=0.144 depth=0.008
[150 100/372] semantic=0.104 depth=0.009
[150 125/372] semantic=0.165 depth=0.009
[150 150/372] semantic=0.112 depth=0.009
MGDA-WARM WEIGHTS step=55600 weights=[0.5004847049713135, 0.4995153248310089]
[150 175/372] semantic=0.142 depth=0.011
[150 200/372] semantic=0.138 depth=0.010
[150 225/372] semantic=0.132 depth=0.008
[150 250/372] semantic=0.140 depth=0.008
MGDA-WARM WEIGHTS step=55700 weights=[0.5057495832443237, 0.49425047636032104]
[150 275/372] semantic=0.127 depth=0.008
[150 300/372] semantic=0.171 depth=0.012
[150 325/372] semantic=0.118 depth=0.008
[150 350/372] semantic=0.134 depth=0.010
MGDA-WARM WEIGHTS step=55800 weights=[0.493669331073761, 0.5063306093215942]
[150 372/372] semantic=0.145 depth=0.009
Epoch 150: mIoU=74.990 pix=93.465 abs=0.0148 rel=52.4767 delta=26.371 wall_h=28.241
[151 1/372] semantic=0.141 depth=0.011
[151 25/372] semantic=0.137 depth=0.008
[151 50/372] semantic=0.155 depth=0.009
[151 75/372] semantic=0.121 depth=0.010
MGDA-WARM WEIGHTS step=55900 weights=[0.504768967628479, 0.495231032371521]
[151 100/372] semantic=0.138 depth=0.008
[151 125/372] semantic=0.146 depth=0.011
[151 150/372] semantic=0.161 depth=0.008
[151 175/372] semantic=0.139 depth=0.012
MGDA-WARM WEIGHTS step=56000 weights=[0.49529093503952026, 0.5047091245651245]
[151 200/372] semantic=0.120 depth=0.010
[151 225/372] semantic=0.129 depth=0.010
[151 250/372] semantic=0.149 depth=0.008
[151 275/372] semantic=0.121 depth=0.009
MGDA-WARM WEIGHTS step=56100 weights=[0.49832600355148315, 0.5016739964485168]
[151 300/372] semantic=0.150 depth=0.011
[151 325/372] semantic=0.115 depth=0.007
[151 350/372] semantic=0.111 depth=0.008
[151 372/372] semantic=0.112 depth=0.010
Epoch 151: mIoU=75.194 pix=93.541 abs=0.0140 rel=53.0346 delta=25.189 wall_h=28.418
[152 1/372] semantic=0.134 depth=0.009
[152 25/372] semantic=0.139 depth=0.012
MGDA-WARM WEIGHTS step=56200 weights=[0.5040818452835083, 0.4959181547164917]
[152 50/372] semantic=0.160 depth=0.010
[152 75/372] semantic=0.118 depth=0.009
[152 100/372] semantic=0.128 depth=0.008
[152 125/372] semantic=0.143 depth=0.009
MGDA-WARM WEIGHTS step=56300 weights=[0.5004852414131165, 0.49951472878456116]
[152 150/372] semantic=0.138 depth=0.010
[152 175/372] semantic=0.136 depth=0.010
[152 200/372] semantic=0.146 depth=0.009
[152 225/372] semantic=0.117 depth=0.008
MGDA-WARM WEIGHTS step=56400 weights=[0.4983185827732086, 0.5016814470291138]
[152 250/372] semantic=0.165 depth=0.011
[152 275/372] semantic=0.126 depth=0.011
[152 300/372] semantic=0.117 depth=0.009
[152 325/372] semantic=0.160 depth=0.010
MGDA-WARM WEIGHTS step=56500 weights=[0.49981844425201416, 0.5001815557479858]
[152 350/372] semantic=0.125 depth=0.008
[152 372/372] semantic=0.196 depth=0.010
Epoch 152: mIoU=75.480 pix=93.483 abs=0.0138 rel=57.1384 delta=28.398 wall_h=28.599
[153 1/372] semantic=0.133 depth=0.009
[153 25/372] semantic=0.106 depth=0.010
[153 50/372] semantic=0.175 depth=0.013
MGDA-WARM WEIGHTS step=56600 weights=[0.49865996837615967, 0.5013400316238403]
[153 75/372] semantic=0.162 depth=0.013
[153 100/372] semantic=0.141 depth=0.009
[153 125/372] semantic=0.132 depth=0.008
[153 150/372] semantic=0.155 depth=0.009
MGDA-WARM WEIGHTS step=56700 weights=[0.5005048513412476, 0.49949514865875244]
[153 175/372] semantic=0.134 depth=0.008
[153 200/372] semantic=0.165 depth=0.009
[153 225/372] semantic=0.151 depth=0.009
[153 250/372] semantic=0.158 depth=0.009
MGDA-WARM WEIGHTS step=56800 weights=[0.499679833650589, 0.5003201961517334]
[153 275/372] semantic=0.122 depth=0.009
[153 300/372] semantic=0.114 depth=0.009
[153 325/372] semantic=0.112 depth=0.009
[153 350/372] semantic=0.180 depth=0.010
MGDA-WARM WEIGHTS step=56900 weights=[0.49989232420921326, 0.5001077055931091]
[153 372/372] semantic=0.117 depth=0.011
Epoch 153: mIoU=74.970 pix=93.488 abs=0.0143 rel=51.7050 delta=24.656 wall_h=28.816
[154 1/372] semantic=0.114 depth=0.009
[154 25/372] semantic=0.146 depth=0.010
[154 50/372] semantic=0.134 depth=0.009
[154 75/372] semantic=0.139 depth=0.008
MGDA-WARM WEIGHTS step=57000 weights=[0.5018442869186401, 0.49815574288368225]
[154 100/372] semantic=0.105 depth=0.008
[154 125/372] semantic=0.146 depth=0.010
[154 150/372] semantic=0.126 depth=0.009
[154 175/372] semantic=0.096 depth=0.010
MGDA-WARM WEIGHTS step=57100 weights=[0.5010416507720947, 0.49895837903022766]
[154 200/372] semantic=0.118 depth=0.009
[154 225/372] semantic=0.138 depth=0.010
[154 250/372] semantic=0.119 depth=0.011
[154 275/372] semantic=0.184 depth=0.010
MGDA-WARM WEIGHTS step=57200 weights=[0.502270519733429, 0.49772945046424866]
[154 300/372] semantic=0.118 depth=0.010
[154 325/372] semantic=0.136 depth=0.008
[154 350/372] semantic=0.165 depth=0.008
[154 372/372] semantic=0.145 depth=0.011
Epoch 154: mIoU=75.314 pix=93.521 abs=0.0138 rel=54.1777 delta=25.923 wall_h=28.993
[155 1/372] semantic=0.145 depth=0.011
MGDA-WARM WEIGHTS step=57300 weights=[0.4978632628917694, 0.5021367073059082]
[155 25/372] semantic=0.133 depth=0.008
[155 50/372] semantic=0.114 depth=0.009
[155 75/372] semantic=0.131 depth=0.009
[155 100/372] semantic=0.097 depth=0.008
MGDA-WARM WEIGHTS step=57400 weights=[0.49752873182296753, 0.5024713277816772]
[155 125/372] semantic=0.166 depth=0.007
[155 150/372] semantic=0.157 depth=0.008
[155 175/372] semantic=0.153 depth=0.009
[155 200/372] semantic=0.132 depth=0.008
MGDA-WARM WEIGHTS step=57500 weights=[0.504908561706543, 0.4950914680957794]
[155 225/372] semantic=0.124 depth=0.010
[155 250/372] semantic=0.138 depth=0.009
[155 275/372] semantic=0.137 depth=0.010
[155 300/372] semantic=0.149 depth=0.010
MGDA-WARM WEIGHTS step=57600 weights=[0.5063067674636841, 0.4936932325363159]
[155 325/372] semantic=0.131 depth=0.009
[155 350/372] semantic=0.140 depth=0.011
[155 372/372] semantic=0.139 depth=0.010
Epoch 155: mIoU=75.149 pix=93.512 abs=0.0167 rel=45.6115 delta=23.990 wall_h=29.166
[156 1/372] semantic=0.123 depth=0.010
[156 25/372] semantic=0.115 depth=0.010
MGDA-WARM WEIGHTS step=57700 weights=[0.4959779381752014, 0.5040220618247986]
[156 50/372] semantic=0.136 depth=0.008
[156 75/372] semantic=0.090 depth=0.010
[156 100/372] semantic=0.123 depth=0.008
[156 125/372] semantic=0.119 depth=0.010
MGDA-WARM WEIGHTS step=57800 weights=[0.497010201215744, 0.5029897689819336]
[156 150/372] semantic=0.127 depth=0.011
[156 175/372] semantic=0.145 depth=0.011
[156 200/372] semantic=0.134 depth=0.009
[156 225/372] semantic=0.139 depth=0.007
MGDA-WARM WEIGHTS step=57900 weights=[0.5026768445968628, 0.4973231852054596]
[156 250/372] semantic=0.148 depth=0.009
[156 275/372] semantic=0.126 depth=0.008
[156 300/372] semantic=0.138 depth=0.011
[156 325/372] semantic=0.151 depth=0.009
MGDA-WARM WEIGHTS step=58000 weights=[0.4968174397945404, 0.5031825304031372]
[156 350/372] semantic=0.144 depth=0.008
[156 372/372] semantic=0.112 depth=0.008
Epoch 156: mIoU=75.187 pix=93.537 abs=0.0154 rel=48.9931 delta=24.380 wall_h=29.365
[157 1/372] semantic=0.132 depth=0.009
[157 25/372] semantic=0.151 depth=0.011
[157 50/372] semantic=0.108 depth=0.010
MGDA-WARM WEIGHTS step=58100 weights=[0.4980320632457733, 0.5019679069519043]
[157 75/372] semantic=0.151 depth=0.010
[157 100/372] semantic=0.110 depth=0.008
[157 125/372] semantic=0.131 depth=0.011
[157 150/372] semantic=0.110 depth=0.008
MGDA-WARM WEIGHTS step=58200 weights=[0.49731680750846863, 0.502683162689209]
[157 175/372] semantic=0.140 depth=0.008
[157 200/372] semantic=0.140 depth=0.009
[157 225/372] semantic=0.123 depth=0.009
[157 250/372] semantic=0.142 depth=0.009
MGDA-WARM WEIGHTS step=58300 weights=[0.49735721945762634, 0.5026427507400513]
[157 275/372] semantic=0.158 depth=0.013
[157 300/372] semantic=0.127 depth=0.009
[157 325/372] semantic=0.112 depth=0.011
[157 350/372] semantic=0.116 depth=0.008
MGDA-WARM WEIGHTS step=58400 weights=[0.50336754322052, 0.49663245677948]
[157 372/372] semantic=0.141 depth=0.012
Epoch 157: mIoU=75.077 pix=93.518 abs=0.0143 rel=50.2475 delta=23.465 wall_h=29.575
[158 1/372] semantic=0.123 depth=0.010
[158 25/372] semantic=0.102 depth=0.011
[158 50/372] semantic=0.126 depth=0.008
[158 75/372] semantic=0.114 depth=0.009
MGDA-WARM WEIGHTS step=58500 weights=[0.5013090968132019, 0.4986909031867981]
[158 100/372] semantic=0.159 depth=0.009
[158 125/372] semantic=0.117 depth=0.008
[158 150/372] semantic=0.169 depth=0.007
[158 175/372] semantic=0.144 depth=0.008
MGDA-WARM WEIGHTS step=58600 weights=[0.49866315722465515, 0.5013368129730225]
[158 200/372] semantic=0.140 depth=0.010
[158 225/372] semantic=0.147 depth=0.009
[158 250/372] semantic=0.121 depth=0.008
[158 275/372] semantic=0.134 depth=0.011
MGDA-WARM WEIGHTS step=58700 weights=[0.5005335807800293, 0.4994663596153259]
[158 300/372] semantic=0.140 depth=0.011
[158 325/372] semantic=0.138 depth=0.009
[158 350/372] semantic=0.156 depth=0.013
[158 372/372] semantic=0.160 depth=0.008
Epoch 158: mIoU=73.977 pix=93.118 abs=0.0171 rel=52.9116 delta=31.784 wall_h=29.749
[159 1/372] semantic=0.124 depth=0.009
MGDA-WARM WEIGHTS step=58800 weights=[0.489182710647583, 0.510817289352417]
[159 25/372] semantic=0.134 depth=0.009
[159 50/372] semantic=0.160 depth=0.010
[159 75/372] semantic=0.137 depth=0.011
[159 100/372] semantic=0.133 depth=0.010
MGDA-WARM WEIGHTS step=58900 weights=[0.4978855848312378, 0.5021144151687622]
[159 125/372] semantic=0.148 depth=0.009
[159 150/372] semantic=0.116 depth=0.009
[159 175/372] semantic=0.100 depth=0.011
[159 200/372] semantic=0.162 depth=0.008
MGDA-WARM WEIGHTS step=59000 weights=[0.49666640162467957, 0.5033336281776428]
[159 225/372] semantic=0.134 depth=0.009
[159 250/372] semantic=0.136 depth=0.010
[159 275/372] semantic=0.143 depth=0.009
[159 300/372] semantic=0.138 depth=0.009
MGDA-WARM WEIGHTS step=59100 weights=[0.498401015996933, 0.5015989542007446]
[159 325/372] semantic=0.101 depth=0.010
[159 350/372] semantic=0.152 depth=0.009
[159 372/372] semantic=0.134 depth=0.011
Epoch 159: mIoU=75.285 pix=93.568 abs=0.0155 rel=46.4805 delta=22.317 wall_h=29.968
[160 1/372] semantic=0.115 depth=0.008
[160 25/372] semantic=0.160 depth=0.010
[160 50/372] semantic=0.122 depth=0.010
MGDA-WARM WEIGHTS step=59200 weights=[0.5012341737747192, 0.49876582622528076]
[160 75/372] semantic=0.124 depth=0.010
[160 100/372] semantic=0.154 depth=0.011
[160 125/372] semantic=0.122 depth=0.010
[160 150/372] semantic=0.124 depth=0.009
MGDA-WARM WEIGHTS step=59300 weights=[0.4979429841041565, 0.5020569562911987]
[160 175/372] semantic=0.168 depth=0.009
[160 200/372] semantic=0.106 depth=0.010
[160 225/372] semantic=0.116 depth=0.011
[160 250/372] semantic=0.118 depth=0.012
MGDA-WARM WEIGHTS step=59400 weights=[0.5025449991226196, 0.49745500087738037]
[160 275/372] semantic=0.114 depth=0.010
[160 300/372] semantic=0.132 depth=0.009
[160 325/372] semantic=0.110 depth=0.009
[160 350/372] semantic=0.124 depth=0.010
MGDA-WARM WEIGHTS step=59500 weights=[0.5003790855407715, 0.4996209442615509]
[160 372/372] semantic=0.116 depth=0.009
Epoch 160: mIoU=75.355 pix=93.531 abs=0.0151 rel=50.6078 delta=25.126 wall_h=30.216
[161 1/372] semantic=0.126 depth=0.010
[161 25/372] semantic=0.123 depth=0.008
[161 50/372] semantic=0.131 depth=0.007
[161 75/372] semantic=0.118 depth=0.009
MGDA-WARM WEIGHTS step=59600 weights=[0.49522021412849426, 0.5047798156738281]
[161 100/372] semantic=0.114 depth=0.008
[161 125/372] semantic=0.122 depth=0.009
[161 150/372] semantic=0.113 depth=0.010
[161 175/372] semantic=0.113 depth=0.010
MGDA-WARM WEIGHTS step=59700 weights=[0.49782535433769226, 0.5021746158599854]
[161 200/372] semantic=0.141 depth=0.008
[161 225/372] semantic=0.144 depth=0.008
[161 250/372] semantic=0.112 depth=0.009
[161 275/372] semantic=0.136 depth=0.009
MGDA-WARM WEIGHTS step=59800 weights=[0.501977264881134, 0.49802276492118835]
[161 300/372] semantic=0.129 depth=0.009
[161 325/372] semantic=0.112 depth=0.009
[161 350/372] semantic=0.118 depth=0.010
[161 372/372] semantic=0.121 depth=0.007
Epoch 161: mIoU=75.347 pix=93.577 abs=0.0140 rel=52.3311 delta=24.518 wall_h=30.412
[162 1/372] semantic=0.128 depth=0.011
MGDA-WARM WEIGHTS step=59900 weights=[0.5039706230163574, 0.4960293471813202]
[162 25/372] semantic=0.167 depth=0.011
[162 50/372] semantic=0.140 depth=0.008
[162 75/372] semantic=0.197 depth=0.010
[162 100/372] semantic=0.125 depth=0.009
MGDA-WARM WEIGHTS step=60000 weights=[0.5006209015846252, 0.49937912821769714]
[162 125/372] semantic=0.141 depth=0.008
[162 150/372] semantic=0.123 depth=0.008
[162 175/372] semantic=0.119 depth=0.009
[162 200/372] semantic=0.159 depth=0.010
MGDA-WARM WEIGHTS step=60100 weights=[0.49913322925567627, 0.5008667707443237]
[162 225/372] semantic=0.120 depth=0.008
[162 250/372] semantic=0.120 depth=0.010
[162 275/372] semantic=0.158 depth=0.009
[162 300/372] semantic=0.123 depth=0.008
MGDA-WARM WEIGHTS step=60200 weights=[0.4995407462120056, 0.5004592537879944]
[162 325/372] semantic=0.147 depth=0.008
[162 350/372] semantic=0.164 depth=0.013
[162 372/372] semantic=0.130 depth=0.009
Epoch 162: mIoU=75.523 pix=93.567 abs=0.0149 rel=46.1435 delta=20.631 wall_h=30.595
[163 1/372] semantic=0.119 depth=0.007
[163 25/372] semantic=0.116 depth=0.009
MGDA-WARM WEIGHTS step=60300 weights=[0.5020099878311157, 0.4979900121688843]
[163 50/372] semantic=0.127 depth=0.009
[163 75/372] semantic=0.125 depth=0.007
[163 100/372] semantic=0.139 depth=0.010
[163 125/372] semantic=0.127 depth=0.009
MGDA-WARM WEIGHTS step=60400 weights=[0.499679297208786, 0.5003206729888916]
[163 150/372] semantic=0.139 depth=0.009
[163 175/372] semantic=0.135 depth=0.012
[163 200/372] semantic=0.127 depth=0.010
[163 225/372] semantic=0.100 depth=0.011
MGDA-WARM WEIGHTS step=60500 weights=[0.49775370955467224, 0.5022463202476501]
[163 250/372] semantic=0.120 depth=0.010
[163 275/372] semantic=0.131 depth=0.008
[163 300/372] semantic=0.117 depth=0.009
[163 325/372] semantic=0.117 depth=0.012
MGDA-WARM WEIGHTS step=60600 weights=[0.5035696029663086, 0.4964304268360138]
[163 350/372] semantic=0.171 depth=0.009
[163 372/372] semantic=0.148 depth=0.009
Epoch 163: mIoU=75.444 pix=93.559 abs=0.0144 rel=48.3592 delta=21.806 wall_h=30.783
[164 1/372] semantic=0.106 depth=0.008
[164 25/372] semantic=0.145 depth=0.010
[164 50/372] semantic=0.138 depth=0.009
MGDA-WARM WEIGHTS step=60700 weights=[0.5010251402854919, 0.49897485971450806]
[164 75/372] semantic=0.118 depth=0.010
[164 100/372] semantic=0.133 depth=0.009
[164 125/372] semantic=0.128 depth=0.008
[164 150/372] semantic=0.146 depth=0.008
MGDA-WARM WEIGHTS step=60800 weights=[0.49899667501449585, 0.5010033249855042]
[164 175/372] semantic=0.121 depth=0.008
[164 200/372] semantic=0.144 depth=0.009
[164 225/372] semantic=0.127 depth=0.008
[164 250/372] semantic=0.134 depth=0.008
MGDA-WARM WEIGHTS step=60900 weights=[0.4981139898300171, 0.5018860101699829]
[164 275/372] semantic=0.161 depth=0.009
[164 300/372] semantic=0.126 depth=0.010
[164 325/372] semantic=0.144 depth=0.010
[164 350/372] semantic=0.131 depth=0.009
MGDA-WARM WEIGHTS step=61000 weights=[0.502316951751709, 0.49768298864364624]
[164 372/372] semantic=0.110 depth=0.010
Epoch 164: mIoU=75.297 pix=93.541 abs=0.0137 rel=53.8534 delta=25.384 wall_h=31.005
[165 1/372] semantic=0.134 depth=0.010
[165 25/372] semantic=0.120 depth=0.009
[165 50/372] semantic=0.112 depth=0.009
[165 75/372] semantic=0.128 depth=0.008
MGDA-WARM WEIGHTS step=61100 weights=[0.5034536719322205, 0.49654632806777954]
[165 100/372] semantic=0.110 depth=0.009
[165 125/372] semantic=0.121 depth=0.008
[165 150/372] semantic=0.121 depth=0.009
[165 175/372] semantic=0.117 depth=0.012
MGDA-WARM WEIGHTS step=61200 weights=[0.49948087334632874, 0.5005191564559937]
[165 200/372] semantic=0.127 depth=0.007
[165 225/372] semantic=0.116 depth=0.008
[165 250/372] semantic=0.143 depth=0.009
[165 275/372] semantic=0.128 depth=0.013
MGDA-WARM WEIGHTS step=61300 weights=[0.5054432153701782, 0.4945567548274994]
[165 300/372] semantic=0.132 depth=0.009
[165 325/372] semantic=0.140 depth=0.010
[165 350/372] semantic=0.135 depth=0.008
[165 372/372] semantic=0.146 depth=0.009
Epoch 165: mIoU=75.300 pix=93.544 abs=0.0152 rel=50.0823 delta=24.926 wall_h=31.227
[166 1/372] semantic=0.128 depth=0.009
MGDA-WARM WEIGHTS step=61400 weights=[0.5006981492042542, 0.49930182099342346]
[166 25/372] semantic=0.130 depth=0.010
[166 50/372] semantic=0.138 depth=0.009
[166 75/372] semantic=0.114 depth=0.009
[166 100/372] semantic=0.126 depth=0.010
MGDA-WARM WEIGHTS step=61500 weights=[0.4954065978527069, 0.5045933723449707]
[166 125/372] semantic=0.152 depth=0.008
[166 150/372] semantic=0.109 depth=0.008
[166 175/372] semantic=0.122 depth=0.007
[166 200/372] semantic=0.125 depth=0.009
MGDA-WARM WEIGHTS step=61600 weights=[0.5020415186882019, 0.4979584813117981]
[166 225/372] semantic=0.126 depth=0.007
[166 250/372] semantic=0.125 depth=0.011
[166 275/372] semantic=0.110 depth=0.009
[166 300/372] semantic=0.155 depth=0.009
MGDA-WARM WEIGHTS step=61700 weights=[0.4979373514652252, 0.5020626783370972]
[166 325/372] semantic=0.127 depth=0.009
[166 350/372] semantic=0.121 depth=0.012
[166 372/372] semantic=0.137 depth=0.008
Epoch 166: mIoU=75.485 pix=93.575 abs=0.0142 rel=47.6293 delta=20.579 wall_h=31.401
[167 1/372] semantic=0.128 depth=0.009
[167 25/372] semantic=0.147 depth=0.008
MGDA-WARM WEIGHTS step=61800 weights=[0.50618976354599, 0.4938102066516876]
[167 50/372] semantic=0.104 depth=0.009
[167 75/372] semantic=0.143 depth=0.007
[167 100/372] semantic=0.113 depth=0.008
[167 125/372] semantic=0.129 depth=0.010
MGDA-WARM WEIGHTS step=61900 weights=[0.5013115406036377, 0.4986884295940399]
[167 150/372] semantic=0.141 depth=0.009
[167 175/372] semantic=0.122 depth=0.011
[167 200/372] semantic=0.125 depth=0.011
[167 225/372] semantic=0.130 depth=0.008
MGDA-WARM WEIGHTS step=62000 weights=[0.49965524673461914, 0.5003447532653809]
[167 250/372] semantic=0.145 depth=0.008
[167 275/372] semantic=0.113 depth=0.008
[167 300/372] semantic=0.113 depth=0.008
[167 325/372] semantic=0.146 depth=0.008
MGDA-WARM WEIGHTS step=62100 weights=[0.498893141746521, 0.501106858253479]
[167 350/372] semantic=0.128 depth=0.009
[167 372/372] semantic=0.136 depth=0.007
Epoch 167: mIoU=75.435 pix=93.531 abs=0.0161 rel=47.2330 delta=24.120 wall_h=31.575
[168 1/372] semantic=0.129 depth=0.008
[168 25/372] semantic=0.115 depth=0.008
[168 50/372] semantic=0.124 depth=0.008
[168 75/372] semantic=0.144 depth=0.009
MGDA-WARM WEIGHTS step=62200 weights=[0.4985277056694031, 0.5014722347259521]
[168 100/372] semantic=0.138 depth=0.008
[168 125/372] semantic=0.161 depth=0.011
[168 150/372] semantic=0.122 depth=0.009
[168 175/372] semantic=0.129 depth=0.009
MGDA-WARM WEIGHTS step=62300 weights=[0.5056573152542114, 0.4943426847457886]
[168 200/372] semantic=0.146 depth=0.012
[168 225/372] semantic=0.118 depth=0.008
[168 250/372] semantic=0.157 depth=0.010
[168 275/372] semantic=0.103 depth=0.011
MGDA-WARM WEIGHTS step=62400 weights=[0.49979767203330994, 0.5002022981643677]
[168 300/372] semantic=0.123 depth=0.009
[168 325/372] semantic=0.141 depth=0.009
[168 350/372] semantic=0.122 depth=0.009
[168 372/372] semantic=0.116 depth=0.009
Epoch 168: mIoU=75.114 pix=93.523 abs=0.0156 rel=50.5059 delta=26.164 wall_h=31.772
[169 1/372] semantic=0.131 depth=0.009
MGDA-WARM WEIGHTS step=62500 weights=[0.4969061613082886, 0.5030938386917114]
[169 25/372] semantic=0.136 depth=0.012
[169 50/372] semantic=0.126 depth=0.008
[169 75/372] semantic=0.126 depth=0.008
[169 100/372] semantic=0.141 depth=0.008
MGDA-WARM WEIGHTS step=62600 weights=[0.4972778856754303, 0.5027221441268921]
[169 125/372] semantic=0.125 depth=0.007
[169 150/372] semantic=0.139 depth=0.008
[169 175/372] semantic=0.143 depth=0.010
[169 200/372] semantic=0.141 depth=0.008
MGDA-WARM WEIGHTS step=62700 weights=[0.4952988028526306, 0.5047011971473694]
[169 225/372] semantic=0.127 depth=0.008
[169 250/372] semantic=0.116 depth=0.009
[169 275/372] semantic=0.111 depth=0.009
[169 300/372] semantic=0.119 depth=0.007
MGDA-WARM WEIGHTS step=62800 weights=[0.5031498074531555, 0.4968501925468445]
[169 325/372] semantic=0.109 depth=0.010
[169 350/372] semantic=0.101 depth=0.011
[169 372/372] semantic=0.167 depth=0.011
Epoch 169: mIoU=75.525 pix=93.559 abs=0.0143 rel=48.7281 delta=21.793 wall_h=32.000
[170 1/372] semantic=0.104 depth=0.008
[170 25/372] semantic=0.130 depth=0.012
MGDA-WARM WEIGHTS step=62900 weights=[0.4994576871395111, 0.5005423426628113]
[170 50/372] semantic=0.114 depth=0.007
[170 75/372] semantic=0.115 depth=0.007
[170 100/372] semantic=0.156 depth=0.011
[170 125/372] semantic=0.155 depth=0.009
MGDA-WARM WEIGHTS step=63000 weights=[0.5045314431190491, 0.4954685568809509]
[170 150/372] semantic=0.104 depth=0.011
[170 175/372] semantic=0.109 depth=0.009
[170 200/372] semantic=0.107 depth=0.008
[170 225/372] semantic=0.126 depth=0.014
MGDA-WARM WEIGHTS step=63100 weights=[0.5004798769950867, 0.49952012300491333]
[170 250/372] semantic=0.129 depth=0.009
[170 275/372] semantic=0.117 depth=0.009
[170 300/372] semantic=0.130 depth=0.012
[170 325/372] semantic=0.109 depth=0.010
MGDA-WARM WEIGHTS step=63200 weights=[0.48897412419319153, 0.5110258460044861]
[170 350/372] semantic=0.095 depth=0.009
[170 372/372] semantic=0.103 depth=0.009
Epoch 170: mIoU=75.552 pix=93.550 abs=0.0151 rel=48.1164 delta=22.890 wall_h=32.194
[171 1/372] semantic=0.131 depth=0.009
[171 25/372] semantic=0.112 depth=0.009
[171 50/372] semantic=0.093 depth=0.007
MGDA-WARM WEIGHTS step=63300 weights=[0.5019413232803345, 0.4980587065219879]
[171 75/372] semantic=0.125 depth=0.009
[171 100/372] semantic=0.136 depth=0.012
[171 125/372] semantic=0.139 depth=0.009
[171 150/372] semantic=0.159 depth=0.012
MGDA-WARM WEIGHTS step=63400 weights=[0.4947505593299866, 0.5052494406700134]
[171 175/372] semantic=0.106 depth=0.007
[171 200/372] semantic=0.138 depth=0.009
[171 225/372] semantic=0.112 depth=0.009
[171 250/372] semantic=0.134 depth=0.010
MGDA-WARM WEIGHTS step=63500 weights=[0.500320553779602, 0.49967947602272034]
[171 275/372] semantic=0.121 depth=0.008
[171 300/372] semantic=0.152 depth=0.009
[171 325/372] semantic=0.137 depth=0.009
[171 350/372] semantic=0.125 depth=0.008
MGDA-WARM WEIGHTS step=63600 weights=[0.5030007362365723, 0.49699920415878296]
[171 372/372] semantic=0.114 depth=0.008
Epoch 171: mIoU=75.472 pix=93.574 abs=0.0149 rel=46.2940 delta=20.950 wall_h=32.374
[172 1/372] semantic=0.129 depth=0.007
[172 25/372] semantic=0.103 depth=0.009
[172 50/372] semantic=0.102 depth=0.008
[172 75/372] semantic=0.152 depth=0.009
MGDA-WARM WEIGHTS step=63700 weights=[0.5061008334159851, 0.4938991963863373]
[172 100/372] semantic=0.146 depth=0.009
[172 125/372] semantic=0.111 depth=0.009
[172 150/372] semantic=0.159 depth=0.010
[172 175/372] semantic=0.114 depth=0.008
MGDA-WARM WEIGHTS step=63800 weights=[0.5007403492927551, 0.49925968050956726]
[172 200/372] semantic=0.134 depth=0.008
[172 225/372] semantic=0.173 depth=0.010
[172 250/372] semantic=0.156 depth=0.010
[172 275/372] semantic=0.144 depth=0.008
MGDA-WARM WEIGHTS step=63900 weights=[0.49960213899612427, 0.5003979206085205]
[172 300/372] semantic=0.169 depth=0.013
[172 325/372] semantic=0.151 depth=0.010
[172 350/372] semantic=0.120 depth=0.009
[172 372/372] semantic=0.114 depth=0.008
Epoch 172: mIoU=75.280 pix=93.552 abs=0.0143 rel=47.9826 delta=21.278 wall_h=32.553
[173 1/372] semantic=0.099 depth=0.008
MGDA-WARM WEIGHTS step=64000 weights=[0.5002126097679138, 0.4997873902320862]
[173 25/372] semantic=0.181 depth=0.009
[173 50/372] semantic=0.174 depth=0.009
[173 75/372] semantic=0.152 depth=0.008
[173 100/372] semantic=0.137 depth=0.010
MGDA-WARM WEIGHTS step=64100 weights=[0.49905499815940857, 0.500944972038269]
[173 125/372] semantic=0.139 depth=0.008
[173 150/372] semantic=0.156 depth=0.009
[173 175/372] semantic=0.107 depth=0.011
[173 200/372] semantic=0.128 depth=0.009
MGDA-WARM WEIGHTS step=64200 weights=[0.4994218349456787, 0.5005781650543213]
[173 225/372] semantic=0.128 depth=0.009
[173 250/372] semantic=0.163 depth=0.009
[173 275/372] semantic=0.129 depth=0.007
[173 300/372] semantic=0.133 depth=0.012
MGDA-WARM WEIGHTS step=64300 weights=[0.49700403213500977, 0.5029959678649902]
[173 325/372] semantic=0.174 depth=0.011
[173 350/372] semantic=0.125 depth=0.009
[173 372/372] semantic=0.116 depth=0.008
Epoch 173: mIoU=75.487 pix=93.609 abs=0.0141 rel=51.6608 delta=24.002 wall_h=32.732
[174 1/372] semantic=0.139 depth=0.009
[174 25/372] semantic=0.130 depth=0.010
MGDA-WARM WEIGHTS step=64400 weights=[0.4966484010219574, 0.503351628780365]
[174 50/372] semantic=0.115 depth=0.009
[174 75/372] semantic=0.132 depth=0.009
[174 100/372] semantic=0.104 depth=0.008
[174 125/372] semantic=0.120 depth=0.010
MGDA-WARM WEIGHTS step=64500 weights=[0.500159740447998, 0.49984022974967957]
[174 150/372] semantic=0.128 depth=0.008
[174 175/372] semantic=0.164 depth=0.009
[174 200/372] semantic=0.142 depth=0.009
[174 225/372] semantic=0.147 depth=0.009
MGDA-WARM WEIGHTS step=64600 weights=[0.49753814935684204, 0.502461850643158]
[174 250/372] semantic=0.107 depth=0.008
[174 275/372] semantic=0.166 depth=0.010
[174 300/372] semantic=0.108 depth=0.011
[174 325/372] semantic=0.087 depth=0.011
MGDA-WARM WEIGHTS step=64700 weights=[0.5008389949798584, 0.4991610050201416]
[174 350/372] semantic=0.130 depth=0.009
[174 372/372] semantic=0.139 depth=0.008
Epoch 174: mIoU=75.556 pix=93.627 abs=0.0144 rel=47.4503 delta=20.854 wall_h=32.907
[175 1/372] semantic=0.161 depth=0.007
[175 25/372] semantic=0.130 depth=0.009
[175 50/372] semantic=0.129 depth=0.010
MGDA-WARM WEIGHTS step=64800 weights=[0.5052930116653442, 0.4947069585323334]
[175 75/372] semantic=0.118 depth=0.009
[175 100/372] semantic=0.140 depth=0.009
[175 125/372] semantic=0.121 depth=0.010
[175 150/372] semantic=0.124 depth=0.009
MGDA-WARM WEIGHTS step=64900 weights=[0.500583291053772, 0.4994167387485504]
[175 175/372] semantic=0.134 depth=0.008
[175 200/372] semantic=0.120 depth=0.008
[175 225/372] semantic=0.139 depth=0.009
[175 250/372] semantic=0.142 depth=0.009
MGDA-WARM WEIGHTS step=65000 weights=[0.5008610486984253, 0.4991389214992523]
[175 275/372] semantic=0.144 depth=0.009
[175 300/372] semantic=0.102 depth=0.008
[175 325/372] semantic=0.120 depth=0.008
[175 350/372] semantic=0.135 depth=0.009
MGDA-WARM WEIGHTS step=65100 weights=[0.500017523765564, 0.4999825060367584]
[175 372/372] semantic=0.122 depth=0.010
Epoch 175: mIoU=74.967 pix=93.473 abs=0.0153 rel=49.0731 delta=24.376 wall_h=33.080
[176 1/372] semantic=0.129 depth=0.008
[176 25/372] semantic=0.096 depth=0.009
[176 50/372] semantic=0.107 depth=0.010
[176 75/372] semantic=0.100 depth=0.009
MGDA-WARM WEIGHTS step=65200 weights=[0.5036740303039551, 0.4963259994983673]
[176 100/372] semantic=0.119 depth=0.010
[176 125/372] semantic=0.119 depth=0.007
[176 150/372] semantic=0.124 depth=0.009
[176 175/372] semantic=0.143 depth=0.009
MGDA-WARM WEIGHTS step=65300 weights=[0.49924561381340027, 0.5007544159889221]
[176 200/372] semantic=0.140 depth=0.010
[176 225/372] semantic=0.158 depth=0.012
[176 250/372] semantic=0.125 depth=0.007
[176 275/372] semantic=0.134 depth=0.009
MGDA-WARM WEIGHTS step=65400 weights=[0.5039135217666626, 0.496086448431015]
[176 300/372] semantic=0.145 depth=0.009
[176 325/372] semantic=0.128 depth=0.008
[176 350/372] semantic=0.129 depth=0.009
[176 372/372] semantic=0.139 depth=0.008
Epoch 176: mIoU=75.560 pix=93.573 abs=0.0149 rel=49.6275 delta=23.941 wall_h=33.261
[177 1/372] semantic=0.123 depth=0.007
[177 25/372] semantic=0.109 depth=0.008
MGDA-WARM WEIGHTS step=65500 weights=[0.49917083978652954, 0.5008291006088257]
[177 50/372] semantic=0.143 depth=0.008
[177 75/372] semantic=0.141 depth=0.007
[177 100/372] semantic=0.119 depth=0.008
[177 125/372] semantic=0.141 depth=0.009
MGDA-WARM WEIGHTS step=65600 weights=[0.5034918189048767, 0.4965081810951233]
[177 150/372] semantic=0.149 depth=0.010
[177 175/372] semantic=0.162 depth=0.009
[177 200/372] semantic=0.121 depth=0.010
[177 225/372] semantic=0.110 depth=0.010
MGDA-WARM WEIGHTS step=65700 weights=[0.502273440361023, 0.49772655963897705]
[177 250/372] semantic=0.113 depth=0.010
[177 275/372] semantic=0.138 depth=0.008
[177 300/372] semantic=0.127 depth=0.013
[177 325/372] semantic=0.110 depth=0.009
MGDA-WARM WEIGHTS step=65800 weights=[0.49554648995399475, 0.5044534802436829]
[177 350/372] semantic=0.114 depth=0.012
[177 372/372] semantic=0.112 depth=0.009
Epoch 177: mIoU=75.647 pix=93.573 abs=0.0140 rel=52.1886 delta=24.290 wall_h=33.443
[178 1/372] semantic=0.140 depth=0.007
[178 25/372] semantic=0.130 depth=0.007
[178 50/372] semantic=0.131 depth=0.010
MGDA-WARM WEIGHTS step=65900 weights=[0.5027720332145691, 0.4972279369831085]
[178 75/372] semantic=0.116 depth=0.008
[178 100/372] semantic=0.122 depth=0.010
[178 125/372] semantic=0.121 depth=0.009
[178 150/372] semantic=0.126 depth=0.009
MGDA-WARM WEIGHTS step=66000 weights=[0.49779435992240906, 0.5022056102752686]
[178 175/372] semantic=0.115 depth=0.008
[178 200/372] semantic=0.120 depth=0.010
[178 225/372] semantic=0.131 depth=0.011
[178 250/372] semantic=0.145 depth=0.010
MGDA-WARM WEIGHTS step=66100 weights=[0.5002857446670532, 0.49971428513526917]
[178 275/372] semantic=0.109 depth=0.009
[178 300/372] semantic=0.118 depth=0.008
[178 325/372] semantic=0.163 depth=0.010
[178 350/372] semantic=0.111 depth=0.009
MGDA-WARM WEIGHTS step=66200 weights=[0.49976393580436707, 0.5002360343933105]
[178 372/372] semantic=0.124 depth=0.008
Epoch 178: mIoU=75.547 pix=93.555 abs=0.0144 rel=48.5565 delta=21.790 wall_h=33.623
[179 1/372] semantic=0.149 depth=0.008
[179 25/372] semantic=0.142 depth=0.010
[179 50/372] semantic=0.094 depth=0.009
[179 75/372] semantic=0.119 depth=0.009
MGDA-WARM WEIGHTS step=66300 weights=[0.4970605969429016, 0.5029393434524536]
[179 100/372] semantic=0.124 depth=0.008
[179 125/372] semantic=0.116 depth=0.010
[179 150/372] semantic=0.111 depth=0.009
[179 175/372] semantic=0.126 depth=0.008
MGDA-WARM WEIGHTS step=66400 weights=[0.49719950556755066, 0.502800464630127]
[179 200/372] semantic=0.114 depth=0.007
[179 225/372] semantic=0.119 depth=0.008
[179 250/372] semantic=0.103 depth=0.009
[179 275/372] semantic=0.110 depth=0.008
MGDA-WARM WEIGHTS step=66500 weights=[0.4991244673728943, 0.5008754730224609]
[179 300/372] semantic=0.150 depth=0.010
[179 325/372] semantic=0.120 depth=0.009
[179 350/372] semantic=0.129 depth=0.011
[179 372/372] semantic=0.126 depth=0.011
Epoch 179: mIoU=75.370 pix=93.567 abs=0.0158 rel=46.8698 delta=23.131 wall_h=33.802
[180 1/372] semantic=0.124 depth=0.007
MGDA-WARM WEIGHTS step=66600 weights=[0.497910737991333, 0.502089262008667]
[180 25/372] semantic=0.145 depth=0.008
[180 50/372] semantic=0.110 depth=0.010
[180 75/372] semantic=0.152 depth=0.007
[180 100/372] semantic=0.136 depth=0.009
MGDA-WARM WEIGHTS step=66700 weights=[0.4985632598400116, 0.501436710357666]
[180 125/372] semantic=0.125 depth=0.012
[180 150/372] semantic=0.134 depth=0.007
[180 175/372] semantic=0.146 depth=0.008
[180 200/372] semantic=0.134 depth=0.009
MGDA-WARM WEIGHTS step=66800 weights=[0.497110515832901, 0.5028894543647766]
[180 225/372] semantic=0.123 depth=0.008
[180 250/372] semantic=0.135 depth=0.008
[180 275/372] semantic=0.111 depth=0.009
[180 300/372] semantic=0.146 depth=0.010
MGDA-WARM WEIGHTS step=66900 weights=[0.4972641170024872, 0.5027358531951904]
[180 325/372] semantic=0.131 depth=0.008
[180 350/372] semantic=0.150 depth=0.011
[180 372/372] semantic=0.125 depth=0.009
Epoch 180: mIoU=75.143 pix=93.626 abs=0.0146 rel=46.3422 delta=20.438 wall_h=33.982
[181 1/372] semantic=0.129 depth=0.011
[181 25/372] semantic=0.152 depth=0.009
MGDA-WARM WEIGHTS step=67000 weights=[0.5036103129386902, 0.4963896870613098]
[181 50/372] semantic=0.108 depth=0.008
[181 75/372] semantic=0.103 depth=0.010
[181 100/372] semantic=0.095 depth=0.009
[181 125/372] semantic=0.121 depth=0.007
MGDA-WARM WEIGHTS step=67100 weights=[0.4987289011478424, 0.5012710690498352]
[181 150/372] semantic=0.135 depth=0.008
[181 175/372] semantic=0.105 depth=0.011
[181 200/372] semantic=0.139 depth=0.009
[181 225/372] semantic=0.128 depth=0.008
MGDA-WARM WEIGHTS step=67200 weights=[0.5024136304855347, 0.49758630990982056]
[181 250/372] semantic=0.140 depth=0.008
[181 275/372] semantic=0.124 depth=0.009
[181 300/372] semantic=0.134 depth=0.010
[181 325/372] semantic=0.112 depth=0.008
MGDA-WARM WEIGHTS step=67300 weights=[0.4962966740131378, 0.5037033557891846]
[181 350/372] semantic=0.143 depth=0.010
[181 372/372] semantic=0.095 depth=0.009
Epoch 181: mIoU=75.440 pix=93.537 abs=0.0150 rel=48.6821 delta=23.160 wall_h=34.161
[182 1/372] semantic=0.118 depth=0.007
[182 25/372] semantic=0.135 depth=0.010
[182 50/372] semantic=0.106 depth=0.009
MGDA-WARM WEIGHTS step=67400 weights=[0.5000934600830078, 0.49990659952163696]
[182 75/372] semantic=0.125 depth=0.008
[182 100/372] semantic=0.132 depth=0.009
[182 125/372] semantic=0.122 depth=0.009
[182 150/372] semantic=0.112 depth=0.010
MGDA-WARM WEIGHTS step=67500 weights=[0.49599385261535645, 0.5040061473846436]
[182 175/372] semantic=0.131 depth=0.009
[182 200/372] semantic=0.133 depth=0.010
[182 225/372] semantic=0.113 depth=0.009
[182 250/372] semantic=0.126 depth=0.008
MGDA-WARM WEIGHTS step=67600 weights=[0.49897441267967224, 0.5010255575180054]
[182 275/372] semantic=0.106 depth=0.009
[182 300/372] semantic=0.144 depth=0.008
[182 325/372] semantic=0.130 depth=0.008
[182 350/372] semantic=0.139 depth=0.008
MGDA-WARM WEIGHTS step=67700 weights=[0.49985069036483765, 0.5001492500305176]
[182 372/372] semantic=0.126 depth=0.009
Epoch 182: mIoU=75.651 pix=93.558 abs=0.0143 rel=47.0680 delta=20.268 wall_h=34.343
[183 1/372] semantic=0.157 depth=0.007
[183 25/372] semantic=0.122 depth=0.013
[183 50/372] semantic=0.147 depth=0.010
[183 75/372] semantic=0.115 depth=0.008
MGDA-WARM WEIGHTS step=67800 weights=[0.5002056956291199, 0.4997943043708801]
[183 100/372] semantic=0.105 depth=0.009
[183 125/372] semantic=0.131 depth=0.007
[183 150/372] semantic=0.144 depth=0.008
[183 175/372] semantic=0.138 depth=0.010
MGDA-WARM WEIGHTS step=67900 weights=[0.501656174659729, 0.49834388494491577]
[183 200/372] semantic=0.127 depth=0.009
[183 225/372] semantic=0.140 depth=0.009
[183 250/372] semantic=0.131 depth=0.010
[183 275/372] semantic=0.101 depth=0.009
MGDA-WARM WEIGHTS step=68000 weights=[0.5052028894424438, 0.4947971701622009]
[183 300/372] semantic=0.098 depth=0.008
[183 325/372] semantic=0.099 depth=0.009
[183 350/372] semantic=0.127 depth=0.009
[183 372/372] semantic=0.152 depth=0.011
Epoch 183: mIoU=75.373 pix=93.554 abs=0.0141 rel=49.0864 delta=21.862 wall_h=34.525
[184 1/372] semantic=0.128 depth=0.008
MGDA-WARM WEIGHTS step=68100 weights=[0.5006361603736877, 0.49936386942863464]
[184 25/372] semantic=0.106 depth=0.008
[184 50/372] semantic=0.148 depth=0.012
[184 75/372] semantic=0.127 depth=0.009
[184 100/372] semantic=0.121 depth=0.008
MGDA-WARM WEIGHTS step=68200 weights=[0.498312771320343, 0.501687228679657]
[184 125/372] semantic=0.175 depth=0.009
[184 150/372] semantic=0.160 depth=0.010
[184 175/372] semantic=0.139 depth=0.008
[184 200/372] semantic=0.126 depth=0.008
MGDA-WARM WEIGHTS step=68300 weights=[0.49898862838745117, 0.5010113716125488]
[184 225/372] semantic=0.152 depth=0.009
[184 250/372] semantic=0.146 depth=0.008
[184 275/372] semantic=0.114 depth=0.008
[184 300/372] semantic=0.138 depth=0.009
MGDA-WARM WEIGHTS step=68400 weights=[0.4971126317977905, 0.5028873682022095]
[184 325/372] semantic=0.105 depth=0.009
[184 350/372] semantic=0.125 depth=0.012
[184 372/372] semantic=0.153 depth=0.008
Epoch 184: mIoU=75.427 pix=93.559 abs=0.0151 rel=46.0479 delta=21.050 wall_h=34.706
[185 1/372] semantic=0.150 depth=0.008
[185 25/372] semantic=0.127 depth=0.010
[185 50/372] semantic=0.122 depth=0.008
MGDA-WARM WEIGHTS step=68500 weights=[0.4940205514431, 0.5059794187545776]
[185 75/372] semantic=0.129 depth=0.010
[185 100/372] semantic=0.126 depth=0.009
[185 125/372] semantic=0.123 depth=0.007
[185 150/372] semantic=0.117 depth=0.007
MGDA-WARM WEIGHTS step=68600 weights=[0.4982994794845581, 0.5017005205154419]
[185 175/372] semantic=0.132 depth=0.008
[185 200/372] semantic=0.147 depth=0.009
[185 225/372] semantic=0.149 depth=0.008
[185 250/372] semantic=0.109 depth=0.009
MGDA-WARM WEIGHTS step=68700 weights=[0.5020028948783875, 0.49799710512161255]
[185 275/372] semantic=0.098 depth=0.010
[185 300/372] semantic=0.118 depth=0.007
[185 325/372] semantic=0.118 depth=0.009
[185 350/372] semantic=0.108 depth=0.008
MGDA-WARM WEIGHTS step=68800 weights=[0.4980948567390442, 0.5019051432609558]
[185 372/372] semantic=0.109 depth=0.010
Epoch 185: mIoU=75.513 pix=93.595 abs=0.0153 rel=49.5218 delta=24.649 wall_h=34.885
[186 1/372] semantic=0.110 depth=0.009
[186 25/372] semantic=0.149 depth=0.007
[186 50/372] semantic=0.132 depth=0.009
[186 75/372] semantic=0.127 depth=0.008
MGDA-WARM WEIGHTS step=68900 weights=[0.5001855492591858, 0.4998144209384918]
[186 100/372] semantic=0.127 depth=0.009
[186 125/372] semantic=0.128 depth=0.007
[186 150/372] semantic=0.128 depth=0.009
[186 175/372] semantic=0.110 depth=0.008
MGDA-WARM WEIGHTS step=69000 weights=[0.4986220896244049, 0.5013779401779175]
[186 200/372] semantic=0.155 depth=0.009
[186 225/372] semantic=0.135 depth=0.009
[186 250/372] semantic=0.129 depth=0.009
[186 275/372] semantic=0.146 depth=0.010
MGDA-WARM WEIGHTS step=69100 weights=[0.4989049434661865, 0.5010950565338135]
[186 300/372] semantic=0.124 depth=0.008
[186 325/372] semantic=0.140 depth=0.009
[186 350/372] semantic=0.123 depth=0.008
[186 372/372] semantic=0.098 depth=0.011
Epoch 186: mIoU=75.790 pix=93.600 abs=0.0158 rel=45.3890 delta=21.810 wall_h=35.063
[187 1/372] semantic=0.131 depth=0.008
MGDA-WARM WEIGHTS step=69200 weights=[0.49957266449928284, 0.5004273653030396]
[187 25/372] semantic=0.124 depth=0.010
[187 50/372] semantic=0.097 depth=0.008
[187 75/372] semantic=0.133 depth=0.009
[187 100/372] semantic=0.119 depth=0.008
MGDA-WARM WEIGHTS step=69300 weights=[0.497911661863327, 0.5020883083343506]
[187 125/372] semantic=0.112 depth=0.009
[187 150/372] semantic=0.156 depth=0.008
[187 175/372] semantic=0.132 depth=0.010
[187 200/372] semantic=0.112 depth=0.009
MGDA-WARM WEIGHTS step=69400 weights=[0.5013895034790039, 0.4986104965209961]
[187 225/372] semantic=0.123 depth=0.007
[187 250/372] semantic=0.131 depth=0.010
[187 275/372] semantic=0.121 depth=0.008
[187 300/372] semantic=0.147 depth=0.008
MGDA-WARM WEIGHTS step=69500 weights=[0.4995150864124298, 0.5004849433898926]
[187 325/372] semantic=0.107 depth=0.009
[187 350/372] semantic=0.151 depth=0.011
[187 372/372] semantic=0.116 depth=0.008
Epoch 187: mIoU=75.125 pix=93.568 abs=0.0144 rel=45.8714 delta=19.577 wall_h=35.242
[188 1/372] semantic=0.130 depth=0.010
[188 25/372] semantic=0.125 depth=0.009
MGDA-WARM WEIGHTS step=69600 weights=[0.5073012113571167, 0.4926988482475281]
[188 50/372] semantic=0.136 depth=0.009
[188 75/372] semantic=0.142 depth=0.008
[188 100/372] semantic=0.109 depth=0.009
[188 125/372] semantic=0.142 depth=0.008
MGDA-WARM WEIGHTS step=69700 weights=[0.4972679913043976, 0.5027320384979248]
[188 150/372] semantic=0.133 depth=0.011
[188 175/372] semantic=0.108 depth=0.011
[188 200/372] semantic=0.110 depth=0.010
[188 225/372] semantic=0.111 depth=0.009
MGDA-WARM WEIGHTS step=69800 weights=[0.501673698425293, 0.4983263313770294]
[188 250/372] semantic=0.129 depth=0.008
[188 275/372] semantic=0.116 depth=0.009
[188 300/372] semantic=0.144 depth=0.011
[188 325/372] semantic=0.132 depth=0.009
MGDA-WARM WEIGHTS step=69900 weights=[0.49468377232551575, 0.5053162574768066]
[188 350/372] semantic=0.140 depth=0.009
[188 372/372] semantic=0.127 depth=0.008
Epoch 188: mIoU=75.453 pix=93.561 abs=0.0140 rel=48.6220 delta=21.123 wall_h=35.424
[189 1/372] semantic=0.135 depth=0.010
[189 25/372] semantic=0.128 depth=0.009
[189 50/372] semantic=0.142 depth=0.009
MGDA-WARM WEIGHTS step=70000 weights=[0.49508365988731384, 0.5049163103103638]
[189 75/372] semantic=0.117 depth=0.007
[189 100/372] semantic=0.117 depth=0.010
[189 125/372] semantic=0.126 depth=0.009
[189 150/372] semantic=0.113 depth=0.007
MGDA-WARM WEIGHTS step=70100 weights=[0.4995121359825134, 0.5004878640174866]
[189 175/372] semantic=0.138 depth=0.010
[189 200/372] semantic=0.154 depth=0.008
[189 225/372] semantic=0.104 depth=0.008
[189 250/372] semantic=0.102 depth=0.010
MGDA-WARM WEIGHTS step=70200 weights=[0.5009239315986633, 0.49907606840133667]
[189 275/372] semantic=0.122 depth=0.008
[189 300/372] semantic=0.118 depth=0.008
[189 325/372] semantic=0.114 depth=0.010
[189 350/372] semantic=0.111 depth=0.007
MGDA-WARM WEIGHTS step=70300 weights=[0.4989985227584839, 0.5010014772415161]
[189 372/372] semantic=0.109 depth=0.009
Epoch 189: mIoU=75.562 pix=93.603 abs=0.0140 rel=50.6735 delta=22.976 wall_h=35.605
[190 1/372] semantic=0.104 depth=0.007
[190 25/372] semantic=0.131 depth=0.009
[190 50/372] semantic=0.143 depth=0.007
[190 75/372] semantic=0.123 depth=0.008
MGDA-WARM WEIGHTS step=70400 weights=[0.5007628202438354, 0.49923720955848694]
[190 100/372] semantic=0.095 depth=0.008
[190 125/372] semantic=0.181 depth=0.010
[190 150/372] semantic=0.127 depth=0.008
[190 175/372] semantic=0.137 depth=0.008
MGDA-WARM WEIGHTS step=70500 weights=[0.49986740946769714, 0.5001325607299805]
[190 200/372] semantic=0.127 depth=0.007
[190 225/372] semantic=0.119 depth=0.008
[190 250/372] semantic=0.112 depth=0.009
[190 275/372] semantic=0.133 depth=0.009
MGDA-WARM WEIGHTS step=70600 weights=[0.4885939359664917, 0.5114060640335083]
[190 300/372] semantic=0.123 depth=0.010
[190 325/372] semantic=0.114 depth=0.007
[190 350/372] semantic=0.123 depth=0.010
[190 372/372] semantic=0.114 depth=0.009
Epoch 190: mIoU=75.587 pix=93.554 abs=0.0143 rel=52.6758 delta=25.379 wall_h=35.786
[191 1/372] semantic=0.110 depth=0.007
MGDA-WARM WEIGHTS step=70700 weights=[0.5002502202987671, 0.4997498095035553]
[191 25/372] semantic=0.107 depth=0.010
[191 50/372] semantic=0.119 depth=0.008
[191 75/372] semantic=0.155 depth=0.009
[191 100/372] semantic=0.094 depth=0.010
MGDA-WARM WEIGHTS step=70800 weights=[0.49939537048339844, 0.5006046295166016]
[191 125/372] semantic=0.141 depth=0.010
[191 150/372] semantic=0.102 depth=0.008
[191 175/372] semantic=0.136 depth=0.009
[191 200/372] semantic=0.106 depth=0.012
MGDA-WARM WEIGHTS step=70900 weights=[0.5022135972976685, 0.4977864623069763]
[191 225/372] semantic=0.124 depth=0.008
[191 250/372] semantic=0.120 depth=0.008
[191 275/372] semantic=0.143 depth=0.008
[191 300/372] semantic=0.144 depth=0.008
MGDA-WARM WEIGHTS step=71000 weights=[0.49906501173973083, 0.5009350180625916]
[191 325/372] semantic=0.126 depth=0.008
[191 350/372] semantic=0.142 depth=0.008
[191 372/372] semantic=0.119 depth=0.009
Epoch 191: mIoU=75.710 pix=93.613 abs=0.0145 rel=49.8587 delta=23.211 wall_h=35.967
[192 1/372] semantic=0.168 depth=0.009
[192 25/372] semantic=0.137 depth=0.008
MGDA-WARM WEIGHTS step=71100 weights=[0.49684667587280273, 0.5031533241271973]
[192 50/372] semantic=0.119 depth=0.008
[192 75/372] semantic=0.132 depth=0.008
[192 100/372] semantic=0.113 depth=0.010
[192 125/372] semantic=0.124 depth=0.007
MGDA-WARM WEIGHTS step=71200 weights=[0.5003435015678406, 0.49965646862983704]
[192 150/372] semantic=0.122 depth=0.010
[192 175/372] semantic=0.142 depth=0.008
[192 200/372] semantic=0.119 depth=0.008
[192 225/372] semantic=0.120 depth=0.008
MGDA-WARM WEIGHTS step=71300 weights=[0.49880608916282654, 0.5011938810348511]
[192 250/372] semantic=0.149 depth=0.008
[192 275/372] semantic=0.097 depth=0.008
[192 300/372] semantic=0.129 depth=0.010
[192 325/372] semantic=0.140 depth=0.008
MGDA-WARM WEIGHTS step=71400 weights=[0.5044208765029907, 0.49557918310165405]
[192 350/372] semantic=0.125 depth=0.010
[192 372/372] semantic=0.110 depth=0.009
Epoch 192: mIoU=75.447 pix=93.524 abs=0.0140 rel=49.0696 delta=21.536 wall_h=36.147
[193 1/372] semantic=0.114 depth=0.010
[193 25/372] semantic=0.128 depth=0.008
[193 50/372] semantic=0.112 depth=0.007
[193 75/372] semantic=0.117 depth=0.007
MGDA-WARM WEIGHTS step=71500 weights=[0.49965667724609375, 0.5003433227539062]
[193 100/372] semantic=0.123 depth=0.008
[193 125/372] semantic=0.104 depth=0.010
[193 150/372] semantic=0.131 depth=0.009
[193 175/372] semantic=0.147 depth=0.010
MGDA-WARM WEIGHTS step=71600 weights=[0.49840426445007324, 0.5015957355499268]
[193 200/372] semantic=0.105 depth=0.007
[193 225/372] semantic=0.161 depth=0.010
[193 250/372] semantic=0.118 depth=0.008
[193 275/372] semantic=0.127 depth=0.008
MGDA-WARM WEIGHTS step=71700 weights=[0.4966660141944885, 0.5033339858055115]
[193 300/372] semantic=0.100 depth=0.009
[193 325/372] semantic=0.107 depth=0.008
[193 350/372] semantic=0.105 depth=0.008
[193 372/372] semantic=0.098 depth=0.008
Epoch 193: mIoU=75.813 pix=93.613 abs=0.0148 rel=45.6252 delta=19.885 wall_h=36.331
[194 1/372] semantic=0.123 depth=0.009
MGDA-WARM WEIGHTS step=71800 weights=[0.49030786752700806, 0.5096921324729919]
[194 25/372] semantic=0.109 depth=0.008
[194 50/372] semantic=0.136 depth=0.008
[194 75/372] semantic=0.123 depth=0.007
[194 100/372] semantic=0.132 depth=0.008
MGDA-WARM WEIGHTS step=71900 weights=[0.4986131489276886, 0.5013868808746338]
[194 125/372] semantic=0.125 depth=0.010
[194 150/372] semantic=0.141 depth=0.007
[194 175/372] semantic=0.147 depth=0.009
[194 200/372] semantic=0.112 depth=0.008
MGDA-WARM WEIGHTS step=72000 weights=[0.4999401271343231, 0.5000598430633545]
[194 225/372] semantic=0.125 depth=0.009
[194 250/372] semantic=0.137 depth=0.008
[194 275/372] semantic=0.115 depth=0.009
[194 300/372] semantic=0.157 depth=0.007
MGDA-WARM WEIGHTS step=72100 weights=[0.5004222393035889, 0.49957770109176636]
[194 325/372] semantic=0.128 depth=0.008
[194 350/372] semantic=0.124 depth=0.009
[194 372/372] semantic=0.119 depth=0.008
Epoch 194: mIoU=75.379 pix=93.569 abs=0.0150 rel=48.4337 delta=23.075 wall_h=36.515
[195 1/372] semantic=0.080 depth=0.010
[195 25/372] semantic=0.126 depth=0.010
MGDA-WARM WEIGHTS step=72200 weights=[0.5004222393035889, 0.49957773089408875]
[195 50/372] semantic=0.110 depth=0.010
[195 75/372] semantic=0.114 depth=0.008
[195 100/372] semantic=0.105 depth=0.009
[195 125/372] semantic=0.117 depth=0.008
MGDA-WARM WEIGHTS step=72300 weights=[0.5003483295440674, 0.4996516704559326]
[195 150/372] semantic=0.139 depth=0.010
[195 175/372] semantic=0.157 depth=0.008
[195 200/372] semantic=0.143 depth=0.009
[195 225/372] semantic=0.118 depth=0.008
MGDA-WARM WEIGHTS step=72400 weights=[0.4984928369522095, 0.5015071630477905]
[195 250/372] semantic=0.142 depth=0.008
[195 275/372] semantic=0.100 depth=0.012
[195 300/372] semantic=0.132 depth=0.010
[195 325/372] semantic=0.121 depth=0.007
MGDA-WARM WEIGHTS step=72500 weights=[0.49846896529197693, 0.5015310049057007]
[195 350/372] semantic=0.138 depth=0.008
[195 372/372] semantic=0.125 depth=0.011
Epoch 195: mIoU=75.676 pix=93.566 abs=0.0144 rel=47.3098 delta=20.681 wall_h=36.698
[196 1/372] semantic=0.107 depth=0.007
[196 25/372] semantic=0.122 depth=0.008
[196 50/372] semantic=0.110 depth=0.007
MGDA-WARM WEIGHTS step=72600 weights=[0.5037645101547241, 0.4962354898452759]
[196 75/372] semantic=0.125 depth=0.009
[196 100/372] semantic=0.119 depth=0.008
[196 125/372] semantic=0.114 depth=0.011
[196 150/372] semantic=0.141 depth=0.007
MGDA-WARM WEIGHTS step=72700 weights=[0.49664369225502014, 0.5033563375473022]
[196 175/372] semantic=0.138 depth=0.008
[196 200/372] semantic=0.120 depth=0.008
[196 225/372] semantic=0.126 depth=0.008
[196 250/372] semantic=0.128 depth=0.008
MGDA-WARM WEIGHTS step=72800 weights=[0.4991488456726074, 0.5008511543273926]
[196 275/372] semantic=0.091 depth=0.007
[196 300/372] semantic=0.124 depth=0.009
[196 325/372] semantic=0.128 depth=0.008
[196 350/372] semantic=0.113 depth=0.009
MGDA-WARM WEIGHTS step=72900 weights=[0.5011217594146729, 0.49887821078300476]
[196 372/372] semantic=0.118 depth=0.009
Epoch 196: mIoU=75.456 pix=93.601 abs=0.0154 rel=43.4268 delta=19.316 wall_h=36.885
[197 1/372] semantic=0.124 depth=0.009
[197 25/372] semantic=0.121 depth=0.010
[197 50/372] semantic=0.109 depth=0.008
[197 75/372] semantic=0.143 depth=0.009
MGDA-WARM WEIGHTS step=73000 weights=[0.4973464012145996, 0.5026535987854004]
[197 100/372] semantic=0.122 depth=0.009
[197 125/372] semantic=0.123 depth=0.008
[197 150/372] semantic=0.093 depth=0.009
[197 175/372] semantic=0.106 depth=0.008
MGDA-WARM WEIGHTS step=73100 weights=[0.4996005594730377, 0.5003994107246399]
[197 200/372] semantic=0.142 depth=0.007
[197 225/372] semantic=0.145 depth=0.009
[197 250/372] semantic=0.140 depth=0.008
[197 275/372] semantic=0.102 depth=0.008
MGDA-WARM WEIGHTS step=73200 weights=[0.5040234327316284, 0.49597659707069397]
[197 300/372] semantic=0.105 depth=0.010
[197 325/372] semantic=0.125 depth=0.008
[197 350/372] semantic=0.102 depth=0.008
[197 372/372] semantic=0.122 depth=0.008
Epoch 197: mIoU=75.701 pix=93.668 abs=0.0151 rel=45.2062 delta=20.097 wall_h=37.069
[198 1/372] semantic=0.154 depth=0.010
MGDA-WARM WEIGHTS step=73300 weights=[0.49954190850257874, 0.5004581212997437]
[198 25/372] semantic=0.098 depth=0.008
[198 50/372] semantic=0.127 depth=0.010
[198 75/372] semantic=0.129 depth=0.008
[198 100/372] semantic=0.114 depth=0.008
MGDA-WARM WEIGHTS step=73400 weights=[0.4885401725769043, 0.5114598274230957]
[198 125/372] semantic=0.112 depth=0.009
[198 150/372] semantic=0.095 depth=0.009
[198 175/372] semantic=0.116 depth=0.006
[198 200/372] semantic=0.120 depth=0.010
MGDA-WARM WEIGHTS step=73500 weights=[0.5011166334152222, 0.4988833963871002]
[198 225/372] semantic=0.119 depth=0.009
[198 250/372] semantic=0.117 depth=0.010
[198 275/372] semantic=0.116 depth=0.008
[198 300/372] semantic=0.158 depth=0.010
MGDA-WARM WEIGHTS step=73600 weights=[0.50035560131073, 0.49964436888694763]
[198 325/372] semantic=0.102 depth=0.009
[198 350/372] semantic=0.114 depth=0.007
[198 372/372] semantic=0.132 depth=0.009
Epoch 198: mIoU=75.573 pix=93.624 abs=0.0159 rel=43.0802 delta=19.988 wall_h=37.254
[199 1/372] semantic=0.150 depth=0.008
[199 25/372] semantic=0.156 depth=0.009
MGDA-WARM WEIGHTS step=73700 weights=[0.4965297281742096, 0.5034703016281128]
[199 50/372] semantic=0.142 depth=0.008
[199 75/372] semantic=0.150 depth=0.009
[199 100/372] semantic=0.094 depth=0.010
[199 125/372] semantic=0.091 depth=0.011
MGDA-WARM WEIGHTS step=73800 weights=[0.5004779100418091, 0.49952206015586853]
[199 150/372] semantic=0.123 depth=0.009
[199 175/372] semantic=0.115 depth=0.011
[199 200/372] semantic=0.104 depth=0.008
[199 225/372] semantic=0.095 depth=0.009
MGDA-WARM WEIGHTS step=73900 weights=[0.5021083950996399, 0.4978916347026825]
[199 250/372] semantic=0.144 depth=0.008
[199 275/372] semantic=0.093 depth=0.008
[199 300/372] semantic=0.102 depth=0.008
[199 325/372] semantic=0.132 depth=0.010
MGDA-WARM WEIGHTS step=74000 weights=[0.4983203411102295, 0.5016796588897705]
[199 350/372] semantic=0.142 depth=0.009
[199 372/372] semantic=0.110 depth=0.009
Epoch 199: mIoU=75.562 pix=93.611 abs=0.0140 rel=49.7612 delta=22.247 wall_h=37.436
[200 1/372] semantic=0.125 depth=0.009
[200 25/372] semantic=0.120 depth=0.009
[200 50/372] semantic=0.112 depth=0.007
MGDA-WARM WEIGHTS step=74100 weights=[0.49583959579467773, 0.5041604042053223]
[200 75/372] semantic=0.115 depth=0.008
[200 100/372] semantic=0.107 depth=0.010
[200 125/372] semantic=0.112 depth=0.008
[200 150/372] semantic=0.120 depth=0.008
MGDA-WARM WEIGHTS step=74200 weights=[0.49746406078338623, 0.5025359392166138]
[200 175/372] semantic=0.148 depth=0.007
[200 200/372] semantic=0.109 depth=0.008
[200 225/372] semantic=0.125 depth=0.009
[200 250/372] semantic=0.097 depth=0.009
MGDA-WARM WEIGHTS step=74300 weights=[0.5068779587745667, 0.49312204122543335]
[200 275/372] semantic=0.129 depth=0.010
[200 300/372] semantic=0.155 depth=0.007
[200 325/372] semantic=0.104 depth=0.009
[200 350/372] semantic=0.133 depth=0.010
MGDA-WARM WEIGHTS step=74400 weights=[0.5007824301719666, 0.49921759963035583]
[200 372/372] semantic=0.155 depth=0.008
Epoch 200: mIoU=76.044 pix=93.642 abs=0.0141 rel=48.1874 delta=20.783 wall_h=37.619
