RUN dataset=cityscapes method=moco seed=42 lr=0.0001 batch=8 epochs=200
RESULT /mloscratch/homes/mirrokni/LMO-MOO/results/cityscapes/moco_sd42.stats
CHECKPOINT /mloscratch/homes/mirrokni/LMO-MOO/results/checkpoints/cityscapes/moco_sd42.pt
[1 1/372] semantic=2.075 depth=0.327
[1 25/372] semantic=1.310 depth=0.240
[1 50/372] semantic=1.057 depth=0.163
[1 75/372] semantic=1.084 depth=0.102
[1 100/372] semantic=1.121 depth=0.088
[1 125/372] semantic=0.792 depth=0.068
[1 150/372] semantic=0.742 depth=0.068
[1 175/372] semantic=0.930 depth=0.067
[1 200/372] semantic=1.189 depth=0.068
[1 225/372] semantic=0.871 depth=0.055
[1 250/372] semantic=0.740 depth=0.061
[1 275/372] semantic=0.789 depth=0.059
[1 300/372] semantic=0.756 depth=0.055
[1 325/372] semantic=0.872 depth=0.059
[1 350/372] semantic=0.684 depth=0.049
[1 372/372] semantic=0.693 depth=0.043
Epoch 001: mIoU=38.923 pix=75.080 abs=0.0568 rel=104.1542 delta=174.127 wall_h=0.248
[2 1/372] semantic=0.637 depth=0.049
[2 25/372] semantic=0.739 depth=0.053
[2 50/372] semantic=0.735 depth=0.042
[2 75/372] semantic=0.667 depth=0.040
[2 100/372] semantic=0.544 depth=0.037
[2 125/372] semantic=0.645 depth=0.048
[2 150/372] semantic=0.601 depth=0.050
[2 175/372] semantic=0.799 depth=0.049
[2 200/372] semantic=0.971 depth=0.045
[2 225/372] semantic=0.620 depth=0.049
[2 250/372] semantic=0.525 depth=0.039
[2 275/372] semantic=0.650 depth=0.045
[2 300/372] semantic=0.637 depth=0.039
[2 325/372] semantic=0.641 depth=0.042
[2 350/372] semantic=0.448 depth=0.045
[2 372/372] semantic=0.531 depth=0.031
Epoch 002: mIoU=36.969 pix=72.638 abs=0.0517 rel=96.1088 delta=157.891 wall_h=0.484
[3 1/372] semantic=0.654 depth=0.038
[3 25/372] semantic=0.543 depth=0.034
[3 50/372] semantic=0.584 depth=0.042
[3 75/372] semantic=0.771 depth=0.049
[3 100/372] semantic=0.668 depth=0.041
[3 125/372] semantic=0.521 depth=0.038
[3 150/372] semantic=0.678 depth=0.045
[3 175/372] semantic=0.842 depth=0.051
[3 200/372] semantic=0.548 depth=0.042
[3 225/372] semantic=0.533 depth=0.043
[3 250/372] semantic=0.598 depth=0.035
[3 275/372] semantic=0.624 depth=0.036
[3 300/372] semantic=0.557 depth=0.044
[3 325/372] semantic=0.583 depth=0.079
[3 350/372] semantic=0.637 depth=0.059
[3 372/372] semantic=0.663 depth=0.053
Epoch 003: mIoU=43.242 pix=79.655 abs=0.0623 rel=104.9534 delta=183.067 wall_h=0.719
[4 1/372] semantic=0.559 depth=0.044
[4 25/372] semantic=0.587 depth=0.038
[4 50/372] semantic=0.831 depth=0.052
[4 75/372] semantic=0.560 depth=0.031
[4 100/372] semantic=0.586 depth=0.044
[4 125/372] semantic=0.685 depth=0.044
[4 150/372] semantic=0.540 depth=0.039
[4 175/372] semantic=0.554 depth=0.028
[4 200/372] semantic=0.751 depth=0.044
[4 225/372] semantic=0.722 depth=0.041
[4 250/372] semantic=0.550 depth=0.032
[4 275/372] semantic=0.602 depth=0.032
[4 300/372] semantic=0.665 depth=0.051
[4 325/372] semantic=0.739 depth=0.035
[4 350/372] semantic=0.734 depth=0.044
[4 372/372] semantic=0.531 depth=0.031
Epoch 004: mIoU=41.489 pix=77.482 abs=0.0567 rel=88.3165 delta=158.076 wall_h=0.950
[5 1/372] semantic=0.655 depth=0.034
[5 25/372] semantic=0.696 depth=0.034
[5 50/372] semantic=0.708 depth=0.039
[5 75/372] semantic=0.553 depth=0.037
[5 100/372] semantic=0.558 depth=0.053
[5 125/372] semantic=0.625 depth=0.031
[5 150/372] semantic=0.669 depth=0.038
[5 175/372] semantic=0.524 depth=0.051
[5 200/372] semantic=0.469 depth=0.035
[5 225/372] semantic=0.551 depth=0.032
[5 250/372] semantic=0.564 depth=0.040
[5 275/372] semantic=0.590 depth=0.039
[5 300/372] semantic=0.547 depth=0.035
[5 325/372] semantic=0.702 depth=0.039
[5 350/372] semantic=0.482 depth=0.034
[5 372/372] semantic=0.505 depth=0.042
Epoch 005: mIoU=43.949 pix=79.298 abs=0.0437 rel=109.6413 delta=149.996 wall_h=1.186
[6 1/372] semantic=0.490 depth=0.033
[6 25/372] semantic=0.466 depth=0.030
[6 50/372] semantic=0.648 depth=0.042
[6 75/372] semantic=0.611 depth=0.032
[6 100/372] semantic=0.740 depth=0.032
[6 125/372] semantic=0.593 depth=0.035
[6 150/372] semantic=0.638 depth=0.034
[6 175/372] semantic=0.567 depth=0.030
[6 200/372] semantic=0.506 depth=0.033
[6 225/372] semantic=0.482 depth=0.029
[6 250/372] semantic=0.677 depth=0.035
[6 275/372] semantic=0.566 depth=0.033
[6 300/372] semantic=0.532 depth=0.034
[6 325/372] semantic=0.420 depth=0.030
[6 350/372] semantic=0.512 depth=0.034
[6 372/372] semantic=0.489 depth=0.031
Epoch 006: mIoU=46.435 pix=82.156 abs=0.0404 rel=104.8136 delta=137.406 wall_h=1.419
[7 1/372] semantic=0.523 depth=0.044
[7 25/372] semantic=0.460 depth=0.034
[7 50/372] semantic=0.538 depth=0.035
[7 75/372] semantic=0.574 depth=0.031
[7 100/372] semantic=0.486 depth=0.028
[7 125/372] semantic=0.720 depth=0.047
[7 150/372] semantic=0.465 depth=0.028
[7 175/372] semantic=0.466 depth=0.024
[7 200/372] semantic=0.451 depth=0.024
[7 225/372] semantic=0.409 depth=0.036
[7 250/372] semantic=0.541 depth=0.044
[7 275/372] semantic=0.491 depth=0.029
[7 300/372] semantic=0.450 depth=0.031
[7 325/372] semantic=0.373 depth=0.025
[7 350/372] semantic=0.557 depth=0.029
[7 372/372] semantic=0.483 depth=0.030
Epoch 007: mIoU=46.852 pix=80.776 abs=0.0448 rel=105.3923 delta=147.067 wall_h=1.650
[8 1/372] semantic=0.625 depth=0.035
[8 25/372] semantic=0.480 depth=0.028
[8 50/372] semantic=0.423 depth=0.034
[8 75/372] semantic=0.500 depth=0.055
[8 100/372] semantic=0.488 depth=0.030
[8 125/372] semantic=0.519 depth=0.038
[8 150/372] semantic=0.413 depth=0.037
[8 175/372] semantic=0.460 depth=0.029
[8 200/372] semantic=0.489 depth=0.027
[8 225/372] semantic=0.392 depth=0.028
[8 250/372] semantic=0.491 depth=0.036
[8 275/372] semantic=0.370 depth=0.029
[8 300/372] semantic=0.445 depth=0.031
[8 325/372] semantic=0.480 depth=0.029
[8 350/372] semantic=0.433 depth=0.028
[8 372/372] semantic=0.424 depth=0.037
Epoch 008: mIoU=49.875 pix=83.045 abs=0.0399 rel=101.5625 delta=132.002 wall_h=1.881
[9 1/372] semantic=0.489 depth=0.028
[9 25/372] semantic=0.529 depth=0.039
[9 50/372] semantic=0.466 depth=0.028
[9 75/372] semantic=0.440 depth=0.028
[9 100/372] semantic=0.566 depth=0.029
[9 125/372] semantic=0.697 depth=0.037
[9 150/372] semantic=0.480 depth=0.035
[9 175/372] semantic=0.453 depth=0.027
[9 200/372] semantic=0.570 depth=0.028
[9 225/372] semantic=0.483 depth=0.034
[9 250/372] semantic=0.382 depth=0.032
[9 275/372] semantic=0.467 depth=0.050
[9 300/372] semantic=0.549 depth=0.028
[9 325/372] semantic=0.483 depth=0.031
[9 350/372] semantic=0.454 depth=0.034
[9 372/372] semantic=0.441 depth=0.029
Epoch 009: mIoU=51.176 pix=84.170 abs=0.0443 rel=95.3674 delta=134.529 wall_h=2.111
[10 1/372] semantic=0.410 depth=0.024
[10 25/372] semantic=0.548 depth=0.035
[10 50/372] semantic=0.332 depth=0.024
[10 75/372] semantic=0.424 depth=0.032
[10 100/372] semantic=0.523 depth=0.031
[10 125/372] semantic=0.501 depth=0.025
[10 150/372] semantic=0.614 depth=0.027
[10 175/372] semantic=0.362 depth=0.031
[10 200/372] semantic=0.423 depth=0.032
[10 225/372] semantic=0.367 depth=0.031
[10 250/372] semantic=0.393 depth=0.034
[10 275/372] semantic=0.367 depth=0.027
[10 300/372] semantic=0.438 depth=0.025
[10 325/372] semantic=0.433 depth=0.024
[10 350/372] semantic=0.407 depth=0.045
[10 372/372] semantic=0.436 depth=0.034
Epoch 010: mIoU=50.154 pix=82.914 abs=0.0372 rel=116.7066 delta=140.330 wall_h=2.349
[11 1/372] semantic=0.472 depth=0.046
[11 25/372] semantic=0.510 depth=0.023
[11 50/372] semantic=0.633 depth=0.043
[11 75/372] semantic=0.486 depth=0.033
[11 100/372] semantic=0.584 depth=0.050
[11 125/372] semantic=0.342 depth=0.033
[11 150/372] semantic=0.581 depth=0.033
[11 175/372] semantic=0.459 depth=0.039
[11 200/372] semantic=0.510 depth=0.034
[11 225/372] semantic=0.440 depth=0.030
[11 250/372] semantic=0.480 depth=0.035
[11 275/372] semantic=0.400 depth=0.028
[11 300/372] semantic=0.530 depth=0.041
[11 325/372] semantic=0.352 depth=0.033
[11 350/372] semantic=0.447 depth=0.026
[11 372/372] semantic=0.433 depth=0.047
Epoch 011: mIoU=52.545 pix=84.250 abs=0.0519 rel=85.4985 delta=140.358 wall_h=2.610
[12 1/372] semantic=0.440 depth=0.028
[12 25/372] semantic=0.467 depth=0.028
[12 50/372] semantic=0.458 depth=0.028
[12 75/372] semantic=0.341 depth=0.023
[12 100/372] semantic=0.486 depth=0.036
[12 125/372] semantic=0.548 depth=0.033
[12 150/372] semantic=0.448 depth=0.038
[12 175/372] semantic=0.654 depth=0.028
[12 200/372] semantic=0.378 depth=0.027
[12 225/372] semantic=0.715 depth=0.038
[12 250/372] semantic=0.357 depth=0.031
[12 275/372] semantic=0.448 depth=0.030
[12 300/372] semantic=0.559 depth=0.029
[12 325/372] semantic=0.539 depth=0.034
[12 350/372] semantic=0.424 depth=0.026
[12 372/372] semantic=0.325 depth=0.025
Epoch 012: mIoU=49.866 pix=83.460 abs=0.0439 rel=103.4800 delta=141.688 wall_h=2.887
[13 1/372] semantic=0.423 depth=0.024
[13 25/372] semantic=0.461 depth=0.051
[13 50/372] semantic=0.405 depth=0.026
[13 75/372] semantic=0.518 depth=0.026
[13 100/372] semantic=0.424 depth=0.026
[13 125/372] semantic=0.482 depth=0.024
[13 150/372] semantic=0.444 depth=0.036
[13 175/372] semantic=0.426 depth=0.027
[13 200/372] semantic=0.498 depth=0.028
[13 225/372] semantic=0.388 depth=0.028
[13 250/372] semantic=0.421 depth=0.031
[13 275/372] semantic=0.474 depth=0.031
[13 300/372] semantic=0.332 depth=0.026
[13 325/372] semantic=0.389 depth=0.025
[13 350/372] semantic=0.464 depth=0.031
[13 372/372] semantic=0.375 depth=0.026
Epoch 013: mIoU=52.036 pix=84.932 abs=0.0460 rel=95.7663 delta=137.913 wall_h=3.159
[14 1/372] semantic=0.437 depth=0.027
[14 25/372] semantic=0.557 depth=0.029
[14 50/372] semantic=0.387 depth=0.029
[14 75/372] semantic=0.405 depth=0.040
[14 100/372] semantic=0.437 depth=0.034
[14 125/372] semantic=0.362 depth=0.053
[14 150/372] semantic=0.461 depth=0.027
[14 175/372] semantic=0.371 depth=0.041
[14 200/372] semantic=0.456 depth=0.032
[14 225/372] semantic=0.478 depth=0.028
[14 250/372] semantic=0.556 depth=0.035
[14 275/372] semantic=0.553 depth=0.029
[14 300/372] semantic=0.479 depth=0.026
[14 325/372] semantic=0.426 depth=0.022
[14 350/372] semantic=0.444 depth=0.021
[14 372/372] semantic=0.347 depth=0.023
Epoch 014: mIoU=52.493 pix=83.826 abs=0.0384 rel=106.4013 delta=132.285 wall_h=3.434
[15 1/372] semantic=0.372 depth=0.030
[15 25/372] semantic=0.405 depth=0.029
[15 50/372] semantic=0.515 depth=0.039
[15 75/372] semantic=0.418 depth=0.028
[15 100/372] semantic=0.489 depth=0.030
[15 125/372] semantic=0.472 depth=0.035
[15 150/372] semantic=0.436 depth=0.033
[15 175/372] semantic=0.409 depth=0.029
[15 200/372] semantic=0.360 depth=0.029
[15 225/372] semantic=0.410 depth=0.026
[15 250/372] semantic=0.367 depth=0.025
[15 275/372] semantic=0.341 depth=0.031
[15 300/372] semantic=0.372 depth=0.024
[15 325/372] semantic=0.403 depth=0.024
[15 350/372] semantic=0.432 depth=0.031
[15 372/372] semantic=0.425 depth=0.027
Epoch 015: mIoU=53.917 pix=84.405 abs=0.0583 rel=83.3110 delta=150.749 wall_h=3.705
[16 1/372] semantic=0.386 depth=0.031
[16 25/372] semantic=0.381 depth=0.024
[16 50/372] semantic=0.431 depth=0.031
[16 75/372] semantic=0.497 depth=0.027
[16 100/372] semantic=0.403 depth=0.027
[16 125/372] semantic=0.447 depth=0.033
[16 150/372] semantic=0.420 depth=0.025
[16 175/372] semantic=0.461 depth=0.034
[16 200/372] semantic=0.408 depth=0.035
[16 225/372] semantic=0.395 depth=0.027
[16 250/372] semantic=0.479 depth=0.023
[16 275/372] semantic=0.396 depth=0.027
[16 300/372] semantic=0.402 depth=0.025
[16 325/372] semantic=0.420 depth=0.027
[16 350/372] semantic=0.460 depth=0.037
[16 372/372] semantic=0.422 depth=0.036
Epoch 016: mIoU=52.908 pix=84.306 abs=0.0448 rel=103.0306 delta=141.884 wall_h=3.969
[17 1/372] semantic=0.352 depth=0.024
[17 25/372] semantic=0.305 depth=0.023
[17 50/372] semantic=0.431 depth=0.030
[17 75/372] semantic=0.367 depth=0.034
[17 100/372] semantic=0.340 depth=0.034
[17 125/372] semantic=0.373 depth=0.037
[17 150/372] semantic=0.415 depth=0.028
[17 175/372] semantic=0.497 depth=0.023
[17 200/372] semantic=0.529 depth=0.028
[17 225/372] semantic=0.288 depth=0.028
[17 250/372] semantic=0.357 depth=0.025
[17 275/372] semantic=0.425 depth=0.031
[17 300/372] semantic=0.529 depth=0.030
[17 325/372] semantic=0.425 depth=0.025
[17 350/372] semantic=0.448 depth=0.026
[17 372/372] semantic=0.368 depth=0.025
Epoch 017: mIoU=53.170 pix=84.972 abs=0.0509 rel=97.0627 delta=148.398 wall_h=4.223
[18 1/372] semantic=0.444 depth=0.029
[18 25/372] semantic=0.274 depth=0.038
[18 50/372] semantic=0.343 depth=0.031
[18 75/372] semantic=0.360 depth=0.035
[18 100/372] semantic=0.434 depth=0.029
[18 125/372] semantic=0.403 depth=0.047
[18 150/372] semantic=0.329 depth=0.045
[18 175/372] semantic=0.529 depth=0.025
[18 200/372] semantic=0.369 depth=0.040
[18 225/372] semantic=0.446 depth=0.030
[18 250/372] semantic=0.494 depth=0.029
[18 275/372] semantic=0.415 depth=0.022
[18 300/372] semantic=0.392 depth=0.023
[18 325/372] semantic=0.355 depth=0.035
[18 350/372] semantic=0.390 depth=0.030
[18 372/372] semantic=0.409 depth=0.031
Epoch 018: mIoU=56.685 pix=85.940 abs=0.0432 rel=98.5031 delta=132.942 wall_h=4.469
[19 1/372] semantic=0.387 depth=0.024
[19 25/372] semantic=0.403 depth=0.023
[19 50/372] semantic=0.302 depth=0.023
[19 75/372] semantic=0.401 depth=0.030
[19 100/372] semantic=0.369 depth=0.028
[19 125/372] semantic=0.420 depth=0.034
[19 150/372] semantic=0.366 depth=0.035
[19 175/372] semantic=0.466 depth=0.025
[19 200/372] semantic=0.283 depth=0.028
[19 225/372] semantic=0.386 depth=0.021
[19 250/372] semantic=0.304 depth=0.039
[19 275/372] semantic=0.300 depth=0.019
[19 300/372] semantic=0.427 depth=0.032
[19 325/372] semantic=0.312 depth=0.037
[19 350/372] semantic=0.351 depth=0.028
[19 372/372] semantic=0.433 depth=0.024
Epoch 019: mIoU=54.390 pix=84.917 abs=0.0352 rel=103.1285 delta=122.056 wall_h=4.716
[20 1/372] semantic=0.367 depth=0.019
[20 25/372] semantic=0.474 depth=0.023
[20 50/372] semantic=0.413 depth=0.029
[20 75/372] semantic=0.372 depth=0.024
[20 100/372] semantic=0.378 depth=0.031
[20 125/372] semantic=0.440 depth=0.029
[20 150/372] semantic=0.359 depth=0.025
[20 175/372] semantic=0.283 depth=0.024
[20 200/372] semantic=0.435 depth=0.034
[20 225/372] semantic=0.331 depth=0.034
[20 250/372] semantic=0.510 depth=0.033
[20 275/372] semantic=0.531 depth=0.031
[20 300/372] semantic=0.344 depth=0.030
[20 325/372] semantic=0.378 depth=0.043
[20 350/372] semantic=0.395 depth=0.030
[20 372/372] semantic=0.345 depth=0.024
Epoch 020: mIoU=55.105 pix=84.697 abs=0.0369 rel=115.9801 delta=136.932 wall_h=4.962
[21 1/372] semantic=0.458 depth=0.024
[21 25/372] semantic=0.376 depth=0.029
[21 50/372] semantic=0.355 depth=0.037
[21 75/372] semantic=0.415 depth=0.021
[21 100/372] semantic=0.370 depth=0.027
[21 125/372] semantic=0.371 depth=0.043
[21 150/372] semantic=0.365 depth=0.023
[21 175/372] semantic=0.337 depth=0.022
[21 200/372] semantic=0.420 depth=0.027
[21 225/372] semantic=0.461 depth=0.026
[21 250/372] semantic=0.321 depth=0.016
[21 275/372] semantic=0.319 depth=0.037
[21 300/372] semantic=0.440 depth=0.021
[21 325/372] semantic=0.365 depth=0.025
[21 350/372] semantic=0.334 depth=0.031
[21 372/372] semantic=0.324 depth=0.023
Epoch 021: mIoU=56.904 pix=86.427 abs=0.0522 rel=96.7275 delta=149.077 wall_h=5.207
[22 1/372] semantic=0.413 depth=0.022
[22 25/372] semantic=0.369 depth=0.028
[22 50/372] semantic=0.337 depth=0.023
[22 75/372] semantic=0.285 depth=0.028
[22 100/372] semantic=0.478 depth=0.033
[22 125/372] semantic=0.316 depth=0.031
[22 150/372] semantic=0.348 depth=0.035
[22 175/372] semantic=0.440 depth=0.029
[22 200/372] semantic=0.412 depth=0.043
[22 225/372] semantic=0.411 depth=0.019
[22 250/372] semantic=0.359 depth=0.026
[22 275/372] semantic=0.346 depth=0.022
[22 300/372] semantic=0.383 depth=0.029
[22 325/372] semantic=0.457 depth=0.035
[22 350/372] semantic=0.368 depth=0.021
[22 372/372] semantic=0.369 depth=0.036
Epoch 022: mIoU=57.189 pix=86.508 abs=0.0555 rel=87.9171 delta=147.594 wall_h=5.446
[23 1/372] semantic=0.287 depth=0.023
[23 25/372] semantic=0.366 depth=0.022
[23 50/372] semantic=0.338 depth=0.024
[23 75/372] semantic=0.320 depth=0.023
[23 100/372] semantic=0.270 depth=0.019
[23 125/372] semantic=0.408 depth=0.024
[23 150/372] semantic=0.318 depth=0.021
[23 175/372] semantic=0.268 depth=0.019
[23 200/372] semantic=0.333 depth=0.041
[23 225/372] semantic=0.354 depth=0.050
[23 250/372] semantic=0.269 depth=0.025
[23 275/372] semantic=0.339 depth=0.031
[23 300/372] semantic=0.284 depth=0.031
[23 325/372] semantic=0.295 depth=0.028
[23 350/372] semantic=0.284 depth=0.043
[23 372/372] semantic=0.386 depth=0.042
Epoch 023: mIoU=58.618 pix=86.758 abs=0.0644 rel=73.3103 delta=151.809 wall_h=5.682
[24 1/372] semantic=0.362 depth=0.031
[24 25/372] semantic=0.292 depth=0.040
[24 50/372] semantic=0.361 depth=0.024
[24 75/372] semantic=0.358 depth=0.036
[24 100/372] semantic=0.320 depth=0.023
[24 125/372] semantic=0.390 depth=0.035
[24 150/372] semantic=0.300 depth=0.029
[24 175/372] semantic=0.330 depth=0.026
[24 200/372] semantic=0.336 depth=0.020
[24 225/372] semantic=0.332 depth=0.042
[24 250/372] semantic=0.366 depth=0.030
[24 275/372] semantic=0.277 depth=0.030
[24 300/372] semantic=0.374 depth=0.024
[24 325/372] semantic=0.321 depth=0.025
[24 350/372] semantic=0.455 depth=0.021
[24 372/372] semantic=0.328 depth=0.031
Epoch 024: mIoU=58.203 pix=86.764 abs=0.0576 rel=79.2980 delta=143.724 wall_h=5.928
[25 1/372] semantic=0.326 depth=0.027
[25 25/372] semantic=0.375 depth=0.030
[25 50/372] semantic=0.423 depth=0.033
[25 75/372] semantic=0.450 depth=0.030
[25 100/372] semantic=0.275 depth=0.019
[25 125/372] semantic=0.401 depth=0.021
[25 150/372] semantic=0.347 depth=0.032
[25 175/372] semantic=0.381 depth=0.023
[25 200/372] semantic=0.348 depth=0.025
[25 225/372] semantic=0.371 depth=0.022
[25 250/372] semantic=0.308 depth=0.036
[25 275/372] semantic=0.315 depth=0.024
[25 300/372] semantic=0.376 depth=0.036
[25 325/372] semantic=0.262 depth=0.028
[25 350/372] semantic=0.335 depth=0.020
[25 372/372] semantic=0.318 depth=0.022
Epoch 025: mIoU=58.186 pix=87.127 abs=0.0501 rel=88.9450 delta=137.237 wall_h=6.173
[26 1/372] semantic=0.486 depth=0.032
[26 25/372] semantic=0.324 depth=0.032
[26 50/372] semantic=0.391 depth=0.029
[26 75/372] semantic=0.355 depth=0.020
[26 100/372] semantic=0.325 depth=0.021
[26 125/372] semantic=0.321 depth=0.025
[26 150/372] semantic=0.332 depth=0.024
[26 175/372] semantic=0.299 depth=0.020
[26 200/372] semantic=0.262 depth=0.024
[26 225/372] semantic=0.301 depth=0.017
[26 250/372] semantic=0.284 depth=0.018
[26 275/372] semantic=0.347 depth=0.030
[26 300/372] semantic=0.352 depth=0.019
[26 325/372] semantic=0.295 depth=0.028
[26 350/372] semantic=0.343 depth=0.026
[26 372/372] semantic=0.279 depth=0.025
Epoch 026: mIoU=58.093 pix=87.066 abs=0.0401 rel=104.5169 delta=131.373 wall_h=6.423
[27 1/372] semantic=0.335 depth=0.022
[27 25/372] semantic=0.387 depth=0.023
[27 50/372] semantic=0.469 depth=0.038
[27 75/372] semantic=0.302 depth=0.025
[27 100/372] semantic=0.359 depth=0.029
[27 125/372] semantic=0.358 depth=0.030
[27 150/372] semantic=0.369 depth=0.025
[27 175/372] semantic=0.340 depth=0.024
[27 200/372] semantic=0.333 depth=0.024
[27 225/372] semantic=0.465 depth=0.036
[27 250/372] semantic=0.402 depth=0.036
[27 275/372] semantic=0.481 depth=0.021
[27 300/372] semantic=0.298 depth=0.026
[27 325/372] semantic=0.324 depth=0.022
[27 350/372] semantic=0.315 depth=0.020
[27 372/372] semantic=0.333 depth=0.027
Epoch 027: mIoU=58.400 pix=87.011 abs=0.0362 rel=113.0481 delta=131.123 wall_h=6.676
[28 1/372] semantic=0.356 depth=0.024
[28 25/372] semantic=0.326 depth=0.022
[28 50/372] semantic=0.376 depth=0.032
[28 75/372] semantic=0.337 depth=0.022
[28 100/372] semantic=0.290 depth=0.023
[28 125/372] semantic=0.357 depth=0.037
[28 150/372] semantic=0.367 depth=0.026
[28 175/372] semantic=0.410 depth=0.025
[28 200/372] semantic=0.386 depth=0.020
[28 225/372] semantic=0.241 depth=0.021
[28 250/372] semantic=0.253 depth=0.026
[28 275/372] semantic=0.358 depth=0.023
[28 300/372] semantic=0.376 depth=0.020
[28 325/372] semantic=0.417 depth=0.035
[28 350/372] semantic=0.325 depth=0.026
[28 372/372] semantic=0.339 depth=0.025
Epoch 028: mIoU=58.864 pix=87.515 abs=0.0500 rel=87.4680 delta=135.362 wall_h=6.928
[29 1/372] semantic=0.294 depth=0.027
[29 25/372] semantic=0.320 depth=0.043
[29 50/372] semantic=0.323 depth=0.039
[29 75/372] semantic=0.408 depth=0.024
[29 100/372] semantic=0.374 depth=0.031
[29 125/372] semantic=0.299 depth=0.025
[29 150/372] semantic=0.334 depth=0.022
[29 175/372] semantic=0.283 depth=0.022
[29 200/372] semantic=0.390 depth=0.049
[29 225/372] semantic=0.311 depth=0.029
[29 250/372] semantic=0.277 depth=0.042
[29 275/372] semantic=0.247 depth=0.020
[29 300/372] semantic=0.381 depth=0.018
[29 325/372] semantic=0.335 depth=0.035
[29 350/372] semantic=0.274 depth=0.023
[29 372/372] semantic=0.321 depth=0.038
Epoch 029: mIoU=60.026 pix=88.184 abs=0.0349 rel=113.9352 delta=128.476 wall_h=7.179
[30 1/372] semantic=0.358 depth=0.037
[30 25/372] semantic=0.305 depth=0.020
[30 50/372] semantic=0.245 depth=0.020
[30 75/372] semantic=0.369 depth=0.059
[30 100/372] semantic=0.377 depth=0.022
[30 125/372] semantic=0.264 depth=0.025
[30 150/372] semantic=0.279 depth=0.024
[30 175/372] semantic=0.283 depth=0.033
[30 200/372] semantic=0.264 depth=0.034
[30 225/372] semantic=0.263 depth=0.022
[30 250/372] semantic=0.324 depth=0.029
[30 275/372] semantic=0.370 depth=0.022
[30 300/372] semantic=0.355 depth=0.029
[30 325/372] semantic=0.379 depth=0.032
[30 350/372] semantic=0.416 depth=0.025
[30 372/372] semantic=0.302 depth=0.024
Epoch 030: mIoU=59.643 pix=87.334 abs=0.0318 rel=113.2025 delta=122.006 wall_h=7.423
[31 1/372] semantic=0.314 depth=0.029
[31 25/372] semantic=0.242 depth=0.020
[31 50/372] semantic=0.358 depth=0.037
[31 75/372] semantic=0.260 depth=0.029
[31 100/372] semantic=0.290 depth=0.036
[31 125/372] semantic=0.282 depth=0.026
[31 150/372] semantic=0.379 depth=0.037
[31 175/372] semantic=0.380 depth=0.027
[31 200/372] semantic=0.299 depth=0.028
[31 225/372] semantic=0.291 depth=0.017
[31 250/372] semantic=0.342 depth=0.023
[31 275/372] semantic=0.292 depth=0.024
[31 300/372] semantic=0.308 depth=0.042
[31 325/372] semantic=0.398 depth=0.021
[31 350/372] semantic=0.283 depth=0.029
[31 372/372] semantic=0.232 depth=0.018
Epoch 031: mIoU=59.838 pix=87.884 abs=0.0414 rel=99.4559 delta=128.504 wall_h=7.662
[32 1/372] semantic=0.240 depth=0.017
[32 25/372] semantic=0.330 depth=0.020
[32 50/372] semantic=0.290 depth=0.027
[32 75/372] semantic=0.268 depth=0.030
[32 100/372] semantic=0.284 depth=0.018
[32 125/372] semantic=0.275 depth=0.018
[32 150/372] semantic=0.340 depth=0.023
[32 175/372] semantic=0.429 depth=0.019
[32 200/372] semantic=0.280 depth=0.023
[32 225/372] semantic=0.301 depth=0.032
[32 250/372] semantic=0.311 depth=0.020
[32 275/372] semantic=0.287 depth=0.038
[32 300/372] semantic=0.254 depth=0.030
[32 325/372] semantic=0.379 depth=0.020
[32 350/372] semantic=0.323 depth=0.022
[32 372/372] semantic=0.300 depth=0.019
Epoch 032: mIoU=60.091 pix=88.120 abs=0.0394 rel=97.0792 delta=122.261 wall_h=7.900
[33 1/372] semantic=0.295 depth=0.029
[33 25/372] semantic=0.276 depth=0.026
[33 50/372] semantic=0.266 depth=0.035
[33 75/372] semantic=0.338 depth=0.023
[33 100/372] semantic=0.280 depth=0.021
[33 125/372] semantic=0.306 depth=0.026
[33 150/372] semantic=0.365 depth=0.030
[33 175/372] semantic=0.312 depth=0.021
[33 200/372] semantic=0.331 depth=0.034
[33 225/372] semantic=0.414 depth=0.021
[33 250/372] semantic=0.335 depth=0.023
[33 275/372] semantic=0.308 depth=0.026
[33 300/372] semantic=0.253 depth=0.030
[33 325/372] semantic=0.311 depth=0.023
[33 350/372] semantic=0.282 depth=0.025
[33 372/372] semantic=0.271 depth=0.036
Epoch 033: mIoU=59.495 pix=87.275 abs=0.0408 rel=94.2795 delta=122.967 wall_h=8.139
[34 1/372] semantic=0.255 depth=0.018
[34 25/372] semantic=0.289 depth=0.018
[34 50/372] semantic=0.255 depth=0.018
[34 75/372] semantic=0.316 depth=0.026
[34 100/372] semantic=0.296 depth=0.028
[34 125/372] semantic=0.290 depth=0.035
[34 150/372] semantic=0.395 depth=0.028
[34 175/372] semantic=0.320 depth=0.024
[34 200/372] semantic=0.284 depth=0.022
[34 225/372] semantic=0.233 depth=0.020
[34 250/372] semantic=0.391 depth=0.028
[34 275/372] semantic=0.283 depth=0.026
[34 300/372] semantic=0.282 depth=0.034
[34 325/372] semantic=0.286 depth=0.031
[34 350/372] semantic=0.384 depth=0.022
[34 372/372] semantic=0.281 depth=0.022
Epoch 034: mIoU=61.042 pix=88.407 abs=0.0558 rel=84.6467 delta=143.397 wall_h=8.376
[35 1/372] semantic=0.243 depth=0.030
[35 25/372] semantic=0.353 depth=0.031
[35 50/372] semantic=0.400 depth=0.022
[35 75/372] semantic=0.321 depth=0.032
[35 100/372] semantic=0.259 depth=0.021
[35 125/372] semantic=0.253 depth=0.025
[35 150/372] semantic=0.252 depth=0.029
[35 175/372] semantic=0.296 depth=0.039
[35 200/372] semantic=0.289 depth=0.021
[35 225/372] semantic=0.336 depth=0.022
[35 250/372] semantic=0.246 depth=0.016
[35 275/372] semantic=0.338 depth=0.020
[35 300/372] semantic=0.290 depth=0.017
[35 325/372] semantic=0.377 depth=0.026
[35 350/372] semantic=0.291 depth=0.028
[35 372/372] semantic=0.221 depth=0.018
Epoch 035: mIoU=61.736 pix=88.916 abs=0.0408 rel=96.3389 delta=123.585 wall_h=8.619
[36 1/372] semantic=0.311 depth=0.029
[36 25/372] semantic=0.267 depth=0.023
[36 50/372] semantic=0.308 depth=0.019
[36 75/372] semantic=0.355 depth=0.022
[36 100/372] semantic=0.278 depth=0.022
[36 125/372] semantic=0.302 depth=0.017
[36 150/372] semantic=0.251 depth=0.028
[36 175/372] semantic=0.349 depth=0.020
[36 200/372] semantic=0.247 depth=0.020
[36 225/372] semantic=0.369 depth=0.024
[36 250/372] semantic=0.368 depth=0.032
[36 275/372] semantic=0.274 depth=0.034
[36 300/372] semantic=0.283 depth=0.023
[36 325/372] semantic=0.451 depth=0.023
[36 350/372] semantic=0.258 depth=0.017
[36 372/372] semantic=0.232 depth=0.023
Epoch 036: mIoU=61.516 pix=88.272 abs=0.0417 rel=99.5954 delta=128.661 wall_h=8.866
[37 1/372] semantic=0.360 depth=0.023
[37 25/372] semantic=0.279 depth=0.029
[37 50/372] semantic=0.261 depth=0.018
[37 75/372] semantic=0.290 depth=0.025
[37 100/372] semantic=0.213 depth=0.024
[37 125/372] semantic=0.284 depth=0.023
[37 150/372] semantic=0.268 depth=0.026
[37 175/372] semantic=0.242 depth=0.018
[37 200/372] semantic=0.286 depth=0.021
[37 225/372] semantic=0.240 depth=0.024
[37 250/372] semantic=0.330 depth=0.036
[37 275/372] semantic=0.250 depth=0.023
[37 300/372] semantic=0.320 depth=0.021
[37 325/372] semantic=0.326 depth=0.026
[37 350/372] semantic=0.254 depth=0.020
[37 372/372] semantic=0.347 depth=0.021
Epoch 037: mIoU=61.768 pix=88.801 abs=0.0411 rel=102.7757 delta=130.078 wall_h=9.112
[38 1/372] semantic=0.340 depth=0.020
[38 25/372] semantic=0.336 depth=0.019
[38 50/372] semantic=0.330 depth=0.025
[38 75/372] semantic=0.357 depth=0.028
[38 100/372] semantic=0.269 depth=0.019
[38 125/372] semantic=0.298 depth=0.022
[38 150/372] semantic=0.260 depth=0.020
[38 175/372] semantic=0.302 depth=0.032
[38 200/372] semantic=0.263 depth=0.020
[38 225/372] semantic=0.325 depth=0.026
[38 250/372] semantic=0.297 depth=0.049
[38 275/372] semantic=0.282 depth=0.025
[38 300/372] semantic=0.269 depth=0.041
[38 325/372] semantic=0.308 depth=0.026
[38 350/372] semantic=0.302 depth=0.029
[38 372/372] semantic=0.281 depth=0.032
Epoch 038: mIoU=60.746 pix=88.195 abs=0.0341 rel=111.1739 delta=124.052 wall_h=9.358
[39 1/372] semantic=0.306 depth=0.021
[39 25/372] semantic=0.344 depth=0.021
[39 50/372] semantic=0.307 depth=0.017
[39 75/372] semantic=0.305 depth=0.038
[39 100/372] semantic=0.280 depth=0.029
[39 125/372] semantic=0.386 depth=0.021
[39 150/372] semantic=0.260 depth=0.022
[39 175/372] semantic=0.338 depth=0.021
[39 200/372] semantic=0.257 depth=0.019
[39 225/372] semantic=0.349 depth=0.025
[39 250/372] semantic=0.258 depth=0.017
[39 275/372] semantic=0.257 depth=0.018
[39 300/372] semantic=0.206 depth=0.023
[39 325/372] semantic=0.298 depth=0.022
[39 350/372] semantic=0.353 depth=0.034
[39 372/372] semantic=0.250 depth=0.028
Epoch 039: mIoU=62.167 pix=88.935 abs=0.0505 rel=86.7828 delta=134.283 wall_h=9.600
[40 1/372] semantic=0.281 depth=0.025
[40 25/372] semantic=0.345 depth=0.020
[40 50/372] semantic=0.219 depth=0.029
[40 75/372] semantic=0.227 depth=0.030
[40 100/372] semantic=0.301 depth=0.024
[40 125/372] semantic=0.276 depth=0.025
[40 150/372] semantic=0.243 depth=0.022
[40 175/372] semantic=0.312 depth=0.024
[40 200/372] semantic=0.261 depth=0.029
[40 225/372] semantic=0.242 depth=0.028
[40 250/372] semantic=0.200 depth=0.022
[40 275/372] semantic=0.313 depth=0.021
[40 300/372] semantic=0.276 depth=0.028
[40 325/372] semantic=0.262 depth=0.023
[40 350/372] semantic=0.349 depth=0.019
[40 372/372] semantic=0.265 depth=0.017
Epoch 040: mIoU=63.861 pix=89.577 abs=0.0582 rel=71.3626 delta=135.121 wall_h=9.840
[41 1/372] semantic=0.263 depth=0.027
[41 25/372] semantic=0.237 depth=0.033
[41 50/372] semantic=0.286 depth=0.024
[41 75/372] semantic=0.368 depth=0.033
[41 100/372] semantic=0.279 depth=0.031
[41 125/372] semantic=0.271 depth=0.024
[41 150/372] semantic=0.326 depth=0.022
[41 175/372] semantic=0.257 depth=0.024
[41 200/372] semantic=0.247 depth=0.025
[41 225/372] semantic=0.234 depth=0.017
[41 250/372] semantic=0.337 depth=0.024
[41 275/372] semantic=0.273 depth=0.034
[41 300/372] semantic=0.210 depth=0.019
[41 325/372] semantic=0.264 depth=0.021
[41 350/372] semantic=0.273 depth=0.021
[41 372/372] semantic=0.250 depth=0.053
Epoch 041: mIoU=64.277 pix=89.558 abs=0.0305 rel=113.3379 delta=117.244 wall_h=10.084
[42 1/372] semantic=0.327 depth=0.031
[42 25/372] semantic=0.344 depth=0.027
[42 50/372] semantic=0.227 depth=0.018
[42 75/372] semantic=0.302 depth=0.021
[42 100/372] semantic=0.280 depth=0.023
[42 125/372] semantic=0.280 depth=0.016
[42 150/372] semantic=0.267 depth=0.022
[42 175/372] semantic=0.260 depth=0.018
[42 200/372] semantic=0.279 depth=0.019
[42 225/372] semantic=0.252 depth=0.038
[42 250/372] semantic=0.231 depth=0.025
[42 275/372] semantic=0.217 depth=0.019
[42 300/372] semantic=0.283 depth=0.021
[42 325/372] semantic=0.253 depth=0.017
[42 350/372] semantic=0.220 depth=0.018
[42 372/372] semantic=0.266 depth=0.026
Epoch 042: mIoU=64.160 pix=89.840 abs=0.0302 rel=105.5703 delta=109.627 wall_h=10.327
[43 1/372] semantic=0.239 depth=0.022
[43 25/372] semantic=0.289 depth=0.029
[43 50/372] semantic=0.198 depth=0.023
[43 75/372] semantic=0.385 depth=0.021
[43 100/372] semantic=0.250 depth=0.020
[43 125/372] semantic=0.270 depth=0.020
[43 150/372] semantic=0.366 depth=0.021
[43 175/372] semantic=0.292 depth=0.025
[43 200/372] semantic=0.284 depth=0.025
[43 225/372] semantic=0.347 depth=0.026
[43 250/372] semantic=0.213 depth=0.031
[43 275/372] semantic=0.305 depth=0.021
[43 300/372] semantic=0.245 depth=0.019
[43 325/372] semantic=0.319 depth=0.026
[43 350/372] semantic=0.283 depth=0.019
[43 372/372] semantic=0.259 depth=0.016
Epoch 043: mIoU=63.372 pix=89.531 abs=0.0361 rel=105.6681 delta=121.874 wall_h=10.567
[44 1/372] semantic=0.256 depth=0.018
[44 25/372] semantic=0.257 depth=0.020
[44 50/372] semantic=0.307 depth=0.025
[44 75/372] semantic=0.296 depth=0.017
[44 100/372] semantic=0.256 depth=0.028
[44 125/372] semantic=0.276 depth=0.022
[44 150/372] semantic=0.307 depth=0.021
[44 175/372] semantic=0.263 depth=0.024
[44 200/372] semantic=0.274 depth=0.028
[44 225/372] semantic=0.300 depth=0.019
[44 250/372] semantic=0.294 depth=0.037
[44 275/372] semantic=0.329 depth=0.025
[44 300/372] semantic=0.285 depth=0.021
[44 325/372] semantic=0.302 depth=0.037
[44 350/372] semantic=0.254 depth=0.017
[44 372/372] semantic=0.277 depth=0.026
Epoch 044: mIoU=63.159 pix=89.507 abs=0.0326 rel=108.4038 delta=117.415 wall_h=10.805
[45 1/372] semantic=0.238 depth=0.027
[45 25/372] semantic=0.285 depth=0.019
[45 50/372] semantic=0.230 depth=0.019
[45 75/372] semantic=0.289 depth=0.020
[45 100/372] semantic=0.297 depth=0.021
[45 125/372] semantic=0.237 depth=0.016
[45 150/372] semantic=0.202 depth=0.020
[45 175/372] semantic=0.204 depth=0.018
[45 200/372] semantic=0.262 depth=0.020
[45 225/372] semantic=0.260 depth=0.018
[45 250/372] semantic=0.295 depth=0.019
[45 275/372] semantic=0.234 depth=0.022
[45 300/372] semantic=0.306 depth=0.027
[45 325/372] semantic=0.308 depth=0.032
[45 350/372] semantic=0.224 depth=0.019
[45 372/372] semantic=0.240 depth=0.016
Epoch 045: mIoU=64.278 pix=90.046 abs=0.0461 rel=89.9066 delta=127.287 wall_h=11.042
[46 1/372] semantic=0.277 depth=0.016
[46 25/372] semantic=0.232 depth=0.021
[46 50/372] semantic=0.316 depth=0.020
[46 75/372] semantic=0.244 depth=0.027
[46 100/372] semantic=0.181 depth=0.016
[46 125/372] semantic=0.294 depth=0.022
[46 150/372] semantic=0.294 depth=0.024
[46 175/372] semantic=0.318 depth=0.034
[46 200/372] semantic=0.257 depth=0.028
[46 225/372] semantic=0.268 depth=0.017
[46 250/372] semantic=0.266 depth=0.019
[46 275/372] semantic=0.338 depth=0.016
[46 300/372] semantic=0.287 depth=0.021
[46 325/372] semantic=0.282 depth=0.023
[46 350/372] semantic=0.282 depth=0.022
[46 372/372] semantic=0.305 depth=0.038
Epoch 046: mIoU=64.677 pix=89.861 abs=0.0435 rel=90.9510 delta=122.866 wall_h=11.289
[47 1/372] semantic=0.258 depth=0.018
[47 25/372] semantic=0.268 depth=0.021
[47 50/372] semantic=0.302 depth=0.022
[47 75/372] semantic=0.337 depth=0.018
[47 100/372] semantic=0.229 depth=0.017
[47 125/372] semantic=0.249 depth=0.022
[47 150/372] semantic=0.292 depth=0.023
[47 175/372] semantic=0.287 depth=0.023
[47 200/372] semantic=0.203 depth=0.018
[47 225/372] semantic=0.274 depth=0.020
[47 250/372] semantic=0.298 depth=0.016
[47 275/372] semantic=0.308 depth=0.026
[47 300/372] semantic=0.265 depth=0.026
[47 325/372] semantic=0.303 depth=0.017
[47 350/372] semantic=0.203 depth=0.018
[47 372/372] semantic=0.239 depth=0.020
Epoch 047: mIoU=65.102 pix=90.164 abs=0.0637 rel=72.0307 delta=146.129 wall_h=11.535
[48 1/372] semantic=0.207 depth=0.030
[48 25/372] semantic=0.247 depth=0.018
[48 50/372] semantic=0.277 depth=0.022
[48 75/372] semantic=0.309 depth=0.016
[48 100/372] semantic=0.260 depth=0.034
[48 125/372] semantic=0.278 depth=0.021
[48 150/372] semantic=0.231 depth=0.017
[48 175/372] semantic=0.261 depth=0.018
[48 200/372] semantic=0.300 depth=0.026
[48 225/372] semantic=0.253 depth=0.020
[48 250/372] semantic=0.237 depth=0.021
[48 275/372] semantic=0.230 depth=0.020
[48 300/372] semantic=0.291 depth=0.026
[48 325/372] semantic=0.232 depth=0.024
[48 350/372] semantic=0.188 depth=0.020
[48 372/372] semantic=0.280 depth=0.024
Epoch 048: mIoU=65.238 pix=90.025 abs=0.0379 rel=92.5885 delta=112.893 wall_h=11.776
[49 1/372] semantic=0.229 depth=0.022
[49 25/372] semantic=0.281 depth=0.020
[49 50/372] semantic=0.341 depth=0.023
[49 75/372] semantic=0.216 depth=0.022
[49 100/372] semantic=0.210 depth=0.034
[49 125/372] semantic=0.263 depth=0.029
[49 150/372] semantic=0.208 depth=0.021
[49 175/372] semantic=0.203 depth=0.019
[49 200/372] semantic=0.236 depth=0.020
[49 225/372] semantic=0.237 depth=0.017
[49 250/372] semantic=0.243 depth=0.023
[49 275/372] semantic=0.245 depth=0.018
[49 300/372] semantic=0.260 depth=0.020
[49 325/372] semantic=0.209 depth=0.019
[49 350/372] semantic=0.250 depth=0.019
[49 372/372] semantic=0.210 depth=0.019
Epoch 049: mIoU=65.809 pix=90.517 abs=0.0301 rel=105.4095 delta=108.637 wall_h=12.024
[50 1/372] semantic=0.275 depth=0.021
[50 25/372] semantic=0.358 depth=0.028
[50 50/372] semantic=0.284 depth=0.017
[50 75/372] semantic=0.245 depth=0.016
[50 100/372] semantic=0.250 depth=0.019
[50 125/372] semantic=0.241 depth=0.021
[50 150/372] semantic=0.261 depth=0.015
[50 175/372] semantic=0.269 depth=0.021
[50 200/372] semantic=0.234 depth=0.018
[50 225/372] semantic=0.305 depth=0.022
[50 250/372] semantic=0.286 depth=0.021
[50 275/372] semantic=0.222 depth=0.018
[50 300/372] semantic=0.257 depth=0.015
[50 325/372] semantic=0.210 depth=0.020
[50 350/372] semantic=0.274 depth=0.018
[50 372/372] semantic=0.312 depth=0.020
Epoch 050: mIoU=63.418 pix=89.290 abs=0.0441 rel=91.0907 delta=124.788 wall_h=12.268
[51 1/372] semantic=0.246 depth=0.017
[51 25/372] semantic=0.290 depth=0.030
[51 50/372] semantic=0.309 depth=0.023
[51 75/372] semantic=0.244 depth=0.027
[51 100/372] semantic=0.254 depth=0.022
[51 125/372] semantic=0.239 depth=0.029
[51 150/372] semantic=0.245 depth=0.024
[51 175/372] semantic=0.297 depth=0.019
[51 200/372] semantic=0.250 depth=0.021
[51 225/372] semantic=0.239 depth=0.017
[51 250/372] semantic=0.261 depth=0.026
[51 275/372] semantic=0.222 depth=0.017
[51 300/372] semantic=0.217 depth=0.020
[51 325/372] semantic=0.241 depth=0.017
[51 350/372] semantic=0.283 depth=0.020
[51 372/372] semantic=0.344 depth=0.018
Epoch 051: mIoU=65.085 pix=90.290 abs=0.0298 rel=111.3004 delta=113.588 wall_h=12.515
[52 1/372] semantic=0.239 depth=0.016
[52 25/372] semantic=0.301 depth=0.022
[52 50/372] semantic=0.222 depth=0.018
[52 75/372] semantic=0.236 depth=0.021
[52 100/372] semantic=0.237 depth=0.025
[52 125/372] semantic=0.225 depth=0.023
[52 150/372] semantic=0.262 depth=0.019
[52 175/372] semantic=0.190 depth=0.019
[52 200/372] semantic=0.290 depth=0.016
[52 225/372] semantic=0.184 depth=0.019
[52 250/372] semantic=0.220 depth=0.018
[52 275/372] semantic=0.252 depth=0.017
[52 300/372] semantic=0.223 depth=0.016
[52 325/372] semantic=0.320 depth=0.022
[52 350/372] semantic=0.217 depth=0.017
[52 372/372] semantic=0.300 depth=0.014
Epoch 052: mIoU=65.655 pix=90.390 abs=0.0422 rel=93.7505 delta=122.424 wall_h=12.760
[53 1/372] semantic=0.228 depth=0.019
[53 25/372] semantic=0.221 depth=0.017
[53 50/372] semantic=0.277 depth=0.016
[53 75/372] semantic=0.268 depth=0.020
[53 100/372] semantic=0.259 depth=0.018
[53 125/372] semantic=0.298 depth=0.018
[53 150/372] semantic=0.236 depth=0.021
[53 175/372] semantic=0.203 depth=0.015
[53 200/372] semantic=0.298 depth=0.021
[53 225/372] semantic=0.278 depth=0.020
[53 250/372] semantic=0.249 depth=0.033
[53 275/372] semantic=0.227 depth=0.021
[53 300/372] semantic=0.230 depth=0.017
[53 325/372] semantic=0.257 depth=0.020
[53 350/372] semantic=0.298 depth=0.018
[53 372/372] semantic=0.154 depth=0.016
Epoch 053: mIoU=64.760 pix=90.381 abs=0.0311 rel=112.0419 delta=116.870 wall_h=13.007
[54 1/372] semantic=0.250 depth=0.014
[54 25/372] semantic=0.242 depth=0.017
[54 50/372] semantic=0.239 depth=0.024
[54 75/372] semantic=0.231 depth=0.018
[54 100/372] semantic=0.242 depth=0.022
[54 125/372] semantic=0.249 depth=0.016
[54 150/372] semantic=0.234 depth=0.021
[54 175/372] semantic=0.303 depth=0.018
[54 200/372] semantic=0.233 depth=0.021
[54 225/372] semantic=0.222 depth=0.019
[54 250/372] semantic=0.233 depth=0.021
[54 275/372] semantic=0.240 depth=0.020
[54 300/372] semantic=0.294 depth=0.019
[54 325/372] semantic=0.214 depth=0.020
[54 350/372] semantic=0.263 depth=0.020
[54 372/372] semantic=0.327 depth=0.023
Epoch 054: mIoU=65.907 pix=90.240 abs=0.0388 rel=98.0603 delta=119.485 wall_h=13.251
[55 1/372] semantic=0.248 depth=0.018
[55 25/372] semantic=0.281 depth=0.016
[55 50/372] semantic=0.207 depth=0.020
[55 75/372] semantic=0.235 depth=0.018
[55 100/372] semantic=0.241 depth=0.014
[55 125/372] semantic=0.245 depth=0.014
[55 150/372] semantic=0.178 depth=0.020
[55 175/372] semantic=0.244 depth=0.015
[55 200/372] semantic=0.225 depth=0.021
[55 225/372] semantic=0.258 depth=0.022
[55 250/372] semantic=0.265 depth=0.028
[55 275/372] semantic=0.207 depth=0.024
[55 300/372] semantic=0.264 depth=0.019
[55 325/372] semantic=0.211 depth=0.016
[55 350/372] semantic=0.282 depth=0.023
[55 372/372] semantic=0.238 depth=0.018
Epoch 055: mIoU=66.465 pix=90.607 abs=0.0360 rel=105.0462 delta=119.737 wall_h=13.498
[56 1/372] semantic=0.287 depth=0.016
[56 25/372] semantic=0.235 depth=0.018
[56 50/372] semantic=0.268 depth=0.025
[56 75/372] semantic=0.243 depth=0.022
[56 100/372] semantic=0.259 depth=0.016
[56 125/372] semantic=0.227 depth=0.019
[56 150/372] semantic=0.210 depth=0.020
[56 175/372] semantic=0.214 depth=0.020
[56 200/372] semantic=0.236 depth=0.034
[56 225/372] semantic=0.311 depth=0.018
[56 250/372] semantic=0.266 depth=0.018
[56 275/372] semantic=0.228 depth=0.038
[56 300/372] semantic=0.299 depth=0.028
[56 325/372] semantic=0.229 depth=0.025
[56 350/372] semantic=0.214 depth=0.017
[56 372/372] semantic=0.267 depth=0.019
Epoch 056: mIoU=65.647 pix=90.323 abs=0.0429 rel=95.4616 delta=125.397 wall_h=13.742
[57 1/372] semantic=0.275 depth=0.018
[57 25/372] semantic=0.237 depth=0.037
[57 50/372] semantic=0.234 depth=0.033
[57 75/372] semantic=0.243 depth=0.030
[57 100/372] semantic=0.255 depth=0.020
[57 125/372] semantic=0.240 depth=0.020
[57 150/372] semantic=0.242 depth=0.019
[57 175/372] semantic=0.255 depth=0.018
[57 200/372] semantic=0.261 depth=0.018
[57 225/372] semantic=0.218 depth=0.018
[57 250/372] semantic=0.231 depth=0.020
[57 275/372] semantic=0.269 depth=0.018
[57 300/372] semantic=0.283 depth=0.022
[57 325/372] semantic=0.215 depth=0.020
[57 350/372] semantic=0.312 depth=0.020
[57 372/372] semantic=0.277 depth=0.019
Epoch 057: mIoU=66.487 pix=90.624 abs=0.0386 rel=93.2473 delta=114.315 wall_h=13.989
[58 1/372] semantic=0.272 depth=0.025
[58 25/372] semantic=0.280 depth=0.015
[58 50/372] semantic=0.194 depth=0.018
[58 75/372] semantic=0.218 depth=0.023
[58 100/372] semantic=0.256 depth=0.028
[58 125/372] semantic=0.215 depth=0.020
[58 150/372] semantic=0.239 depth=0.021
[58 175/372] semantic=0.184 depth=0.019
[58 200/372] semantic=0.324 depth=0.017
[58 225/372] semantic=0.288 depth=0.020
[58 250/372] semantic=0.241 depth=0.015
[58 275/372] semantic=0.241 depth=0.025
[58 300/372] semantic=0.228 depth=0.016
[58 325/372] semantic=0.278 depth=0.018
[58 350/372] semantic=0.252 depth=0.020
[58 372/372] semantic=0.282 depth=0.024
Epoch 058: mIoU=66.372 pix=90.734 abs=0.0444 rel=89.8257 delta=122.875 wall_h=14.236
[59 1/372] semantic=0.251 depth=0.019
[59 25/372] semantic=0.223 depth=0.020
[59 50/372] semantic=0.292 depth=0.019
[59 75/372] semantic=0.230 depth=0.019
[59 100/372] semantic=0.225 depth=0.018
[59 125/372] semantic=0.248 depth=0.017
[59 150/372] semantic=0.185 depth=0.013
[59 175/372] semantic=0.234 depth=0.030
[59 200/372] semantic=0.237 depth=0.016
[59 225/372] semantic=0.195 depth=0.020
[59 250/372] semantic=0.170 depth=0.020
[59 275/372] semantic=0.198 depth=0.014
[59 300/372] semantic=0.212 depth=0.017
[59 325/372] semantic=0.203 depth=0.023
[59 350/372] semantic=0.260 depth=0.021
[59 372/372] semantic=0.257 depth=0.027
Epoch 059: mIoU=66.693 pix=90.768 abs=0.0318 rel=97.1345 delta=104.215 wall_h=14.483
[60 1/372] semantic=0.226 depth=0.014
[60 25/372] semantic=0.259 depth=0.018
[60 50/372] semantic=0.242 depth=0.021
[60 75/372] semantic=0.297 depth=0.027
[60 100/372] semantic=0.221 depth=0.016
[60 125/372] semantic=0.186 depth=0.014
[60 150/372] semantic=0.246 depth=0.026
[60 175/372] semantic=0.198 depth=0.018
[60 200/372] semantic=0.231 depth=0.018
[60 225/372] semantic=0.239 depth=0.017
[60 250/372] semantic=0.229 depth=0.023
[60 275/372] semantic=0.247 depth=0.024
[60 300/372] semantic=0.250 depth=0.020
[60 325/372] semantic=0.247 depth=0.024
[60 350/372] semantic=0.217 depth=0.017
[60 372/372] semantic=0.183 depth=0.016
Epoch 060: mIoU=66.603 pix=90.914 abs=0.0356 rel=100.0786 delta=114.362 wall_h=14.730
[61 1/372] semantic=0.231 depth=0.019
[61 25/372] semantic=0.236 depth=0.026
[61 50/372] semantic=0.234 depth=0.014
[61 75/372] semantic=0.204 depth=0.013
[61 100/372] semantic=0.235 depth=0.019
[61 125/372] semantic=0.187 depth=0.015
[61 150/372] semantic=0.267 depth=0.016
[61 175/372] semantic=0.254 depth=0.019
[61 200/372] semantic=0.209 depth=0.017
[61 225/372] semantic=0.255 depth=0.017
[61 250/372] semantic=0.292 depth=0.015
[61 275/372] semantic=0.192 depth=0.014
[61 300/372] semantic=0.269 depth=0.018
[61 325/372] semantic=0.229 depth=0.028
[61 350/372] semantic=0.196 depth=0.020
[61 372/372] semantic=0.235 depth=0.024
Epoch 061: mIoU=67.183 pix=90.760 abs=0.0309 rel=101.9539 delta=106.488 wall_h=14.979
[62 1/372] semantic=0.240 depth=0.022
[62 25/372] semantic=0.253 depth=0.022
[62 50/372] semantic=0.209 depth=0.018
[62 75/372] semantic=0.240 depth=0.017
[62 100/372] semantic=0.267 depth=0.022
[62 125/372] semantic=0.246 depth=0.019
[62 150/372] semantic=0.204 depth=0.022
[62 175/372] semantic=0.205 depth=0.018
[62 200/372] semantic=0.247 depth=0.020
[62 225/372] semantic=0.258 depth=0.020
[62 250/372] semantic=0.237 depth=0.017
[62 275/372] semantic=0.199 depth=0.017
[62 300/372] semantic=0.200 depth=0.020
[62 325/372] semantic=0.198 depth=0.020
[62 350/372] semantic=0.222 depth=0.019
[62 372/372] semantic=0.210 depth=0.021
Epoch 062: mIoU=66.573 pix=90.650 abs=0.0366 rel=97.6276 delta=114.367 wall_h=15.232
[63 1/372] semantic=0.192 depth=0.016
[63 25/372] semantic=0.220 depth=0.026
[63 50/372] semantic=0.280 depth=0.020
[63 75/372] semantic=0.200 depth=0.016
[63 100/372] semantic=0.185 depth=0.015
[63 125/372] semantic=0.210 depth=0.016
[63 150/372] semantic=0.236 depth=0.022
[63 175/372] semantic=0.273 depth=0.017
[63 200/372] semantic=0.291 depth=0.020
[63 225/372] semantic=0.174 depth=0.020
[63 250/372] semantic=0.285 depth=0.016
[63 275/372] semantic=0.235 depth=0.019
[63 300/372] semantic=0.270 depth=0.019
[63 325/372] semantic=0.244 depth=0.021
[63 350/372] semantic=0.235 depth=0.017
[63 372/372] semantic=0.190 depth=0.017
Epoch 063: mIoU=66.604 pix=90.955 abs=0.0354 rel=107.3067 delta=120.421 wall_h=15.488
[64 1/372] semantic=0.214 depth=0.015
[64 25/372] semantic=0.215 depth=0.021
[64 50/372] semantic=0.214 depth=0.016
[64 75/372] semantic=0.209 depth=0.017
[64 100/372] semantic=0.209 depth=0.017
[64 125/372] semantic=0.264 depth=0.023
[64 150/372] semantic=0.210 depth=0.020
[64 175/372] semantic=0.218 depth=0.019
[64 200/372] semantic=0.345 depth=0.020
[64 225/372] semantic=0.278 depth=0.016
[64 250/372] semantic=0.240 depth=0.017
[64 275/372] semantic=0.229 depth=0.018
[64 300/372] semantic=0.216 depth=0.013
[64 325/372] semantic=0.240 depth=0.019
[64 350/372] semantic=0.193 depth=0.020
[64 372/372] semantic=0.212 depth=0.016
Epoch 064: mIoU=66.726 pix=90.638 abs=0.0404 rel=99.6213 delta=123.569 wall_h=15.742
[65 1/372] semantic=0.273 depth=0.026
[65 25/372] semantic=0.229 depth=0.018
[65 50/372] semantic=0.229 depth=0.019
[65 75/372] semantic=0.211 depth=0.019
[65 100/372] semantic=0.247 depth=0.017
[65 125/372] semantic=0.319 depth=0.018
[65 150/372] semantic=0.199 depth=0.016
[65 175/372] semantic=0.367 depth=0.019
[65 200/372] semantic=0.251 depth=0.016
[65 225/372] semantic=0.227 depth=0.016
[65 250/372] semantic=0.205 depth=0.021
[65 275/372] semantic=0.210 depth=0.019
[65 300/372] semantic=0.212 depth=0.020
[65 325/372] semantic=0.256 depth=0.019
[65 350/372] semantic=0.326 depth=0.017
[65 372/372] semantic=0.249 depth=0.019
Epoch 065: mIoU=67.318 pix=90.864 abs=0.0348 rel=100.9090 delta=113.412 wall_h=15.994
[66 1/372] semantic=0.249 depth=0.018
[66 25/372] semantic=0.218 depth=0.016
[66 50/372] semantic=0.240 depth=0.018
[66 75/372] semantic=0.205 depth=0.022
[66 100/372] semantic=0.180 depth=0.019
[66 125/372] semantic=0.194 depth=0.015
[66 150/372] semantic=0.241 depth=0.016
[66 175/372] semantic=0.205 depth=0.020
[66 200/372] semantic=0.239 depth=0.016
[66 225/372] semantic=0.157 depth=0.016
[66 250/372] semantic=0.189 depth=0.018
[66 275/372] semantic=0.293 depth=0.016
[66 300/372] semantic=0.228 depth=0.029
[66 325/372] semantic=0.223 depth=0.020
[66 350/372] semantic=0.304 depth=0.018
[66 372/372] semantic=0.243 depth=0.017
Epoch 066: mIoU=67.595 pix=90.643 abs=0.0305 rel=107.8498 delta=110.889 wall_h=16.247
[67 1/372] semantic=0.173 depth=0.019
[67 25/372] semantic=0.253 depth=0.017
[67 50/372] semantic=0.276 depth=0.018
[67 75/372] semantic=0.195 depth=0.025
[67 100/372] semantic=0.208 depth=0.017
[67 125/372] semantic=0.241 depth=0.011
[67 150/372] semantic=0.216 depth=0.016
[67 175/372] semantic=0.216 depth=0.023
[67 200/372] semantic=0.207 depth=0.019
[67 225/372] semantic=0.265 depth=0.020
[67 250/372] semantic=0.187 depth=0.019
[67 275/372] semantic=0.211 depth=0.015
[67 300/372] semantic=0.217 depth=0.024
[67 325/372] semantic=0.246 depth=0.017
[67 350/372] semantic=0.226 depth=0.016
[67 372/372] semantic=0.248 depth=0.017
Epoch 067: mIoU=67.560 pix=91.159 abs=0.0316 rel=105.8551 delta=111.149 wall_h=16.504
[68 1/372] semantic=0.190 depth=0.019
[68 25/372] semantic=0.272 depth=0.019
[68 50/372] semantic=0.233 depth=0.025
[68 75/372] semantic=0.223 depth=0.016
[68 100/372] semantic=0.193 depth=0.018
[68 125/372] semantic=0.260 depth=0.023
[68 150/372] semantic=0.206 depth=0.017
[68 175/372] semantic=0.210 depth=0.016
[68 200/372] semantic=0.256 depth=0.022
[68 225/372] semantic=0.187 depth=0.018
[68 250/372] semantic=0.210 depth=0.015
[68 275/372] semantic=0.270 depth=0.017
[68 300/372] semantic=0.210 depth=0.027
[68 325/372] semantic=0.251 depth=0.025
[68 350/372] semantic=0.199 depth=0.017
[68 372/372] semantic=0.194 depth=0.014
Epoch 068: mIoU=68.644 pix=91.340 abs=0.0304 rel=105.6951 delta=108.217 wall_h=16.762
[69 1/372] semantic=0.297 depth=0.018
[69 25/372] semantic=0.181 depth=0.020
[69 50/372] semantic=0.241 depth=0.017
[69 75/372] semantic=0.198 depth=0.015
[69 100/372] semantic=0.212 depth=0.014
[69 125/372] semantic=0.240 depth=0.021
[69 150/372] semantic=0.199 depth=0.013
[69 175/372] semantic=0.241 depth=0.016
[69 200/372] semantic=0.185 depth=0.016
[69 225/372] semantic=0.313 depth=0.015
[69 250/372] semantic=0.248 depth=0.020
[69 275/372] semantic=0.205 depth=0.017
[69 300/372] semantic=0.243 depth=0.021
[69 325/372] semantic=0.209 depth=0.022
[69 350/372] semantic=0.218 depth=0.016
[69 372/372] semantic=0.289 depth=0.023
Epoch 069: mIoU=67.976 pix=91.191 abs=0.0277 rel=108.6852 delta=105.868 wall_h=17.017
[70 1/372] semantic=0.203 depth=0.018
[70 25/372] semantic=0.150 depth=0.025
[70 50/372] semantic=0.197 depth=0.014
[70 75/372] semantic=0.193 depth=0.017
[70 100/372] semantic=0.254 depth=0.014
[70 125/372] semantic=0.204 depth=0.015
[70 150/372] semantic=0.243 depth=0.020
[70 175/372] semantic=0.210 depth=0.017
[70 200/372] semantic=0.201 depth=0.025
[70 225/372] semantic=0.216 depth=0.017
[70 250/372] semantic=0.247 depth=0.026
[70 275/372] semantic=0.201 depth=0.016
[70 300/372] semantic=0.195 depth=0.015
[70 325/372] semantic=0.224 depth=0.019
[70 350/372] semantic=0.199 depth=0.017
[70 372/372] semantic=0.284 depth=0.018
Epoch 070: mIoU=68.068 pix=91.309 abs=0.0340 rel=111.6028 delta=120.980 wall_h=17.272
[71 1/372] semantic=0.274 depth=0.017
[71 25/372] semantic=0.194 depth=0.017
[71 50/372] semantic=0.186 depth=0.016
[71 75/372] semantic=0.264 depth=0.017
[71 100/372] semantic=0.229 depth=0.015
[71 125/372] semantic=0.246 depth=0.016
[71 150/372] semantic=0.249 depth=0.018
[71 175/372] semantic=0.238 depth=0.016
[71 200/372] semantic=0.188 depth=0.017
[71 225/372] semantic=0.245 depth=0.014
[71 250/372] semantic=0.196 depth=0.018
[71 275/372] semantic=0.260 depth=0.018
[71 300/372] semantic=0.244 depth=0.014
[71 325/372] semantic=0.196 depth=0.017
[71 350/372] semantic=0.237 depth=0.014
[71 372/372] semantic=0.256 depth=0.021
Epoch 071: mIoU=67.725 pix=91.036 abs=0.0260 rel=122.0475 delta=114.500 wall_h=17.527
[72 1/372] semantic=0.224 depth=0.018
[72 25/372] semantic=0.264 depth=0.019
[72 50/372] semantic=0.210 depth=0.021
[72 75/372] semantic=0.231 depth=0.020
[72 100/372] semantic=0.272 depth=0.014
[72 125/372] semantic=0.276 depth=0.017
[72 150/372] semantic=0.239 depth=0.020
[72 175/372] semantic=0.206 depth=0.015
[72 200/372] semantic=0.265 depth=0.020
[72 225/372] semantic=0.247 depth=0.013
[72 250/372] semantic=0.215 depth=0.014
[72 275/372] semantic=0.256 depth=0.021
[72 300/372] semantic=0.219 depth=0.015
[72 325/372] semantic=0.247 depth=0.016
[72 350/372] semantic=0.303 depth=0.028
[72 372/372] semantic=0.196 depth=0.016
Epoch 072: mIoU=68.449 pix=91.422 abs=0.0467 rel=89.2603 delta=126.183 wall_h=17.781
[73 1/372] semantic=0.231 depth=0.024
[73 25/372] semantic=0.246 depth=0.015
[73 50/372] semantic=0.223 depth=0.017
[73 75/372] semantic=0.227 depth=0.016
[73 100/372] semantic=0.214 depth=0.022
[73 125/372] semantic=0.212 depth=0.016
[73 150/372] semantic=0.218 depth=0.014
[73 175/372] semantic=0.207 depth=0.016
[73 200/372] semantic=0.236 depth=0.022
[73 225/372] semantic=0.238 depth=0.031
[73 250/372] semantic=0.227 depth=0.019
[73 275/372] semantic=0.191 depth=0.018
[73 300/372] semantic=0.191 depth=0.020
[73 325/372] semantic=0.285 depth=0.020
[73 350/372] semantic=0.239 depth=0.020
[73 372/372] semantic=0.153 depth=0.016
Epoch 073: mIoU=66.928 pix=90.201 abs=0.0287 rel=111.3405 delta=110.805 wall_h=18.033
[74 1/372] semantic=0.184 depth=0.019
[74 25/372] semantic=0.174 depth=0.021
[74 50/372] semantic=0.185 depth=0.014
[74 75/372] semantic=0.212 depth=0.019
[74 100/372] semantic=0.194 depth=0.015
[74 125/372] semantic=0.173 depth=0.016
[74 150/372] semantic=0.243 depth=0.016
[74 175/372] semantic=0.185 depth=0.019
[74 200/372] semantic=0.189 depth=0.021
[74 225/372] semantic=0.209 depth=0.013
[74 250/372] semantic=0.312 depth=0.023
[74 275/372] semantic=0.239 depth=0.018
[74 300/372] semantic=0.224 depth=0.011
[74 325/372] semantic=0.209 depth=0.017
[74 350/372] semantic=0.195 depth=0.017
[74 372/372] semantic=0.221 depth=0.016
Epoch 074: mIoU=68.414 pix=91.400 abs=0.0272 rel=112.0714 delta=107.709 wall_h=18.280
[75 1/372] semantic=0.227 depth=0.025
[75 25/372] semantic=0.205 depth=0.016
[75 50/372] semantic=0.208 depth=0.014
[75 75/372] semantic=0.206 depth=0.015
[75 100/372] semantic=0.218 depth=0.017
[75 125/372] semantic=0.210 depth=0.018
[75 150/372] semantic=0.228 depth=0.020
[75 175/372] semantic=0.171 depth=0.018
[75 200/372] semantic=0.203 depth=0.027
[75 225/372] semantic=0.195 depth=0.015
[75 250/372] semantic=0.178 depth=0.017
[75 275/372] semantic=0.229 depth=0.017
[75 300/372] semantic=0.226 depth=0.020
[75 325/372] semantic=0.209 depth=0.024
[75 350/372] semantic=0.250 depth=0.021
[75 372/372] semantic=0.202 depth=0.018
Epoch 075: mIoU=68.817 pix=91.541 abs=0.0343 rel=102.8002 delta=113.434 wall_h=18.522
[76 1/372] semantic=0.181 depth=0.013
[76 25/372] semantic=0.203 depth=0.015
[76 50/372] semantic=0.205 depth=0.017
[76 75/372] semantic=0.226 depth=0.018
[76 100/372] semantic=0.165 depth=0.014
[76 125/372] semantic=0.191 depth=0.019
[76 150/372] semantic=0.254 depth=0.018
[76 175/372] semantic=0.191 depth=0.016
[76 200/372] semantic=0.239 depth=0.015
[76 225/372] semantic=0.221 depth=0.018
[76 250/372] semantic=0.171 depth=0.021
[76 275/372] semantic=0.206 depth=0.016
[76 300/372] semantic=0.203 depth=0.026
[76 325/372] semantic=0.176 depth=0.017
[76 350/372] semantic=0.244 depth=0.016
[76 372/372] semantic=0.222 depth=0.019
Epoch 076: mIoU=68.753 pix=91.432 abs=0.0301 rel=106.2158 delta=108.014 wall_h=18.762
[77 1/372] semantic=0.217 depth=0.016
[77 25/372] semantic=0.210 depth=0.015
[77 50/372] semantic=0.269 depth=0.021
[77 75/372] semantic=0.227 depth=0.014
[77 100/372] semantic=0.202 depth=0.015
[77 125/372] semantic=0.236 depth=0.018
[77 150/372] semantic=0.238 depth=0.016
[77 175/372] semantic=0.209 depth=0.014
[77 200/372] semantic=0.195 depth=0.016
[77 225/372] semantic=0.245 depth=0.025
[77 250/372] semantic=0.241 depth=0.016
[77 275/372] semantic=0.224 depth=0.022
[77 300/372] semantic=0.234 depth=0.014
[77 325/372] semantic=0.200 depth=0.016
[77 350/372] semantic=0.279 depth=0.017
[77 372/372] semantic=0.228 depth=0.020
Epoch 077: mIoU=68.043 pix=91.397 abs=0.0390 rel=95.2444 delta=116.242 wall_h=18.998
[78 1/372] semantic=0.169 depth=0.025
[78 25/372] semantic=0.186 depth=0.016
[78 50/372] semantic=0.171 depth=0.015
[78 75/372] semantic=0.200 depth=0.017
[78 100/372] semantic=0.178 depth=0.015
[78 125/372] semantic=0.180 depth=0.015
[78 150/372] semantic=0.178 depth=0.015
[78 175/372] semantic=0.206 depth=0.015
[78 200/372] semantic=0.247 depth=0.015
[78 225/372] semantic=0.210 depth=0.017
[78 250/372] semantic=0.220 depth=0.015
[78 275/372] semantic=0.197 depth=0.015
[78 300/372] semantic=0.196 depth=0.015
[78 325/372] semantic=0.233 depth=0.024
[78 350/372] semantic=0.200 depth=0.017
[78 372/372] semantic=0.245 depth=0.017
Epoch 078: mIoU=68.689 pix=91.556 abs=0.0322 rel=101.4117 delta=107.966 wall_h=19.235
[79 1/372] semantic=0.213 depth=0.018
[79 25/372] semantic=0.193 depth=0.015
[79 50/372] semantic=0.224 depth=0.016
[79 75/372] semantic=0.251 depth=0.018
[79 100/372] semantic=0.198 depth=0.015
[79 125/372] semantic=0.188 depth=0.015
[79 150/372] semantic=0.237 depth=0.023
[79 175/372] semantic=0.183 depth=0.012
[79 200/372] semantic=0.210 depth=0.015
[79 225/372] semantic=0.196 depth=0.017
[79 250/372] semantic=0.185 depth=0.014
[79 275/372] semantic=0.249 depth=0.015
[79 300/372] semantic=0.206 depth=0.014
[79 325/372] semantic=0.208 depth=0.016
[79 350/372] semantic=0.217 depth=0.013
[79 372/372] semantic=0.160 depth=0.015
Epoch 079: mIoU=68.694 pix=91.513 abs=0.0252 rel=112.2463 delta=103.614 wall_h=19.477
[80 1/372] semantic=0.192 depth=0.020
[80 25/372] semantic=0.199 depth=0.018
[80 50/372] semantic=0.170 depth=0.015
[80 75/372] semantic=0.257 depth=0.018
[80 100/372] semantic=0.308 depth=0.022
[80 125/372] semantic=0.190 depth=0.016
[80 150/372] semantic=0.246 depth=0.015
[80 175/372] semantic=0.272 depth=0.019
[80 200/372] semantic=0.233 depth=0.013
[80 225/372] semantic=0.206 depth=0.016
[80 250/372] semantic=0.189 depth=0.014
[80 275/372] semantic=0.172 depth=0.015
[80 300/372] semantic=0.242 depth=0.017
[80 325/372] semantic=0.203 depth=0.017
[80 350/372] semantic=0.194 depth=0.016
[80 372/372] semantic=0.209 depth=0.017
Epoch 080: mIoU=69.018 pix=91.470 abs=0.0376 rel=95.5342 delta=113.272 wall_h=19.713
[81 1/372] semantic=0.221 depth=0.018
[81 25/372] semantic=0.279 depth=0.016
[81 50/372] semantic=0.191 depth=0.015
[81 75/372] semantic=0.256 depth=0.018
[81 100/372] semantic=0.247 depth=0.016
[81 125/372] semantic=0.203 depth=0.018
[81 150/372] semantic=0.217 depth=0.019
[81 175/372] semantic=0.235 depth=0.017
[81 200/372] semantic=0.188 depth=0.019
[81 225/372] semantic=0.174 depth=0.014
[81 250/372] semantic=0.211 depth=0.013
[81 275/372] semantic=0.203 depth=0.024
[81 300/372] semantic=0.249 depth=0.020
[81 325/372] semantic=0.198 depth=0.016
[81 350/372] semantic=0.238 depth=0.019
[81 372/372] semantic=0.240 depth=0.015
Epoch 081: mIoU=69.049 pix=91.649 abs=0.0292 rel=100.7988 delta=101.152 wall_h=19.947
[82 1/372] semantic=0.188 depth=0.019
[82 25/372] semantic=0.208 depth=0.015
[82 50/372] semantic=0.279 depth=0.018
[82 75/372] semantic=0.205 depth=0.012
[82 100/372] semantic=0.165 depth=0.020
[82 125/372] semantic=0.184 depth=0.022
[82 150/372] semantic=0.249 depth=0.017
[82 175/372] semantic=0.207 depth=0.016
[82 200/372] semantic=0.186 depth=0.018
[82 225/372] semantic=0.234 depth=0.016
[82 250/372] semantic=0.249 depth=0.016
[82 275/372] semantic=0.217 depth=0.014
[82 300/372] semantic=0.214 depth=0.019
[82 325/372] semantic=0.226 depth=0.017
[82 350/372] semantic=0.252 depth=0.022
[82 372/372] semantic=0.169 depth=0.014
Epoch 082: mIoU=68.926 pix=91.553 abs=0.0330 rel=102.0687 delta=109.978 wall_h=20.180
[83 1/372] semantic=0.214 depth=0.015
[83 25/372] semantic=0.144 depth=0.016
[83 50/372] semantic=0.225 depth=0.015
[83 75/372] semantic=0.188 depth=0.014
[83 100/372] semantic=0.198 depth=0.014
[83 125/372] semantic=0.251 depth=0.015
[83 150/372] semantic=0.205 depth=0.015
[83 175/372] semantic=0.249 depth=0.017
[83 200/372] semantic=0.210 depth=0.012
[83 225/372] semantic=0.221 depth=0.014
[83 250/372] semantic=0.187 depth=0.012
[83 275/372] semantic=0.185 depth=0.012
[83 300/372] semantic=0.220 depth=0.018
[83 325/372] semantic=0.182 depth=0.015
[83 350/372] semantic=0.255 depth=0.018
[83 372/372] semantic=0.296 depth=0.018
Epoch 083: mIoU=69.548 pix=91.520 abs=0.0364 rel=97.1161 delta=112.169 wall_h=20.414
[84 1/372] semantic=0.196 depth=0.020
[84 25/372] semantic=0.202 depth=0.013
[84 50/372] semantic=0.197 depth=0.016
[84 75/372] semantic=0.141 depth=0.016
[84 100/372] semantic=0.224 depth=0.018
[84 125/372] semantic=0.170 depth=0.015
[84 150/372] semantic=0.198 depth=0.016
[84 175/372] semantic=0.215 depth=0.014
[84 200/372] semantic=0.144 depth=0.018
[84 225/372] semantic=0.176 depth=0.015
[84 250/372] semantic=0.257 depth=0.013
[84 275/372] semantic=0.216 depth=0.016
[84 300/372] semantic=0.165 depth=0.017
[84 325/372] semantic=0.202 depth=0.016
[84 350/372] semantic=0.255 depth=0.015
[84 372/372] semantic=0.197 depth=0.015
Epoch 084: mIoU=69.401 pix=91.958 abs=0.0260 rel=111.8438 delta=104.661 wall_h=20.648
[85 1/372] semantic=0.191 depth=0.016
[85 25/372] semantic=0.193 depth=0.014
[85 50/372] semantic=0.165 depth=0.018
[85 75/372] semantic=0.244 depth=0.013
[85 100/372] semantic=0.221 depth=0.025
[85 125/372] semantic=0.212 depth=0.021
[85 150/372] semantic=0.186 depth=0.016
[85 175/372] semantic=0.189 depth=0.019
[85 200/372] semantic=0.161 depth=0.018
[85 225/372] semantic=0.212 depth=0.024
[85 250/372] semantic=0.181 depth=0.018
[85 275/372] semantic=0.212 depth=0.020
[85 300/372] semantic=0.168 depth=0.017
[85 325/372] semantic=0.194 depth=0.016
[85 350/372] semantic=0.183 depth=0.016
[85 372/372] semantic=0.218 depth=0.016
Epoch 085: mIoU=70.078 pix=92.070 abs=0.0279 rel=102.8513 delta=99.920 wall_h=20.883
[86 1/372] semantic=0.210 depth=0.014
[86 25/372] semantic=0.221 depth=0.018
[86 50/372] semantic=0.205 depth=0.020
[86 75/372] semantic=0.158 depth=0.017
[86 100/372] semantic=0.189 depth=0.014
[86 125/372] semantic=0.179 depth=0.012
[86 150/372] semantic=0.204 depth=0.023
[86 175/372] semantic=0.230 depth=0.017
[86 200/372] semantic=0.218 depth=0.017
[86 225/372] semantic=0.213 depth=0.020
[86 250/372] semantic=0.245 depth=0.016
[86 275/372] semantic=0.214 depth=0.014
[86 300/372] semantic=0.196 depth=0.013
[86 325/372] semantic=0.180 depth=0.023
[86 350/372] semantic=0.208 depth=0.014
[86 372/372] semantic=0.201 depth=0.014
Epoch 086: mIoU=69.360 pix=91.840 abs=0.0242 rel=105.1721 delta=95.088 wall_h=21.124
[87 1/372] semantic=0.182 depth=0.017
[87 25/372] semantic=0.156 depth=0.016
[87 50/372] semantic=0.204 depth=0.022
[87 75/372] semantic=0.155 depth=0.017
[87 100/372] semantic=0.166 depth=0.014
[87 125/372] semantic=0.186 depth=0.014
[87 150/372] semantic=0.184 depth=0.020
[87 175/372] semantic=0.190 depth=0.013
[87 200/372] semantic=0.179 depth=0.016
[87 225/372] semantic=0.176 depth=0.015
[87 250/372] semantic=0.203 depth=0.019
[87 275/372] semantic=0.180 depth=0.011
[87 300/372] semantic=0.205 depth=0.018
[87 325/372] semantic=0.212 depth=0.014
[87 350/372] semantic=0.143 depth=0.021
[87 372/372] semantic=0.225 depth=0.019
Epoch 087: mIoU=69.538 pix=91.742 abs=0.0235 rel=112.5619 delta=100.312 wall_h=21.371
[88 1/372] semantic=0.225 depth=0.016
[88 25/372] semantic=0.192 depth=0.015
[88 50/372] semantic=0.235 depth=0.019
[88 75/372] semantic=0.187 depth=0.015
[88 100/372] semantic=0.182 depth=0.017
[88 125/372] semantic=0.159 depth=0.016
[88 150/372] semantic=0.174 depth=0.014
[88 175/372] semantic=0.193 depth=0.016
[88 200/372] semantic=0.181 depth=0.017
[88 225/372] semantic=0.211 depth=0.018
[88 250/372] semantic=0.249 depth=0.022
[88 275/372] semantic=0.189 depth=0.017
[88 300/372] semantic=0.179 depth=0.012
[88 325/372] semantic=0.174 depth=0.012
[88 350/372] semantic=0.220 depth=0.015
[88 372/372] semantic=0.201 depth=0.011
Epoch 088: mIoU=69.897 pix=91.934 abs=0.0284 rel=104.7137 delta=102.761 wall_h=21.614
[89 1/372] semantic=0.209 depth=0.012
[89 25/372] semantic=0.203 depth=0.018
[89 50/372] semantic=0.248 depth=0.017
[89 75/372] semantic=0.172 depth=0.013
[89 100/372] semantic=0.188 depth=0.019
[89 125/372] semantic=0.170 depth=0.014
[89 150/372] semantic=0.238 depth=0.014
[89 175/372] semantic=0.190 depth=0.011
[89 200/372] semantic=0.204 depth=0.016
[89 225/372] semantic=0.204 depth=0.016
[89 250/372] semantic=0.271 depth=0.013
[89 275/372] semantic=0.172 depth=0.016
[89 300/372] semantic=0.182 depth=0.015
[89 325/372] semantic=0.208 depth=0.014
[89 350/372] semantic=0.173 depth=0.014
[89 372/372] semantic=0.178 depth=0.013
Epoch 089: mIoU=69.904 pix=91.909 abs=0.0368 rel=96.4287 delta=112.198 wall_h=21.861
[90 1/372] semantic=0.177 depth=0.015
[90 25/372] semantic=0.160 depth=0.021
[90 50/372] semantic=0.195 depth=0.017
[90 75/372] semantic=0.262 depth=0.013
[90 100/372] semantic=0.194 depth=0.020
[90 125/372] semantic=0.204 depth=0.015
[90 150/372] semantic=0.170 depth=0.016
[90 175/372] semantic=0.184 depth=0.015
[90 200/372] semantic=0.177 depth=0.017
[90 225/372] semantic=0.201 depth=0.021
[90 250/372] semantic=0.225 depth=0.016
[90 275/372] semantic=0.190 depth=0.015
[90 300/372] semantic=0.176 depth=0.015
[90 325/372] semantic=0.181 depth=0.013
[90 350/372] semantic=0.171 depth=0.019
[90 372/372] semantic=0.180 depth=0.016
Epoch 090: mIoU=70.427 pix=92.007 abs=0.0276 rel=106.3028 delta=102.494 wall_h=22.109
[91 1/372] semantic=0.223 depth=0.015
[91 25/372] semantic=0.157 depth=0.013
[91 50/372] semantic=0.209 depth=0.014
[91 75/372] semantic=0.182 depth=0.016
[91 100/372] semantic=0.175 depth=0.015
[91 125/372] semantic=0.177 depth=0.015
[91 150/372] semantic=0.172 depth=0.012
[91 175/372] semantic=0.200 depth=0.013
[91 200/372] semantic=0.231 depth=0.015
[91 225/372] semantic=0.207 depth=0.014
[91 250/372] semantic=0.210 depth=0.018
[91 275/372] semantic=0.184 depth=0.016
[91 300/372] semantic=0.215 depth=0.017
[91 325/372] semantic=0.178 depth=0.020
[91 350/372] semantic=0.210 depth=0.017
[91 372/372] semantic=0.220 depth=0.017
Epoch 091: mIoU=69.924 pix=92.117 abs=0.0247 rel=113.8128 delta=103.560 wall_h=22.357
[92 1/372] semantic=0.207 depth=0.014
[92 25/372] semantic=0.224 depth=0.016
[92 50/372] semantic=0.188 depth=0.015
[92 75/372] semantic=0.213 depth=0.017
[92 100/372] semantic=0.180 depth=0.015
[92 125/372] semantic=0.190 depth=0.012
[92 150/372] semantic=0.201 depth=0.015
[92 175/372] semantic=0.195 depth=0.019
[92 200/372] semantic=0.300 depth=0.017
[92 225/372] semantic=0.211 depth=0.013
[92 250/372] semantic=0.244 depth=0.015
[92 275/372] semantic=0.299 depth=0.020
[92 300/372] semantic=0.151 depth=0.013
[92 325/372] semantic=0.190 depth=0.017
[92 350/372] semantic=0.192 depth=0.018
[92 372/372] semantic=0.175 depth=0.026
Epoch 092: mIoU=69.826 pix=91.692 abs=0.0313 rel=102.0187 delta=106.186 wall_h=22.604
[93 1/372] semantic=0.181 depth=0.015
[93 25/372] semantic=0.245 depth=0.017
[93 50/372] semantic=0.206 depth=0.013
[93 75/372] semantic=0.159 depth=0.018
[93 100/372] semantic=0.185 depth=0.014
[93 125/372] semantic=0.201 depth=0.018
[93 150/372] semantic=0.181 depth=0.016
[93 175/372] semantic=0.213 depth=0.024
[93 200/372] semantic=0.157 depth=0.012
[93 225/372] semantic=0.268 depth=0.022
[93 250/372] semantic=0.252 depth=0.012
[93 275/372] semantic=0.176 depth=0.012
[93 300/372] semantic=0.219 depth=0.016
[93 325/372] semantic=0.186 depth=0.016
[93 350/372] semantic=0.213 depth=0.015
[93 372/372] semantic=0.163 depth=0.012
Epoch 093: mIoU=70.138 pix=91.932 abs=0.0262 rel=106.3034 delta=99.670 wall_h=22.852
[94 1/372] semantic=0.208 depth=0.019
[94 25/372] semantic=0.276 depth=0.016
[94 50/372] semantic=0.190 depth=0.015
[94 75/372] semantic=0.198 depth=0.019
[94 100/372] semantic=0.179 depth=0.013
[94 125/372] semantic=0.166 depth=0.014
[94 150/372] semantic=0.231 depth=0.016
[94 175/372] semantic=0.226 depth=0.016
[94 200/372] semantic=0.161 depth=0.014
[94 225/372] semantic=0.245 depth=0.020
[94 250/372] semantic=0.198 depth=0.014
[94 275/372] semantic=0.170 depth=0.016
[94 300/372] semantic=0.192 depth=0.013
[94 325/372] semantic=0.177 depth=0.014
[94 350/372] semantic=0.154 depth=0.017
[94 372/372] semantic=0.201 depth=0.013
Epoch 094: mIoU=69.779 pix=92.143 abs=0.0259 rel=110.5757 delta=103.066 wall_h=23.093
[95 1/372] semantic=0.192 depth=0.013
[95 25/372] semantic=0.289 depth=0.016
[95 50/372] semantic=0.244 depth=0.013
[95 75/372] semantic=0.155 depth=0.014
[95 100/372] semantic=0.215 depth=0.017
[95 125/372] semantic=0.189 depth=0.014
[95 150/372] semantic=0.198 depth=0.018
[95 175/372] semantic=0.229 depth=0.017
[95 200/372] semantic=0.193 depth=0.015
[95 225/372] semantic=0.197 depth=0.012
[95 250/372] semantic=0.201 depth=0.016
[95 275/372] semantic=0.202 depth=0.013
[95 300/372] semantic=0.224 depth=0.016
[95 325/372] semantic=0.244 depth=0.017
[95 350/372] semantic=0.189 depth=0.010
[95 372/372] semantic=0.196 depth=0.015
Epoch 095: mIoU=70.446 pix=91.948 abs=0.0261 rel=108.7220 delta=101.636 wall_h=23.334
[96 1/372] semantic=0.227 depth=0.020
[96 25/372] semantic=0.200 depth=0.014
[96 50/372] semantic=0.180 depth=0.021
[96 75/372] semantic=0.176 depth=0.014
[96 100/372] semantic=0.256 depth=0.019
[96 125/372] semantic=0.190 depth=0.019
[96 150/372] semantic=0.132 depth=0.012
[96 175/372] semantic=0.166 depth=0.014
[96 200/372] semantic=0.211 depth=0.016
[96 225/372] semantic=0.220 depth=0.016
[96 250/372] semantic=0.192 depth=0.013
[96 275/372] semantic=0.196 depth=0.023
[96 300/372] semantic=0.192 depth=0.011
[96 325/372] semantic=0.165 depth=0.016
[96 350/372] semantic=0.174 depth=0.014
[96 372/372] semantic=0.199 depth=0.015
Epoch 096: mIoU=70.533 pix=92.083 abs=0.0273 rel=105.4402 delta=100.979 wall_h=23.574
[97 1/372] semantic=0.190 depth=0.016
[97 25/372] semantic=0.192 depth=0.013
[97 50/372] semantic=0.176 depth=0.018
[97 75/372] semantic=0.170 depth=0.019
[97 100/372] semantic=0.193 depth=0.015
[97 125/372] semantic=0.167 depth=0.022
[97 150/372] semantic=0.210 depth=0.017
[97 175/372] semantic=0.191 depth=0.013
[97 200/372] semantic=0.239 depth=0.017
[97 225/372] semantic=0.246 depth=0.015
[97 250/372] semantic=0.165 depth=0.019
[97 275/372] semantic=0.193 depth=0.014
[97 300/372] semantic=0.246 depth=0.015
[97 325/372] semantic=0.197 depth=0.021
[97 350/372] semantic=0.139 depth=0.015
[97 372/372] semantic=0.176 depth=0.016
Epoch 097: mIoU=70.448 pix=92.261 abs=0.0249 rel=105.8818 delta=96.484 wall_h=23.813
[98 1/372] semantic=0.210 depth=0.015
[98 25/372] semantic=0.188 depth=0.016
[98 50/372] semantic=0.187 depth=0.012
[98 75/372] semantic=0.154 depth=0.015
[98 100/372] semantic=0.275 depth=0.015
[98 125/372] semantic=0.183 depth=0.013
[98 150/372] semantic=0.159 depth=0.018
[98 175/372] semantic=0.211 depth=0.013
[98 200/372] semantic=0.199 depth=0.015
[98 225/372] semantic=0.190 depth=0.014
[98 250/372] semantic=0.185 depth=0.014
[98 275/372] semantic=0.194 depth=0.016
[98 300/372] semantic=0.237 depth=0.017
[98 325/372] semantic=0.220 depth=0.025
[98 350/372] semantic=0.195 depth=0.015
[98 372/372] semantic=0.205 depth=0.021
Epoch 098: mIoU=70.625 pix=92.195 abs=0.0304 rel=106.0026 delta=107.670 wall_h=24.052
[99 1/372] semantic=0.202 depth=0.014
[99 25/372] semantic=0.220 depth=0.020
[99 50/372] semantic=0.208 depth=0.020
[99 75/372] semantic=0.188 depth=0.019
[99 100/372] semantic=0.182 depth=0.015
[99 125/372] semantic=0.262 depth=0.023
[99 150/372] semantic=0.214 depth=0.012
[99 175/372] semantic=0.221 depth=0.020
[99 200/372] semantic=0.213 depth=0.023
[99 225/372] semantic=0.192 depth=0.013
[99 250/372] semantic=0.169 depth=0.013
[99 275/372] semantic=0.221 depth=0.018
[99 300/372] semantic=0.196 depth=0.023
[99 325/372] semantic=0.147 depth=0.022
[99 350/372] semantic=0.243 depth=0.014
[99 372/372] semantic=0.214 depth=0.014
Epoch 099: mIoU=70.873 pix=92.216 abs=0.0257 rel=108.2065 delta=100.066 wall_h=24.293
[100 1/372] semantic=0.185 depth=0.012
[100 25/372] semantic=0.192 depth=0.016
[100 50/372] semantic=0.166 depth=0.021
[100 75/372] semantic=0.157 depth=0.017
[100 100/372] semantic=0.219 depth=0.014
[100 125/372] semantic=0.224 depth=0.013
[100 150/372] semantic=0.191 depth=0.014
[100 175/372] semantic=0.184 depth=0.015
[100 200/372] semantic=0.211 depth=0.016
[100 225/372] semantic=0.226 depth=0.013
[100 250/372] semantic=0.181 depth=0.015
[100 275/372] semantic=0.176 depth=0.014
[100 300/372] semantic=0.203 depth=0.020
[100 325/372] semantic=0.145 depth=0.013
[100 350/372] semantic=0.215 depth=0.014
[100 372/372] semantic=0.191 depth=0.020
Epoch 100: mIoU=69.887 pix=91.904 abs=0.0283 rel=107.9257 delta=105.432 wall_h=24.533
[101 1/372] semantic=0.214 depth=0.013
[101 25/372] semantic=0.156 depth=0.017
[101 50/372] semantic=0.209 depth=0.013
[101 75/372] semantic=0.208 depth=0.014
[101 100/372] semantic=0.206 depth=0.012
[101 125/372] semantic=0.194 depth=0.013
[101 150/372] semantic=0.163 depth=0.011
[101 175/372] semantic=0.186 depth=0.015
[101 200/372] semantic=0.194 depth=0.018
[101 225/372] semantic=0.183 depth=0.011
[101 250/372] semantic=0.202 depth=0.014
[101 275/372] semantic=0.202 depth=0.013
[101 300/372] semantic=0.201 depth=0.014
[101 325/372] semantic=0.215 depth=0.014
[101 350/372] semantic=0.226 depth=0.014
[101 372/372] semantic=0.218 depth=0.015
Epoch 101: mIoU=71.352 pix=92.383 abs=0.0284 rel=106.6815 delta=103.890 wall_h=24.773
[102 1/372] semantic=0.144 depth=0.012
[102 25/372] semantic=0.171 depth=0.013
[102 50/372] semantic=0.190 depth=0.012
[102 75/372] semantic=0.174 depth=0.016
[102 100/372] semantic=0.183 depth=0.014
[102 125/372] semantic=0.159 depth=0.012
[102 150/372] semantic=0.186 depth=0.012
[102 175/372] semantic=0.196 depth=0.011
[102 200/372] semantic=0.154 depth=0.012
[102 225/372] semantic=0.246 depth=0.017
[102 250/372] semantic=0.169 depth=0.014
[102 275/372] semantic=0.171 depth=0.011
[102 300/372] semantic=0.204 depth=0.011
[102 325/372] semantic=0.183 depth=0.016
[102 350/372] semantic=0.237 depth=0.019
[102 372/372] semantic=0.122 depth=0.014
Epoch 102: mIoU=71.761 pix=92.580 abs=0.0262 rel=107.0347 delta=99.711 wall_h=25.013
[103 1/372] semantic=0.177 depth=0.015
[103 25/372] semantic=0.152 depth=0.015
[103 50/372] semantic=0.205 depth=0.014
[103 75/372] semantic=0.223 depth=0.013
[103 100/372] semantic=0.147 depth=0.010
[103 125/372] semantic=0.140 depth=0.014
[103 150/372] semantic=0.179 depth=0.017
[103 175/372] semantic=0.200 depth=0.013
[103 200/372] semantic=0.184 depth=0.018
[103 225/372] semantic=0.206 depth=0.015
[103 250/372] semantic=0.205 depth=0.010
[103 275/372] semantic=0.196 depth=0.015
[103 300/372] semantic=0.159 depth=0.013
[103 325/372] semantic=0.145 depth=0.012
[103 350/372] semantic=0.137 depth=0.020
[103 372/372] semantic=0.225 depth=0.015
Epoch 103: mIoU=72.074 pix=92.616 abs=0.0254 rel=106.4374 delta=97.468 wall_h=25.252
[104 1/372] semantic=0.175 depth=0.013
[104 25/372] semantic=0.172 depth=0.012
[104 50/372] semantic=0.181 depth=0.013
[104 75/372] semantic=0.233 depth=0.012
[104 100/372] semantic=0.216 depth=0.012
[104 125/372] semantic=0.158 depth=0.017
[104 150/372] semantic=0.179 depth=0.012
[104 175/372] semantic=0.196 depth=0.011
[104 200/372] semantic=0.142 depth=0.015
[104 225/372] semantic=0.160 depth=0.011
[104 250/372] semantic=0.155 depth=0.011
[104 275/372] semantic=0.182 depth=0.016
[104 300/372] semantic=0.160 depth=0.012
[104 325/372] semantic=0.171 depth=0.014
[104 350/372] semantic=0.194 depth=0.013
[104 372/372] semantic=0.160 depth=0.014
Epoch 104: mIoU=71.857 pix=92.622 abs=0.0257 rel=105.3404 delta=97.034 wall_h=25.491
[105 1/372] semantic=0.161 depth=0.013
[105 25/372] semantic=0.162 depth=0.010
[105 50/372] semantic=0.180 depth=0.014
[105 75/372] semantic=0.176 depth=0.011
[105 100/372] semantic=0.174 depth=0.016
[105 125/372] semantic=0.139 depth=0.013
[105 150/372] semantic=0.135 depth=0.011
[105 175/372] semantic=0.167 depth=0.015
[105 200/372] semantic=0.183 depth=0.013
[105 225/372] semantic=0.213 depth=0.014
[105 250/372] semantic=0.234 depth=0.013
[105 275/372] semantic=0.194 depth=0.015
[105 300/372] semantic=0.167 depth=0.012
[105 325/372] semantic=0.184 depth=0.009
[105 350/372] semantic=0.198 depth=0.015
[105 372/372] semantic=0.185 depth=0.012
Epoch 105: mIoU=72.031 pix=92.659 abs=0.0253 rel=105.3345 delta=96.289 wall_h=25.730
[106 1/372] semantic=0.156 depth=0.015
[106 25/372] semantic=0.195 depth=0.013
[106 50/372] semantic=0.161 depth=0.012
[106 75/372] semantic=0.184 depth=0.009
[106 100/372] semantic=0.198 depth=0.010
[106 125/372] semantic=0.175 depth=0.015
[106 150/372] semantic=0.208 depth=0.010
[106 175/372] semantic=0.192 depth=0.016
[106 200/372] semantic=0.193 depth=0.012
[106 225/372] semantic=0.169 depth=0.015
[106 250/372] semantic=0.183 depth=0.015
[106 275/372] semantic=0.163 depth=0.010
[106 300/372] semantic=0.179 depth=0.014
[106 325/372] semantic=0.141 depth=0.014
[106 350/372] semantic=0.196 depth=0.013
[106 372/372] semantic=0.229 depth=0.015
Epoch 106: mIoU=72.220 pix=92.604 abs=0.0225 rel=108.6326 delta=93.599 wall_h=25.969
[107 1/372] semantic=0.190 depth=0.014
[107 25/372] semantic=0.164 depth=0.010
[107 50/372] semantic=0.190 depth=0.011
[107 75/372] semantic=0.176 depth=0.015
[107 100/372] semantic=0.179 depth=0.012
[107 125/372] semantic=0.170 depth=0.013
[107 150/372] semantic=0.184 depth=0.011
[107 175/372] semantic=0.184 depth=0.010
[107 200/372] semantic=0.168 depth=0.017
[107 225/372] semantic=0.130 depth=0.012
[107 250/372] semantic=0.228 depth=0.011
[107 275/372] semantic=0.137 depth=0.012
[107 300/372] semantic=0.169 depth=0.016
[107 325/372] semantic=0.176 depth=0.018
[107 350/372] semantic=0.163 depth=0.014
[107 372/372] semantic=0.183 depth=0.012
Epoch 107: mIoU=72.248 pix=92.744 abs=0.0249 rel=104.5280 delta=94.539 wall_h=26.210
[108 1/372] semantic=0.176 depth=0.010
[108 25/372] semantic=0.216 depth=0.013
[108 50/372] semantic=0.147 depth=0.011
[108 75/372] semantic=0.191 depth=0.014
[108 100/372] semantic=0.177 depth=0.017
[108 125/372] semantic=0.201 depth=0.013
[108 150/372] semantic=0.230 depth=0.011
[108 175/372] semantic=0.156 depth=0.013
[108 200/372] semantic=0.179 depth=0.016
[108 225/372] semantic=0.178 depth=0.012
[108 250/372] semantic=0.175 depth=0.018
[108 275/372] semantic=0.181 depth=0.016
[108 300/372] semantic=0.214 depth=0.016
[108 325/372] semantic=0.172 depth=0.010
[108 350/372] semantic=0.123 depth=0.011
[108 372/372] semantic=0.176 depth=0.012
Epoch 108: mIoU=72.259 pix=92.696 abs=0.0242 rel=104.5540 delta=93.271 wall_h=26.447
[109 1/372] semantic=0.155 depth=0.012
[109 25/372] semantic=0.185 depth=0.012
[109 50/372] semantic=0.203 depth=0.009
[109 75/372] semantic=0.202 depth=0.014
[109 100/372] semantic=0.162 depth=0.013
[109 125/372] semantic=0.140 depth=0.014
[109 150/372] semantic=0.141 depth=0.015
[109 175/372] semantic=0.224 depth=0.013
[109 200/372] semantic=0.152 depth=0.013
[109 225/372] semantic=0.212 depth=0.012
[109 250/372] semantic=0.188 depth=0.022
[109 275/372] semantic=0.164 depth=0.017
[109 300/372] semantic=0.133 depth=0.012
[109 325/372] semantic=0.136 depth=0.010
[109 350/372] semantic=0.205 depth=0.013
[109 372/372] semantic=0.144 depth=0.013
Epoch 109: mIoU=72.306 pix=92.767 abs=0.0243 rel=107.1182 delta=95.653 wall_h=26.686
[110 1/372] semantic=0.169 depth=0.010
[110 25/372] semantic=0.153 depth=0.016
[110 50/372] semantic=0.148 depth=0.012
[110 75/372] semantic=0.150 depth=0.015
[110 100/372] semantic=0.181 depth=0.013
[110 125/372] semantic=0.140 depth=0.013
[110 150/372] semantic=0.165 depth=0.010
[110 175/372] semantic=0.176 depth=0.013
[110 200/372] semantic=0.155 depth=0.012
[110 225/372] semantic=0.160 depth=0.012
[110 250/372] semantic=0.227 depth=0.017
[110 275/372] semantic=0.169 depth=0.010
[110 300/372] semantic=0.193 depth=0.016
[110 325/372] semantic=0.256 depth=0.011
[110 350/372] semantic=0.198 depth=0.015
[110 372/372] semantic=0.171 depth=0.015
Epoch 110: mIoU=71.789 pix=92.636 abs=0.0228 rel=107.2181 delta=92.996 wall_h=26.926
[111 1/372] semantic=0.160 depth=0.011
[111 25/372] semantic=0.129 depth=0.013
[111 50/372] semantic=0.197 depth=0.012
[111 75/372] semantic=0.161 depth=0.013
[111 100/372] semantic=0.178 depth=0.014
[111 125/372] semantic=0.150 depth=0.013
[111 150/372] semantic=0.183 depth=0.010
[111 175/372] semantic=0.128 depth=0.013
[111 200/372] semantic=0.154 depth=0.020
[111 225/372] semantic=0.174 depth=0.016
[111 250/372] semantic=0.162 depth=0.010
[111 275/372] semantic=0.182 depth=0.013
[111 300/372] semantic=0.161 depth=0.015
[111 325/372] semantic=0.197 depth=0.012
[111 350/372] semantic=0.144 depth=0.015
[111 372/372] semantic=0.198 depth=0.012
Epoch 111: mIoU=72.563 pix=92.791 abs=0.0289 rel=100.3838 delta=98.790 wall_h=27.168
[112 1/372] semantic=0.139 depth=0.010
[112 25/372] semantic=0.183 depth=0.012
[112 50/372] semantic=0.157 depth=0.014
[112 75/372] semantic=0.164 depth=0.012
[112 100/372] semantic=0.171 depth=0.013
[112 125/372] semantic=0.164 depth=0.015
[112 150/372] semantic=0.200 depth=0.012
[112 175/372] semantic=0.189 depth=0.014
[112 200/372] semantic=0.173 depth=0.011
[112 225/372] semantic=0.170 depth=0.011
[112 250/372] semantic=0.235 depth=0.019
[112 275/372] semantic=0.170 depth=0.012
[112 300/372] semantic=0.165 depth=0.017
[112 325/372] semantic=0.201 depth=0.015
[112 350/372] semantic=0.185 depth=0.015
[112 372/372] semantic=0.192 depth=0.017
Epoch 112: mIoU=72.410 pix=92.781 abs=0.0255 rel=105.0568 delta=96.172 wall_h=27.407
[113 1/372] semantic=0.167 depth=0.010
[113 25/372] semantic=0.211 depth=0.014
[113 50/372] semantic=0.157 depth=0.012
[113 75/372] semantic=0.224 depth=0.013
[113 100/372] semantic=0.175 depth=0.012
[113 125/372] semantic=0.184 depth=0.013
[113 150/372] semantic=0.180 depth=0.020
[113 175/372] semantic=0.167 depth=0.012
[113 200/372] semantic=0.149 depth=0.012
[113 225/372] semantic=0.163 depth=0.017
[113 250/372] semantic=0.148 depth=0.013
[113 275/372] semantic=0.178 depth=0.014
[113 300/372] semantic=0.199 depth=0.017
[113 325/372] semantic=0.136 depth=0.014
[113 350/372] semantic=0.160 depth=0.013
[113 372/372] semantic=0.109 depth=0.011
Epoch 113: mIoU=72.161 pix=92.743 abs=0.0290 rel=98.5217 delta=97.528 wall_h=27.645
[114 1/372] semantic=0.150 depth=0.014
[114 25/372] semantic=0.158 depth=0.017
[114 50/372] semantic=0.196 depth=0.020
[114 75/372] semantic=0.143 depth=0.020
[114 100/372] semantic=0.148 depth=0.011
[114 125/372] semantic=0.136 depth=0.015
[114 150/372] semantic=0.210 depth=0.010
[114 175/372] semantic=0.173 depth=0.010
[114 200/372] semantic=0.187 depth=0.013
[114 225/372] semantic=0.236 depth=0.012
[114 250/372] semantic=0.165 depth=0.012
[114 275/372] semantic=0.171 depth=0.014
[114 300/372] semantic=0.158 depth=0.015
[114 325/372] semantic=0.185 depth=0.017
[114 350/372] semantic=0.208 depth=0.012
[114 372/372] semantic=0.149 depth=0.011
Epoch 114: mIoU=72.284 pix=92.827 abs=0.0273 rel=100.1390 delta=95.400 wall_h=27.882
[115 1/372] semantic=0.138 depth=0.011
[115 25/372] semantic=0.227 depth=0.019
[115 50/372] semantic=0.151 depth=0.013
[115 75/372] semantic=0.133 depth=0.013
[115 100/372] semantic=0.175 depth=0.013
[115 125/372] semantic=0.160 depth=0.016
[115 150/372] semantic=0.182 depth=0.014
[115 175/372] semantic=0.134 depth=0.010
[115 200/372] semantic=0.214 depth=0.016
[115 225/372] semantic=0.166 depth=0.019
[115 250/372] semantic=0.152 depth=0.014
[115 275/372] semantic=0.164 depth=0.014
[115 300/372] semantic=0.148 depth=0.011
[115 325/372] semantic=0.181 depth=0.014
[115 350/372] semantic=0.164 depth=0.016
[115 372/372] semantic=0.124 depth=0.013
Epoch 115: mIoU=72.507 pix=92.805 abs=0.0267 rel=102.7295 delta=96.514 wall_h=28.117
[116 1/372] semantic=0.175 depth=0.012
[116 25/372] semantic=0.209 depth=0.012
[116 50/372] semantic=0.178 depth=0.012
[116 75/372] semantic=0.202 depth=0.012
[116 100/372] semantic=0.202 depth=0.011
[116 125/372] semantic=0.192 depth=0.010
[116 150/372] semantic=0.161 depth=0.013
[116 175/372] semantic=0.196 depth=0.013
[116 200/372] semantic=0.145 depth=0.012
[116 225/372] semantic=0.167 depth=0.012
[116 250/372] semantic=0.193 depth=0.016
[116 275/372] semantic=0.151 depth=0.012
[116 300/372] semantic=0.163 depth=0.012
[116 325/372] semantic=0.153 depth=0.012
[116 350/372] semantic=0.156 depth=0.016
[116 372/372] semantic=0.178 depth=0.012
Epoch 116: mIoU=72.570 pix=92.738 abs=0.0255 rel=108.4914 delta=99.352 wall_h=28.356
[117 1/372] semantic=0.140 depth=0.016
[117 25/372] semantic=0.177 depth=0.014
[117 50/372] semantic=0.139 depth=0.010
[117 75/372] semantic=0.141 depth=0.016
[117 100/372] semantic=0.181 depth=0.014
[117 125/372] semantic=0.182 depth=0.012
[117 150/372] semantic=0.204 depth=0.013
[117 175/372] semantic=0.176 depth=0.013
[117 200/372] semantic=0.147 depth=0.010
[117 225/372] semantic=0.178 depth=0.015
[117 250/372] semantic=0.182 depth=0.011
[117 275/372] semantic=0.205 depth=0.015
[117 300/372] semantic=0.142 depth=0.010
[117 325/372] semantic=0.187 depth=0.016
[117 350/372] semantic=0.181 depth=0.013
[117 372/372] semantic=0.155 depth=0.014
Epoch 117: mIoU=72.401 pix=92.797 abs=0.0278 rel=98.7218 delta=95.038 wall_h=28.590
[118 1/372] semantic=0.154 depth=0.013
[118 25/372] semantic=0.200 depth=0.017
[118 50/372] semantic=0.200 depth=0.014
[118 75/372] semantic=0.133 depth=0.014
[118 100/372] semantic=0.176 depth=0.011
[118 125/372] semantic=0.165 depth=0.021
[118 150/372] semantic=0.156 depth=0.015
[118 175/372] semantic=0.121 depth=0.015
[118 200/372] semantic=0.125 depth=0.016
[118 225/372] semantic=0.172 depth=0.014
[118 250/372] semantic=0.192 depth=0.013
[118 275/372] semantic=0.204 depth=0.012
[118 300/372] semantic=0.183 depth=0.010
[118 325/372] semantic=0.206 depth=0.015
[118 350/372] semantic=0.227 depth=0.012
[118 372/372] semantic=0.160 depth=0.017
Epoch 118: mIoU=72.321 pix=92.626 abs=0.0266 rel=100.7216 delta=94.571 wall_h=28.825
[119 1/372] semantic=0.153 depth=0.015
[119 25/372] semantic=0.166 depth=0.012
[119 50/372] semantic=0.152 depth=0.013
[119 75/372] semantic=0.158 depth=0.012
[119 100/372] semantic=0.127 depth=0.012
[119 125/372] semantic=0.163 depth=0.011
[119 150/372] semantic=0.170 depth=0.010
[119 175/372] semantic=0.142 depth=0.012
[119 200/372] semantic=0.209 depth=0.013
[119 225/372] semantic=0.154 depth=0.011
[119 250/372] semantic=0.194 depth=0.014
[119 275/372] semantic=0.163 depth=0.012
[119 300/372] semantic=0.168 depth=0.011
[119 325/372] semantic=0.147 depth=0.012
[119 350/372] semantic=0.129 depth=0.014
[119 372/372] semantic=0.192 depth=0.014
Epoch 119: mIoU=72.614 pix=92.709 abs=0.0278 rel=96.4915 delta=93.123 wall_h=29.060
[120 1/372] semantic=0.207 depth=0.013
[120 25/372] semantic=0.170 depth=0.014
[120 50/372] semantic=0.186 depth=0.011
[120 75/372] semantic=0.211 depth=0.012
[120 100/372] semantic=0.205 depth=0.018
[120 125/372] semantic=0.171 depth=0.013
[120 150/372] semantic=0.132 depth=0.010
[120 175/372] semantic=0.185 depth=0.012
[120 200/372] semantic=0.201 depth=0.015
[120 225/372] semantic=0.156 depth=0.012
[120 250/372] semantic=0.135 depth=0.015
[120 275/372] semantic=0.185 depth=0.012
[120 300/372] semantic=0.161 depth=0.011
[120 325/372] semantic=0.227 depth=0.013
[120 350/372] semantic=0.211 depth=0.013
[120 372/372] semantic=0.185 depth=0.013
Epoch 120: mIoU=72.530 pix=92.813 abs=0.0266 rel=103.2886 delta=96.694 wall_h=29.294
[121 1/372] semantic=0.183 depth=0.010
[121 25/372] semantic=0.142 depth=0.015
[121 50/372] semantic=0.169 depth=0.016
[121 75/372] semantic=0.258 depth=0.017
[121 100/372] semantic=0.186 depth=0.015
[121 125/372] semantic=0.181 depth=0.010
[121 150/372] semantic=0.182 depth=0.011
[121 175/372] semantic=0.187 depth=0.011
[121 200/372] semantic=0.152 depth=0.014
[121 225/372] semantic=0.161 depth=0.011
[121 250/372] semantic=0.224 depth=0.012
[121 275/372] semantic=0.170 depth=0.015
[121 300/372] semantic=0.180 depth=0.018
[121 325/372] semantic=0.181 depth=0.011
[121 350/372] semantic=0.142 depth=0.014
[121 372/372] semantic=0.150 depth=0.010
Epoch 121: mIoU=72.516 pix=92.852 abs=0.0228 rel=104.9741 delta=90.654 wall_h=29.530
[122 1/372] semantic=0.123 depth=0.014
[122 25/372] semantic=0.149 depth=0.014
[122 50/372] semantic=0.157 depth=0.009
[122 75/372] semantic=0.151 depth=0.013
[122 100/372] semantic=0.197 depth=0.011
[122 125/372] semantic=0.166 depth=0.012
[122 150/372] semantic=0.126 depth=0.012
[122 175/372] semantic=0.171 depth=0.016
[122 200/372] semantic=0.141 depth=0.022
[122 225/372] semantic=0.161 depth=0.018
[122 250/372] semantic=0.162 depth=0.012
[122 275/372] semantic=0.148 depth=0.013
[122 300/372] semantic=0.151 depth=0.011
[122 325/372] semantic=0.168 depth=0.012
[122 350/372] semantic=0.163 depth=0.012
[122 372/372] semantic=0.169 depth=0.010
Epoch 122: mIoU=72.843 pix=92.740 abs=0.0211 rel=107.6082 delta=89.543 wall_h=29.776
[123 1/372] semantic=0.221 depth=0.011
[123 25/372] semantic=0.163 depth=0.015
[123 50/372] semantic=0.196 depth=0.013
[123 75/372] semantic=0.160 depth=0.011
[123 100/372] semantic=0.152 depth=0.015
[123 125/372] semantic=0.157 depth=0.011
[123 150/372] semantic=0.177 depth=0.018
[123 175/372] semantic=0.164 depth=0.012
[123 200/372] semantic=0.181 depth=0.015
[123 225/372] semantic=0.197 depth=0.013
[123 250/372] semantic=0.161 depth=0.012
[123 275/372] semantic=0.155 depth=0.012
[123 300/372] semantic=0.179 depth=0.013
[123 325/372] semantic=0.196 depth=0.017
[123 350/372] semantic=0.186 depth=0.013
[123 372/372] semantic=0.172 depth=0.013
Epoch 123: mIoU=72.707 pix=92.775 abs=0.0282 rel=100.0625 delta=96.949 wall_h=30.022
[124 1/372] semantic=0.205 depth=0.012
[124 25/372] semantic=0.203 depth=0.011
[124 50/372] semantic=0.171 depth=0.014
[124 75/372] semantic=0.121 depth=0.015
[124 100/372] semantic=0.140 depth=0.017
[124 125/372] semantic=0.162 depth=0.010
[124 150/372] semantic=0.172 depth=0.014
[124 175/372] semantic=0.139 depth=0.011
[124 200/372] semantic=0.168 depth=0.011
[124 225/372] semantic=0.165 depth=0.012
[124 250/372] semantic=0.135 depth=0.015
[124 275/372] semantic=0.149 depth=0.010
[124 300/372] semantic=0.144 depth=0.013
[124 325/372] semantic=0.153 depth=0.013
[124 350/372] semantic=0.182 depth=0.021
[124 372/372] semantic=0.151 depth=0.012
Epoch 124: mIoU=73.059 pix=92.872 abs=0.0235 rel=107.1251 delta=93.765 wall_h=30.273
[125 1/372] semantic=0.157 depth=0.012
[125 25/372] semantic=0.184 depth=0.018
[125 50/372] semantic=0.157 depth=0.010
[125 75/372] semantic=0.166 depth=0.011
[125 100/372] semantic=0.206 depth=0.016
[125 125/372] semantic=0.209 depth=0.011
[125 150/372] semantic=0.206 depth=0.016
[125 175/372] semantic=0.195 depth=0.014
[125 200/372] semantic=0.140 depth=0.012
[125 225/372] semantic=0.166 depth=0.012
[125 250/372] semantic=0.170 depth=0.015
[125 275/372] semantic=0.140 depth=0.014
[125 300/372] semantic=0.126 depth=0.010
[125 325/372] semantic=0.169 depth=0.016
[125 350/372] semantic=0.126 depth=0.012
[125 372/372] semantic=0.127 depth=0.013
Epoch 125: mIoU=72.823 pix=92.801 abs=0.0212 rel=104.8406 delta=87.222 wall_h=30.525
[126 1/372] semantic=0.154 depth=0.015
[126 25/372] semantic=0.169 depth=0.012
[126 50/372] semantic=0.132 depth=0.013
[126 75/372] semantic=0.132 depth=0.015
[126 100/372] semantic=0.149 depth=0.013
[126 125/372] semantic=0.154 depth=0.012
[126 150/372] semantic=0.146 depth=0.012
[126 175/372] semantic=0.145 depth=0.012
[126 200/372] semantic=0.162 depth=0.012
[126 225/372] semantic=0.163 depth=0.013
[126 250/372] semantic=0.190 depth=0.015
[126 275/372] semantic=0.196 depth=0.012
[126 300/372] semantic=0.149 depth=0.014
[126 325/372] semantic=0.139 depth=0.013
[126 350/372] semantic=0.188 depth=0.010
[126 372/372] semantic=0.249 depth=0.010
Epoch 126: mIoU=72.872 pix=92.914 abs=0.0242 rel=101.3287 delta=90.105 wall_h=30.776
[127 1/372] semantic=0.149 depth=0.011
[127 25/372] semantic=0.155 depth=0.015
[127 50/372] semantic=0.168 depth=0.011
[127 75/372] semantic=0.121 depth=0.014
[127 100/372] semantic=0.164 depth=0.011
[127 125/372] semantic=0.181 depth=0.012
[127 150/372] semantic=0.161 depth=0.011
[127 175/372] semantic=0.155 depth=0.014
[127 200/372] semantic=0.199 depth=0.013
[127 225/372] semantic=0.141 depth=0.014
[127 250/372] semantic=0.187 depth=0.011
[127 275/372] semantic=0.171 depth=0.014
[127 300/372] semantic=0.157 depth=0.013
[127 325/372] semantic=0.125 depth=0.010
[127 350/372] semantic=0.153 depth=0.012
[127 372/372] semantic=0.167 depth=0.011
Epoch 127: mIoU=72.962 pix=92.900 abs=0.0259 rel=101.6435 delta=93.723 wall_h=31.035
[128 1/372] semantic=0.167 depth=0.012
[128 25/372] semantic=0.171 depth=0.010
[128 50/372] semantic=0.176 depth=0.012
[128 75/372] semantic=0.196 depth=0.013
[128 100/372] semantic=0.181 depth=0.012
[128 125/372] semantic=0.166 depth=0.011
[128 150/372] semantic=0.137 depth=0.012
[128 175/372] semantic=0.183 depth=0.013
[128 200/372] semantic=0.140 depth=0.012
[128 225/372] semantic=0.161 depth=0.012
[128 250/372] semantic=0.181 depth=0.018
[128 275/372] semantic=0.184 depth=0.012
[128 300/372] semantic=0.161 depth=0.011
[128 325/372] semantic=0.158 depth=0.017
[128 350/372] semantic=0.180 depth=0.015
[128 372/372] semantic=0.124 depth=0.016
Epoch 128: mIoU=73.093 pix=92.888 abs=0.0213 rel=107.3894 delta=89.619 wall_h=31.294
[129 1/372] semantic=0.141 depth=0.013
[129 25/372] semantic=0.155 depth=0.014
[129 50/372] semantic=0.139 depth=0.012
[129 75/372] semantic=0.166 depth=0.012
[129 100/372] semantic=0.182 depth=0.013
[129 125/372] semantic=0.144 depth=0.012
[129 150/372] semantic=0.143 depth=0.016
[129 175/372] semantic=0.174 depth=0.013
[129 200/372] semantic=0.154 depth=0.013
[129 225/372] semantic=0.162 depth=0.013
[129 250/372] semantic=0.199 depth=0.014
[129 275/372] semantic=0.136 depth=0.014
[129 300/372] semantic=0.152 depth=0.018
[129 325/372] semantic=0.160 depth=0.015
[129 350/372] semantic=0.148 depth=0.022
[129 372/372] semantic=0.159 depth=0.015
Epoch 129: mIoU=72.857 pix=92.843 abs=0.0238 rel=100.5172 delta=88.561 wall_h=31.546
[130 1/372] semantic=0.171 depth=0.013
[130 25/372] semantic=0.175 depth=0.014
[130 50/372] semantic=0.121 depth=0.013
[130 75/372] semantic=0.115 depth=0.014
[130 100/372] semantic=0.165 depth=0.015
[130 125/372] semantic=0.162 depth=0.012
[130 150/372] semantic=0.159 depth=0.012
[130 175/372] semantic=0.159 depth=0.009
[130 200/372] semantic=0.172 depth=0.010
[130 225/372] semantic=0.146 depth=0.010
[130 250/372] semantic=0.152 depth=0.012
[130 275/372] semantic=0.177 depth=0.014
[130 300/372] semantic=0.193 depth=0.013
[130 325/372] semantic=0.213 depth=0.012
[130 350/372] semantic=0.202 depth=0.011
[130 372/372] semantic=0.157 depth=0.012
Epoch 130: mIoU=72.749 pix=92.739 abs=0.0254 rel=99.3967 delta=90.837 wall_h=31.795
[131 1/372] semantic=0.166 depth=0.014
[131 25/372] semantic=0.198 depth=0.010
[131 50/372] semantic=0.171 depth=0.012
[131 75/372] semantic=0.185 depth=0.010
[131 100/372] semantic=0.166 depth=0.011
[131 125/372] semantic=0.182 depth=0.013
[131 150/372] semantic=0.185 depth=0.014
[131 175/372] semantic=0.191 depth=0.015
[131 200/372] semantic=0.134 depth=0.011
[131 225/372] semantic=0.126 depth=0.015
[131 250/372] semantic=0.190 depth=0.011
[131 275/372] semantic=0.142 depth=0.013
[131 300/372] semantic=0.177 depth=0.010
[131 325/372] semantic=0.166 depth=0.012
[131 350/372] semantic=0.178 depth=0.015
[131 372/372] semantic=0.198 depth=0.012
Epoch 131: mIoU=72.874 pix=92.719 abs=0.0268 rel=99.3993 delta=93.494 wall_h=32.045
[132 1/372] semantic=0.119 depth=0.012
[132 25/372] semantic=0.136 depth=0.012
[132 50/372] semantic=0.171 depth=0.013
[132 75/372] semantic=0.156 depth=0.011
[132 100/372] semantic=0.151 depth=0.015
[132 125/372] semantic=0.134 depth=0.010
[132 150/372] semantic=0.203 depth=0.013
[132 175/372] semantic=0.154 depth=0.011
[132 200/372] semantic=0.141 depth=0.012
[132 225/372] semantic=0.148 depth=0.012
[132 250/372] semantic=0.147 depth=0.012
[132 275/372] semantic=0.157 depth=0.013
[132 300/372] semantic=0.186 depth=0.014
[132 325/372] semantic=0.175 depth=0.014
[132 350/372] semantic=0.145 depth=0.013
[132 372/372] semantic=0.198 depth=0.010
Epoch 132: mIoU=73.188 pix=92.932 abs=0.0278 rel=98.4234 delta=94.628 wall_h=32.297
[133 1/372] semantic=0.121 depth=0.015
[133 25/372] semantic=0.165 depth=0.010
[133 50/372] semantic=0.157 depth=0.015
[133 75/372] semantic=0.121 depth=0.010
[133 100/372] semantic=0.143 depth=0.012
[133 125/372] semantic=0.143 depth=0.011
[133 150/372] semantic=0.200 depth=0.012
[133 175/372] semantic=0.165 depth=0.013
[133 200/372] semantic=0.151 depth=0.012
[133 225/372] semantic=0.144 depth=0.015
[133 250/372] semantic=0.157 depth=0.013
[133 275/372] semantic=0.163 depth=0.016
[133 300/372] semantic=0.172 depth=0.014
[133 325/372] semantic=0.162 depth=0.014
[133 350/372] semantic=0.155 depth=0.012
[133 372/372] semantic=0.197 depth=0.012
Epoch 133: mIoU=72.982 pix=92.847 abs=0.0254 rel=99.6718 delta=90.938 wall_h=32.552
[134 1/372] semantic=0.143 depth=0.011
[134 25/372] semantic=0.170 depth=0.013
[134 50/372] semantic=0.170 depth=0.013
[134 75/372] semantic=0.187 depth=0.013
[134 100/372] semantic=0.130 depth=0.010
[134 125/372] semantic=0.143 depth=0.011
[134 150/372] semantic=0.129 depth=0.011
[134 175/372] semantic=0.149 depth=0.011
[134 200/372] semantic=0.159 depth=0.012
[134 225/372] semantic=0.162 depth=0.013
[134 250/372] semantic=0.161 depth=0.012
[134 275/372] semantic=0.186 depth=0.015
[134 300/372] semantic=0.167 depth=0.012
[134 325/372] semantic=0.151 depth=0.014
[134 350/372] semantic=0.160 depth=0.016
[134 372/372] semantic=0.127 depth=0.012
Epoch 134: mIoU=73.073 pix=92.841 abs=0.0235 rel=103.9713 delta=90.966 wall_h=32.810
[135 1/372] semantic=0.176 depth=0.013
[135 25/372] semantic=0.147 depth=0.010
[135 50/372] semantic=0.158 depth=0.012
[135 75/372] semantic=0.170 depth=0.010
[135 100/372] semantic=0.144 depth=0.010
[135 125/372] semantic=0.167 depth=0.013
[135 150/372] semantic=0.146 depth=0.012
[135 175/372] semantic=0.210 depth=0.012
[135 200/372] semantic=0.158 depth=0.011
[135 225/372] semantic=0.154 depth=0.011
[135 250/372] semantic=0.193 depth=0.015
[135 275/372] semantic=0.148 depth=0.014
[135 300/372] semantic=0.161 depth=0.011
[135 325/372] semantic=0.154 depth=0.010
[135 350/372] semantic=0.167 depth=0.014
[135 372/372] semantic=0.145 depth=0.017
Epoch 135: mIoU=72.837 pix=92.893 abs=0.0286 rel=95.4139 delta=93.636 wall_h=33.069
[136 1/372] semantic=0.146 depth=0.012
[136 25/372] semantic=0.149 depth=0.015
[136 50/372] semantic=0.166 depth=0.010
[136 75/372] semantic=0.135 depth=0.010
[136 100/372] semantic=0.166 depth=0.013
[136 125/372] semantic=0.123 depth=0.010
[136 150/372] semantic=0.176 depth=0.010
[136 175/372] semantic=0.151 depth=0.013
[136 200/372] semantic=0.206 depth=0.012
[136 225/372] semantic=0.151 depth=0.015
[136 250/372] semantic=0.176 depth=0.012
[136 275/372] semantic=0.176 depth=0.012
[136 300/372] semantic=0.165 depth=0.014
[136 325/372] semantic=0.131 depth=0.011
[136 350/372] semantic=0.177 depth=0.013
[136 372/372] semantic=0.141 depth=0.012
Epoch 136: mIoU=73.007 pix=92.933 abs=0.0223 rel=101.8473 delta=86.737 wall_h=33.325
[137 1/372] semantic=0.137 depth=0.011
[137 25/372] semantic=0.145 depth=0.011
[137 50/372] semantic=0.173 depth=0.013
[137 75/372] semantic=0.172 depth=0.011
[137 100/372] semantic=0.172 depth=0.014
[137 125/372] semantic=0.187 depth=0.010
[137 150/372] semantic=0.187 depth=0.010
[137 175/372] semantic=0.166 depth=0.012
[137 200/372] semantic=0.119 depth=0.013
[137 225/372] semantic=0.146 depth=0.011
[137 250/372] semantic=0.220 depth=0.014
[137 275/372] semantic=0.136 depth=0.010
[137 300/372] semantic=0.272 depth=0.017
[137 325/372] semantic=0.158 depth=0.012
[137 350/372] semantic=0.163 depth=0.012
[137 372/372] semantic=0.112 depth=0.012
Epoch 137: mIoU=72.809 pix=92.866 abs=0.0253 rel=98.9782 delta=90.125 wall_h=33.585
[138 1/372] semantic=0.127 depth=0.014
[138 25/372] semantic=0.196 depth=0.012
[138 50/372] semantic=0.145 depth=0.012
[138 75/372] semantic=0.161 depth=0.011
[138 100/372] semantic=0.134 depth=0.010
[138 125/372] semantic=0.162 depth=0.011
[138 150/372] semantic=0.154 depth=0.013
[138 175/372] semantic=0.139 depth=0.012
[138 200/372] semantic=0.179 depth=0.009
[138 225/372] semantic=0.162 depth=0.015
[138 250/372] semantic=0.204 depth=0.012
[138 275/372] semantic=0.148 depth=0.011
[138 300/372] semantic=0.140 depth=0.014
[138 325/372] semantic=0.161 depth=0.014
[138 350/372] semantic=0.154 depth=0.018
[138 372/372] semantic=0.207 depth=0.012
Epoch 138: mIoU=72.771 pix=92.754 abs=0.0205 rel=102.9465 delta=84.289 wall_h=33.842
[139 1/372] semantic=0.191 depth=0.015
[139 25/372] semantic=0.195 depth=0.012
[139 50/372] semantic=0.181 depth=0.012
[139 75/372] semantic=0.147 depth=0.010
[139 100/372] semantic=0.127 depth=0.015
[139 125/372] semantic=0.160 depth=0.011
[139 150/372] semantic=0.178 depth=0.010
[139 175/372] semantic=0.162 depth=0.016
[139 200/372] semantic=0.151 depth=0.012
[139 225/372] semantic=0.148 depth=0.014
[139 250/372] semantic=0.147 depth=0.012
[139 275/372] semantic=0.158 depth=0.013
[139 300/372] semantic=0.188 depth=0.011
[139 325/372] semantic=0.179 depth=0.010
[139 350/372] semantic=0.197 depth=0.011
[139 372/372] semantic=0.150 depth=0.012
Epoch 139: mIoU=73.048 pix=92.777 abs=0.0221 rel=103.5751 delta=87.811 wall_h=34.108
[140 1/372] semantic=0.140 depth=0.014
[140 25/372] semantic=0.155 depth=0.012
[140 50/372] semantic=0.176 depth=0.014
[140 75/372] semantic=0.131 depth=0.013
[140 100/372] semantic=0.160 depth=0.011
[140 125/372] semantic=0.146 depth=0.012
[140 150/372] semantic=0.167 depth=0.024
[140 175/372] semantic=0.169 depth=0.010
[140 200/372] semantic=0.151 depth=0.010
[140 225/372] semantic=0.150 depth=0.008
[140 250/372] semantic=0.129 depth=0.013
[140 275/372] semantic=0.206 depth=0.015
[140 300/372] semantic=0.155 depth=0.011
[140 325/372] semantic=0.150 depth=0.014
[140 350/372] semantic=0.179 depth=0.014
[140 372/372] semantic=0.138 depth=0.013
Epoch 140: mIoU=73.433 pix=92.975 abs=0.0191 rel=108.0899 delta=85.664 wall_h=34.372
[141 1/372] semantic=0.136 depth=0.012
[141 25/372] semantic=0.157 depth=0.012
[141 50/372] semantic=0.153 depth=0.012
[141 75/372] semantic=0.131 depth=0.011
[141 100/372] semantic=0.138 depth=0.011
[141 125/372] semantic=0.183 depth=0.014
[141 150/372] semantic=0.197 depth=0.011
[141 175/372] semantic=0.172 depth=0.013
[141 200/372] semantic=0.135 depth=0.015
[141 225/372] semantic=0.154 depth=0.017
[141 250/372] semantic=0.152 depth=0.011
[141 275/372] semantic=0.158 depth=0.012
[141 300/372] semantic=0.173 depth=0.014
[141 325/372] semantic=0.156 depth=0.010
[141 350/372] semantic=0.144 depth=0.012
[141 372/372] semantic=0.139 depth=0.012
Epoch 141: mIoU=73.597 pix=92.993 abs=0.0278 rel=98.8538 delta=94.715 wall_h=34.638
[142 1/372] semantic=0.162 depth=0.016
[142 25/372] semantic=0.211 depth=0.012
[142 50/372] semantic=0.146 depth=0.014
[142 75/372] semantic=0.135 depth=0.015
[142 100/372] semantic=0.167 depth=0.010
[142 125/372] semantic=0.191 depth=0.011
[142 150/372] semantic=0.168 depth=0.015
[142 175/372] semantic=0.142 depth=0.011
[142 200/372] semantic=0.122 depth=0.013
[142 225/372] semantic=0.169 depth=0.013
[142 250/372] semantic=0.157 depth=0.012
[142 275/372] semantic=0.141 depth=0.011
[142 300/372] semantic=0.170 depth=0.012
[142 325/372] semantic=0.142 depth=0.016
[142 350/372] semantic=0.165 depth=0.016
[142 372/372] semantic=0.125 depth=0.016
Epoch 142: mIoU=72.670 pix=92.764 abs=0.0214 rel=107.3770 delta=90.062 wall_h=34.900
[143 1/372] semantic=0.166 depth=0.012
[143 25/372] semantic=0.139 depth=0.012
[143 50/372] semantic=0.138 depth=0.015
[143 75/372] semantic=0.119 depth=0.011
[143 100/372] semantic=0.202 depth=0.010
[143 125/372] semantic=0.140 depth=0.013
[143 150/372] semantic=0.155 depth=0.011
[143 175/372] semantic=0.185 depth=0.009
[143 200/372] semantic=0.153 depth=0.012
[143 225/372] semantic=0.177 depth=0.013
[143 250/372] semantic=0.126 depth=0.014
[143 275/372] semantic=0.164 depth=0.013
[143 300/372] semantic=0.158 depth=0.012
[143 325/372] semantic=0.146 depth=0.009
[143 350/372] semantic=0.153 depth=0.012
[143 372/372] semantic=0.171 depth=0.010
Epoch 143: mIoU=73.223 pix=92.950 abs=0.0230 rel=100.8089 delta=87.147 wall_h=35.154
[144 1/372] semantic=0.186 depth=0.010
[144 25/372] semantic=0.149 depth=0.015
[144 50/372] semantic=0.174 depth=0.011
[144 75/372] semantic=0.163 depth=0.010
[144 100/372] semantic=0.151 depth=0.009
[144 125/372] semantic=0.152 depth=0.009
[144 150/372] semantic=0.162 depth=0.012
[144 175/372] semantic=0.143 depth=0.017
[144 200/372] semantic=0.162 depth=0.012
[144 225/372] semantic=0.157 depth=0.015
[144 250/372] semantic=0.200 depth=0.015
[144 275/372] semantic=0.179 depth=0.013
[144 300/372] semantic=0.145 depth=0.012
[144 325/372] semantic=0.178 depth=0.015
[144 350/372] semantic=0.157 depth=0.011
[144 372/372] semantic=0.170 depth=0.012
Epoch 144: mIoU=72.949 pix=92.883 abs=0.0252 rel=100.7525 delta=91.453 wall_h=35.412
[145 1/372] semantic=0.174 depth=0.011
[145 25/372] semantic=0.139 depth=0.011
[145 50/372] semantic=0.108 depth=0.011
[145 75/372] semantic=0.177 depth=0.012
[145 100/372] semantic=0.144 depth=0.011
[145 125/372] semantic=0.108 depth=0.009
[145 150/372] semantic=0.146 depth=0.012
[145 175/372] semantic=0.137 depth=0.013
[145 200/372] semantic=0.149 depth=0.011
[145 225/372] semantic=0.175 depth=0.011
[145 250/372] semantic=0.198 depth=0.012
[145 275/372] semantic=0.171 depth=0.011
[145 300/372] semantic=0.127 depth=0.014
[145 325/372] semantic=0.160 depth=0.010
[145 350/372] semantic=0.182 depth=0.011
[145 372/372] semantic=0.145 depth=0.014
Epoch 145: mIoU=73.137 pix=92.880 abs=0.0224 rel=98.9750 delta=84.240 wall_h=35.667
[146 1/372] semantic=0.121 depth=0.015
[146 25/372] semantic=0.182 depth=0.010
[146 50/372] semantic=0.146 depth=0.013
[146 75/372] semantic=0.167 depth=0.012
[146 100/372] semantic=0.169 depth=0.012
[146 125/372] semantic=0.160 depth=0.010
[146 150/372] semantic=0.158 depth=0.010
[146 175/372] semantic=0.184 depth=0.015
[146 200/372] semantic=0.159 depth=0.011
[146 225/372] semantic=0.170 depth=0.011
[146 250/372] semantic=0.161 depth=0.012
[146 275/372] semantic=0.125 depth=0.012
[146 300/372] semantic=0.157 depth=0.016
[146 325/372] semantic=0.175 depth=0.011
[146 350/372] semantic=0.151 depth=0.012
[146 372/372] semantic=0.139 depth=0.013
Epoch 146: mIoU=73.025 pix=92.934 abs=0.0239 rel=102.8530 delta=90.700 wall_h=35.922
[147 1/372] semantic=0.158 depth=0.013
[147 25/372] semantic=0.184 depth=0.010
[147 50/372] semantic=0.151 depth=0.013
[147 75/372] semantic=0.122 depth=0.013
[147 100/372] semantic=0.141 depth=0.014
[147 125/372] semantic=0.162 depth=0.014
[147 150/372] semantic=0.135 depth=0.012
[147 175/372] semantic=0.173 depth=0.012
[147 200/372] semantic=0.129 depth=0.012
[147 225/372] semantic=0.184 depth=0.015
[147 250/372] semantic=0.166 depth=0.012
[147 275/372] semantic=0.137 depth=0.013
[147 300/372] semantic=0.166 depth=0.013
[147 325/372] semantic=0.153 depth=0.014
[147 350/372] semantic=0.143 depth=0.013
[147 372/372] semantic=0.118 depth=0.013
Epoch 147: mIoU=73.382 pix=92.869 abs=0.0189 rel=106.8995 delta=84.293 wall_h=36.172
[148 1/372] semantic=0.205 depth=0.016
[148 25/372] semantic=0.143 depth=0.009
[148 50/372] semantic=0.155 depth=0.011
[148 75/372] semantic=0.129 depth=0.009
[148 100/372] semantic=0.151 depth=0.010
[148 125/372] semantic=0.177 depth=0.011
[148 150/372] semantic=0.135 depth=0.015
[148 175/372] semantic=0.200 depth=0.010
[148 200/372] semantic=0.150 depth=0.013
[148 225/372] semantic=0.149 depth=0.013
[148 250/372] semantic=0.146 depth=0.010
[148 275/372] semantic=0.171 depth=0.009
[148 300/372] semantic=0.163 depth=0.013
[148 325/372] semantic=0.168 depth=0.020
[148 350/372] semantic=0.150 depth=0.011
[148 372/372] semantic=0.152 depth=0.010
Epoch 148: mIoU=73.540 pix=92.953 abs=0.0207 rel=105.0713 delta=86.279 wall_h=36.426
[149 1/372] semantic=0.149 depth=0.010
[149 25/372] semantic=0.167 depth=0.014
[149 50/372] semantic=0.179 depth=0.018
[149 75/372] semantic=0.183 depth=0.018
[149 100/372] semantic=0.155 depth=0.013
[149 125/372] semantic=0.166 depth=0.012
[149 150/372] semantic=0.176 depth=0.016
[149 175/372] semantic=0.164 depth=0.015
[149 200/372] semantic=0.185 depth=0.010
[149 225/372] semantic=0.138 depth=0.010
[149 250/372] semantic=0.158 depth=0.013
[149 275/372] semantic=0.126 depth=0.011
[149 300/372] semantic=0.130 depth=0.011
[149 325/372] semantic=0.140 depth=0.015
[149 350/372] semantic=0.139 depth=0.014
[149 372/372] semantic=0.148 depth=0.011
Epoch 149: mIoU=73.236 pix=92.926 abs=0.0225 rel=99.8117 delta=85.160 wall_h=36.681
[150 1/372] semantic=0.159 depth=0.014
[150 25/372] semantic=0.136 depth=0.017
[150 50/372] semantic=0.168 depth=0.012
[150 75/372] semantic=0.157 depth=0.012
[150 100/372] semantic=0.127 depth=0.011
[150 125/372] semantic=0.160 depth=0.012
[150 150/372] semantic=0.142 depth=0.016
[150 175/372] semantic=0.187 depth=0.014
[150 200/372] semantic=0.162 depth=0.011
[150 225/372] semantic=0.151 depth=0.014
[150 250/372] semantic=0.186 depth=0.013
[150 275/372] semantic=0.138 depth=0.008
[150 300/372] semantic=0.184 depth=0.011
[150 325/372] semantic=0.133 depth=0.010
[150 350/372] semantic=0.181 depth=0.012
[150 372/372] semantic=0.148 depth=0.011
Epoch 150: mIoU=73.307 pix=92.962 abs=0.0204 rel=103.9887 delta=84.694 wall_h=36.932
[151 1/372] semantic=0.141 depth=0.015
[151 25/372] semantic=0.175 depth=0.010
[151 50/372] semantic=0.157 depth=0.014
[151 75/372] semantic=0.148 depth=0.011
[151 100/372] semantic=0.174 depth=0.010
[151 125/372] semantic=0.168 depth=0.015
[151 150/372] semantic=0.165 depth=0.012
[151 175/372] semantic=0.162 depth=0.013
[151 200/372] semantic=0.140 depth=0.009
[151 225/372] semantic=0.149 depth=0.014
[151 250/372] semantic=0.160 depth=0.013
[151 275/372] semantic=0.139 depth=0.013
[151 300/372] semantic=0.160 depth=0.013
[151 325/372] semantic=0.124 depth=0.009
[151 350/372] semantic=0.152 depth=0.010
[151 372/372] semantic=0.128 depth=0.012
Epoch 151: mIoU=73.182 pix=92.793 abs=0.0233 rel=98.9405 delta=86.010 wall_h=37.184
[152 1/372] semantic=0.138 depth=0.011
[152 25/372] semantic=0.171 depth=0.012
[152 50/372] semantic=0.184 depth=0.013
[152 75/372] semantic=0.153 depth=0.010
[152 100/372] semantic=0.143 depth=0.011
[152 125/372] semantic=0.171 depth=0.013
[152 150/372] semantic=0.159 depth=0.013
[152 175/372] semantic=0.148 depth=0.016
[152 200/372] semantic=0.151 depth=0.014
[152 225/372] semantic=0.138 depth=0.012
[152 250/372] semantic=0.193 depth=0.014
[152 275/372] semantic=0.142 depth=0.015
[152 300/372] semantic=0.133 depth=0.013
[152 325/372] semantic=0.174 depth=0.011
[152 350/372] semantic=0.151 depth=0.013
[152 372/372] semantic=0.239 depth=0.015
Epoch 152: mIoU=73.341 pix=92.920 abs=0.0259 rel=97.7624 delta=90.002 wall_h=37.439
[153 1/372] semantic=0.143 depth=0.012
[153 25/372] semantic=0.119 depth=0.015
[153 50/372] semantic=0.208 depth=0.013
[153 75/372] semantic=0.178 depth=0.012
[153 100/372] semantic=0.182 depth=0.012
[153 125/372] semantic=0.157 depth=0.009
[153 150/372] semantic=0.168 depth=0.012
[153 175/372] semantic=0.149 depth=0.011
[153 200/372] semantic=0.187 depth=0.016
[153 225/372] semantic=0.163 depth=0.012
[153 250/372] semantic=0.172 depth=0.012
[153 275/372] semantic=0.154 depth=0.012
[153 300/372] semantic=0.130 depth=0.013
[153 325/372] semantic=0.125 depth=0.009
[153 350/372] semantic=0.167 depth=0.015
[153 372/372] semantic=0.166 depth=0.011
Epoch 153: mIoU=73.665 pix=93.093 abs=0.0242 rel=101.9667 delta=90.331 wall_h=37.690
[154 1/372] semantic=0.135 depth=0.015
[154 25/372] semantic=0.126 depth=0.018
[154 50/372] semantic=0.159 depth=0.013
RUN dataset=cityscapes method=moco seed=42 lr=0.0001 batch=8 epochs=200 model=mtan
RESULT /mloscratch/homes/mirrokni/LMO-MOO/results/cityscapes/moco_sd42.stats
CHECKPOINT /mloscratch/homes/mirrokni/LMO-MOO/results/checkpoints/cityscapes/moco_sd42.pt
OPTIMIZER Adam lr=0.0001
RESUME epoch=154 phase=train next_batch=62/372
[154 75/372] semantic=0.131 depth=0.011
[154 100/372] semantic=0.113 depth=0.012
[154 125/372] semantic=0.148 depth=0.012
[154 150/372] semantic=0.145 depth=0.013
[154 175/372] semantic=0.121 depth=0.012
[154 200/372] semantic=0.137 depth=0.012
[154 225/372] semantic=0.164 depth=0.011
[154 250/372] semantic=0.139 depth=0.014
[154 275/372] semantic=0.247 depth=0.011
[154 300/372] semantic=0.140 depth=0.010
[154 325/372] semantic=0.188 depth=0.011
[154 350/372] semantic=0.164 depth=0.012
[154 372/372] semantic=0.144 depth=0.012
Epoch 154: mIoU=73.596 pix=93.030 abs=0.0199 rel=103.7496 delta=83.445 wall_h=37.953
[155 1/372] semantic=0.160 depth=0.014
[155 25/372] semantic=0.137 depth=0.012
[155 50/372] semantic=0.126 depth=0.013
[155 75/372] semantic=0.193 depth=0.014
[155 100/372] semantic=0.119 depth=0.010
[155 125/372] semantic=0.161 depth=0.009
[155 150/372] semantic=0.187 depth=0.011
[155 175/372] semantic=0.174 depth=0.012
[155 200/372] semantic=0.174 depth=0.013
[155 225/372] semantic=0.155 depth=0.012
[155 250/372] semantic=0.141 depth=0.011
[155 275/372] semantic=0.160 depth=0.013
[155 300/372] semantic=0.175 depth=0.016
[155 325/372] semantic=0.214 depth=0.012
[155 350/372] semantic=0.151 depth=0.015
[155 372/372] semantic=0.153 depth=0.011
Epoch 155: mIoU=73.458 pix=92.898 abs=0.0189 rel=107.6800 delta=84.903 wall_h=38.195
[156 1/372] semantic=0.159 depth=0.015
[156 25/372] semantic=0.131 depth=0.010
[156 50/372] semantic=0.131 depth=0.010
[156 75/372] semantic=0.092 depth=0.011
[156 100/372] semantic=0.141 depth=0.010
[156 125/372] semantic=0.143 depth=0.013
RUN dataset=cityscapes method=moco seed=42 lr=0.0001 batch=8 epochs=200 model=mtan
RESULT /mloscratch/homes/mirrokni/LMO-MOO/results/cityscapes/moco_sd42.stats
CHECKPOINT /mloscratch/homes/mirrokni/LMO-MOO/results/checkpoints/cityscapes/moco_sd42.pt
OPTIMIZER Adam lr=0.0001
RESUME epoch=156 phase=train next_batch=136/372
[156 150/372] semantic=0.140 depth=0.011
[156 175/372] semantic=0.188 depth=0.014
[156 200/372] semantic=0.156 depth=0.011
[156 225/372] semantic=0.138 depth=0.011
[156 250/372] semantic=0.149 depth=0.013
[156 275/372] semantic=0.153 depth=0.011
[156 300/372] semantic=0.158 depth=0.014
[156 325/372] semantic=0.155 depth=0.010
[156 350/372] semantic=0.144 depth=0.010
[156 372/372] semantic=0.119 depth=0.010
Epoch 156: mIoU=73.290 pix=92.895 abs=0.0203 rel=103.2408 delta=83.816 wall_h=38.495
[157 1/372] semantic=0.162 depth=0.012
[157 25/372] semantic=0.208 depth=0.013
[157 50/372] semantic=0.119 depth=0.012
[157 75/372] semantic=0.150 depth=0.011
[157 100/372] semantic=0.167 depth=0.011
[157 125/372] semantic=0.174 depth=0.014
[157 150/372] semantic=0.114 depth=0.011
[157 175/372] semantic=0.161 depth=0.010
[157 200/372] semantic=0.154 depth=0.009
[157 225/372] semantic=0.134 depth=0.012
[157 250/372] semantic=0.158 depth=0.012
[157 275/372] semantic=0.237 depth=0.016
[157 300/372] semantic=0.167 depth=0.010
[157 325/372] semantic=0.135 depth=0.015
[157 350/372] semantic=0.136 depth=0.010
[157 372/372] semantic=0.147 depth=0.014
Epoch 157: mIoU=73.330 pix=93.028 abs=0.0241 rel=96.4286 delta=85.328 wall_h=38.800
[158 1/372] semantic=0.136 depth=0.013
[158 25/372] semantic=0.105 depth=0.012
[158 50/372] semantic=0.129 depth=0.011
[158 75/372] semantic=0.129 depth=0.013
[158 100/372] semantic=0.167 depth=0.012
[158 125/372] semantic=0.140 depth=0.009
[158 150/372] semantic=0.165 depth=0.009
[158 175/372] semantic=0.178 depth=0.011
[158 200/372] semantic=0.143 depth=0.015
[158 225/372] semantic=0.172 depth=0.011
[158 250/372] semantic=0.147 depth=0.012
[158 275/372] semantic=0.149 depth=0.014
[158 300/372] semantic=0.179 depth=0.014
[158 325/372] semantic=0.119 depth=0.010
[158 350/372] semantic=0.182 depth=0.013
[158 372/372] semantic=0.149 depth=0.009
Epoch 158: mIoU=73.643 pix=93.049 abs=0.0224 rel=102.8213 delta=87.567 wall_h=39.131
[159 1/372] semantic=0.142 depth=0.010
[159 25/372] semantic=0.150 depth=0.012
[159 50/372] semantic=0.200 depth=0.010
[159 75/372] semantic=0.137 depth=0.011
[159 100/372] semantic=0.142 depth=0.013
[159 125/372] semantic=0.158 depth=0.008
[159 150/372] semantic=0.128 depth=0.010
[159 175/372] semantic=0.125 depth=0.012
[159 200/372] semantic=0.172 depth=0.010
[159 225/372] semantic=0.157 depth=0.011
[159 250/372] semantic=0.134 depth=0.014
[159 275/372] semantic=0.144 depth=0.010
[159 300/372] semantic=0.142 depth=0.014
[159 325/372] semantic=0.157 depth=0.009
[159 350/372] semantic=0.155 depth=0.011
[159 372/372] semantic=0.153 depth=0.016
Epoch 159: mIoU=73.554 pix=93.045 abs=0.0224 rel=100.5719 delta=85.523 wall_h=39.523
[160 1/372] semantic=0.135 depth=0.008
[160 25/372] semantic=0.160 depth=0.009
[160 50/372] semantic=0.149 depth=0.011
[160 75/372] semantic=0.151 depth=0.011
[160 100/372] semantic=0.176 depth=0.013
[160 125/372] semantic=0.159 depth=0.010
[160 150/372] semantic=0.164 depth=0.011
[160 175/372] semantic=0.169 depth=0.012
[160 200/372] semantic=0.136 depth=0.012
[160 225/372] semantic=0.134 depth=0.014
[160 250/372] semantic=0.140 depth=0.013
[160 275/372] semantic=0.133 depth=0.013
[160 300/372] semantic=0.168 depth=0.010
[160 325/372] semantic=0.128 depth=0.015
[160 350/372] semantic=0.140 depth=0.012
[160 372/372] semantic=0.141 depth=0.012
Epoch 160: mIoU=73.717 pix=92.985 abs=0.0194 rel=100.3406 delta=79.311 wall_h=39.915
[161 1/372] semantic=0.143 depth=0.011
[161 25/372] semantic=0.119 depth=0.012
[161 50/372] semantic=0.135 depth=0.010
[161 75/372] semantic=0.137 depth=0.012
[161 100/372] semantic=0.131 depth=0.010
[161 125/372] semantic=0.152 depth=0.010
[161 150/372] semantic=0.170 depth=0.011
[161 175/372] semantic=0.124 depth=0.011
[161 200/372] semantic=0.143 depth=0.011
[161 225/372] semantic=0.134 depth=0.009
[161 250/372] semantic=0.136 depth=0.009
[161 275/372] semantic=0.162 depth=0.011
[161 300/372] semantic=0.158 depth=0.010
[161 325/372] semantic=0.131 depth=0.012
[161 350/372] semantic=0.139 depth=0.012
[161 372/372] semantic=0.143 depth=0.013
Epoch 161: mIoU=73.799 pix=93.062 abs=0.0213 rel=99.5903 delta=82.442 wall_h=40.280
[162 1/372] semantic=0.160 depth=0.011
[162 25/372] semantic=0.206 depth=0.012
[162 50/372] semantic=0.150 depth=0.012
[162 75/372] semantic=0.231 depth=0.012
[162 100/372] semantic=0.130 depth=0.011
[162 125/372] semantic=0.144 depth=0.015
[162 150/372] semantic=0.118 depth=0.014
[162 175/372] semantic=0.141 depth=0.014
[162 200/372] semantic=0.158 depth=0.012
[162 225/372] semantic=0.136 depth=0.011
[162 250/372] semantic=0.138 depth=0.016
[162 275/372] semantic=0.171 depth=0.012
[162 300/372] semantic=0.146 depth=0.009
[162 325/372] semantic=0.142 depth=0.013
[162 350/372] semantic=0.165 depth=0.017
[162 372/372] semantic=0.148 depth=0.016
Epoch 162: mIoU=73.411 pix=92.989 abs=0.0230 rel=98.7458 delta=85.072 wall_h=40.594
[163 1/372] semantic=0.124 depth=0.008
[163 25/372] semantic=0.126 depth=0.012
[163 50/372] semantic=0.141 depth=0.011
[163 75/372] semantic=0.136 depth=0.010
[163 100/372] semantic=0.166 depth=0.013
[163 125/372] semantic=0.146 depth=0.011
[163 150/372] semantic=0.150 depth=0.010
[163 175/372] semantic=0.160 depth=0.013
[163 200/372] semantic=0.136 depth=0.011
[163 225/372] semantic=0.132 depth=0.014
[163 250/372] semantic=0.144 depth=0.014
[163 275/372] semantic=0.159 depth=0.011
[163 300/372] semantic=0.140 depth=0.011
[163 325/372] semantic=0.138 depth=0.014
[163 350/372] semantic=0.180 depth=0.013
[163 372/372] semantic=0.168 depth=0.011
Epoch 163: mIoU=73.782 pix=92.972 abs=0.0200 rel=101.8786 delta=81.802 wall_h=40.911
[164 1/372] semantic=0.133 depth=0.008
[164 25/372] semantic=0.171 depth=0.010
[164 50/372] semantic=0.151 depth=0.010
[164 75/372] semantic=0.131 depth=0.014
[164 100/372] semantic=0.151 depth=0.012
[164 125/372] semantic=0.144 depth=0.010
[164 150/372] semantic=0.166 depth=0.012
[164 175/372] semantic=0.116 depth=0.011
[164 200/372] semantic=0.168 depth=0.011
[164 225/372] semantic=0.142 depth=0.011
[164 250/372] semantic=0.158 depth=0.012
[164 275/372] semantic=0.171 depth=0.013
[164 300/372] semantic=0.145 depth=0.011
[164 325/372] semantic=0.155 depth=0.011
[164 350/372] semantic=0.139 depth=0.012
[164 372/372] semantic=0.131 depth=0.013
Epoch 164: mIoU=74.024 pix=93.148 abs=0.0198 rel=105.1550 delta=84.287 wall_h=41.212
[165 1/372] semantic=0.160 depth=0.012
[165 25/372] semantic=0.151 depth=0.012
[165 50/372] semantic=0.142 depth=0.010
[165 75/372] semantic=0.142 depth=0.012
[165 100/372] semantic=0.140 depth=0.009
[165 125/372] semantic=0.161 depth=0.014
[165 150/372] semantic=0.151 depth=0.010
[165 175/372] semantic=0.162 depth=0.012
[165 200/372] semantic=0.133 depth=0.012
[165 225/372] semantic=0.132 depth=0.008
[165 250/372] semantic=0.171 depth=0.011
[165 275/372] semantic=0.146 depth=0.013
[165 300/372] semantic=0.161 depth=0.010
[165 325/372] semantic=0.148 depth=0.013
[165 350/372] semantic=0.128 depth=0.012
[165 372/372] semantic=0.150 depth=0.015
Epoch 165: mIoU=73.410 pix=93.077 abs=0.0231 rel=98.6297 delta=85.198 wall_h=41.527
[166 1/372] semantic=0.130 depth=0.010
[166 25/372] semantic=0.138 depth=0.012
[166 50/372] semantic=0.152 depth=0.012
[166 75/372] semantic=0.139 depth=0.010
[166 100/372] semantic=0.151 depth=0.014
[166 125/372] semantic=0.186 depth=0.010
[166 150/372] semantic=0.144 depth=0.013
[166 175/372] semantic=0.137 depth=0.011
[166 200/372] semantic=0.145 depth=0.014
[166 225/372] semantic=0.118 depth=0.011
[166 250/372] semantic=0.131 depth=0.012
[166 275/372] semantic=0.137 depth=0.010
[166 300/372] semantic=0.145 depth=0.014
[166 325/372] semantic=0.137 depth=0.011
[166 350/372] semantic=0.131 depth=0.017
[166 372/372] semantic=0.156 depth=0.014
Epoch 166: mIoU=73.542 pix=93.008 abs=0.0222 rel=98.9484 delta=83.695 wall_h=41.847
[167 1/372] semantic=0.142 depth=0.013
[167 25/372] semantic=0.160 depth=0.011
[167 50/372] semantic=0.148 depth=0.015
[167 75/372] semantic=0.199 depth=0.011
[167 100/372] semantic=0.127 depth=0.012
[167 125/372] semantic=0.162 depth=0.011
[167 150/372] semantic=0.175 depth=0.011
[167 175/372] semantic=0.130 depth=0.014
[167 200/372] semantic=0.157 depth=0.011
[167 225/372] semantic=0.139 depth=0.009
[167 250/372] semantic=0.178 depth=0.012
[167 275/372] semantic=0.136 depth=0.011
[167 300/372] semantic=0.118 depth=0.009
[167 325/372] semantic=0.155 depth=0.012
[167 350/372] semantic=0.154 depth=0.012
[167 372/372] semantic=0.154 depth=0.009
Epoch 167: mIoU=73.939 pix=93.029 abs=0.0243 rel=99.2807 delta=88.096 wall_h=42.167
[168 1/372] semantic=0.127 depth=0.010
[168 25/372] semantic=0.131 depth=0.009
[168 50/372] semantic=0.147 depth=0.012
[168 75/372] semantic=0.213 depth=0.013
[168 100/372] semantic=0.155 depth=0.009
[168 125/372] semantic=0.207 depth=0.012
[168 150/372] semantic=0.136 depth=0.014
[168 175/372] semantic=0.145 depth=0.012
[168 200/372] semantic=0.191 depth=0.012
[168 225/372] semantic=0.109 depth=0.013
[168 250/372] semantic=0.159 depth=0.015
[168 275/372] semantic=0.119 depth=0.014
[168 300/372] semantic=0.183 depth=0.008
[168 325/372] semantic=0.190 depth=0.011
[168 350/372] semantic=0.146 depth=0.012
[168 372/372] semantic=0.150 depth=0.010
Epoch 168: mIoU=73.570 pix=93.025 abs=0.0213 rel=101.1406 delta=83.800 wall_h=42.478
[169 1/372] semantic=0.150 depth=0.011
[169 25/372] semantic=0.173 depth=0.015
[169 50/372] semantic=0.133 depth=0.009
[169 75/372] semantic=0.149 depth=0.011
[169 100/372] semantic=0.156 depth=0.010
[169 125/372] semantic=0.152 depth=0.009
[169 150/372] semantic=0.141 depth=0.011
[169 175/372] semantic=0.153 depth=0.011
[169 200/372] semantic=0.157 depth=0.011
[169 225/372] semantic=0.132 depth=0.011
[169 250/372] semantic=0.134 depth=0.010
[169 275/372] semantic=0.146 depth=0.012
[169 300/372] semantic=0.123 depth=0.010
[169 325/372] semantic=0.125 depth=0.015
[169 350/372] semantic=0.145 depth=0.013
[169 372/372] semantic=0.192 depth=0.011
Epoch 169: mIoU=73.893 pix=93.073 abs=0.0218 rel=97.7754 delta=81.776 wall_h=42.793
[170 1/372] semantic=0.140 depth=0.009
[170 25/372] semantic=0.163 depth=0.013
[170 50/372] semantic=0.119 depth=0.012
[170 75/372] semantic=0.108 depth=0.009
[170 100/372] semantic=0.188 depth=0.015
[170 125/372] semantic=0.217 depth=0.011
[170 150/372] semantic=0.111 depth=0.010
[170 175/372] semantic=0.131 depth=0.012
[170 200/372] semantic=0.115 depth=0.009
[170 225/372] semantic=0.160 depth=0.014
[170 250/372] semantic=0.137 depth=0.012
[170 275/372] semantic=0.135 depth=0.010
[170 300/372] semantic=0.142 depth=0.014
[170 325/372] semantic=0.141 depth=0.011
[170 350/372] semantic=0.120 depth=0.011
[170 372/372] semantic=0.137 depth=0.010
Epoch 170: mIoU=73.822 pix=93.066 abs=0.0204 rel=101.7337 delta=82.402 wall_h=43.128
[171 1/372] semantic=0.135 depth=0.012
[171 25/372] semantic=0.139 depth=0.011
[171 50/372] semantic=0.097 depth=0.011
[171 75/372] semantic=0.140 depth=0.012
[171 100/372] semantic=0.151 depth=0.013
[171 125/372] semantic=0.151 depth=0.012
[171 150/372] semantic=0.182 depth=0.014
[171 175/372] semantic=0.120 depth=0.009
[171 200/372] semantic=0.152 depth=0.012
[171 225/372] semantic=0.138 depth=0.011
[171 250/372] semantic=0.134 depth=0.013
[171 275/372] semantic=0.128 depth=0.012
[171 300/372] semantic=0.130 depth=0.014
[171 325/372] semantic=0.152 depth=0.013
[171 350/372] semantic=0.153 depth=0.011
[171 372/372] semantic=0.141 depth=0.010
Epoch 171: mIoU=73.761 pix=93.060 abs=0.0214 rel=97.8482 delta=81.071 wall_h=43.425
[172 1/372] semantic=0.128 depth=0.009
[172 25/372] semantic=0.116 depth=0.013
[172 50/372] semantic=0.098 depth=0.012
[172 75/372] semantic=0.150 depth=0.012
[172 100/372] semantic=0.156 depth=0.013
[172 125/372] semantic=0.135 depth=0.010
[172 150/372] semantic=0.175 depth=0.015
[172 175/372] semantic=0.143 depth=0.010
[172 200/372] semantic=0.167 depth=0.007
[172 225/372] semantic=0.177 depth=0.013
[172 250/372] semantic=0.160 depth=0.012
[172 275/372] semantic=0.140 depth=0.012
[172 300/372] semantic=0.160 depth=0.017
[172 325/372] semantic=0.183 depth=0.014
[172 350/372] semantic=0.133 depth=0.011
[172 372/372] semantic=0.142 depth=0.008
Epoch 172: mIoU=74.064 pix=93.188 abs=0.0227 rel=96.3064 delta=82.154 wall_h=43.701
[173 1/372] semantic=0.105 depth=0.010
[173 25/372] semantic=0.171 depth=0.015
[173 50/372] semantic=0.196 depth=0.013
[173 75/372] semantic=0.170 depth=0.011
[173 100/372] semantic=0.151 depth=0.015
[173 125/372] semantic=0.139 depth=0.014
[173 150/372] semantic=0.149 depth=0.013
[173 175/372] semantic=0.136 depth=0.015
[173 200/372] semantic=0.158 depth=0.012
[173 225/372] semantic=0.145 depth=0.011
[173 250/372] semantic=0.166 depth=0.014
[173 275/372] semantic=0.128 depth=0.010
[173 300/372] semantic=0.140 depth=0.013
[173 325/372] semantic=0.175 depth=0.013
[173 350/372] semantic=0.134 depth=0.011
[173 372/372] semantic=0.162 depth=0.008
Epoch 173: mIoU=74.330 pix=93.176 abs=0.0223 rel=97.7421 delta=82.432 wall_h=43.980
[174 1/372] semantic=0.152 depth=0.013
[174 25/372] semantic=0.189 depth=0.013
[174 50/372] semantic=0.113 depth=0.013
[174 75/372] semantic=0.147 depth=0.012
[174 100/372] semantic=0.123 depth=0.010
[174 125/372] semantic=0.124 depth=0.013
[174 150/372] semantic=0.129 depth=0.013
[174 175/372] semantic=0.167 depth=0.011
[174 200/372] semantic=0.145 depth=0.011
[174 225/372] semantic=0.162 depth=0.010
[174 250/372] semantic=0.140 depth=0.011
[174 275/372] semantic=0.194 depth=0.012
[174 300/372] semantic=0.123 depth=0.013
[174 325/372] semantic=0.117 depth=0.009
[174 350/372] semantic=0.157 depth=0.010
[174 372/372] semantic=0.139 depth=0.011
Epoch 174: mIoU=73.648 pix=93.020 abs=0.0225 rel=97.7040 delta=83.038 wall_h=44.283
[175 1/372] semantic=0.192 depth=0.010
[175 25/372] semantic=0.138 depth=0.011
[175 50/372] semantic=0.128 depth=0.012
[175 75/372] semantic=0.133 depth=0.010
[175 100/372] semantic=0.156 depth=0.011
[175 125/372] semantic=0.133 depth=0.012
[175 150/372] semantic=0.139 depth=0.013
[175 175/372] semantic=0.146 depth=0.011
[175 200/372] semantic=0.136 depth=0.011
[175 225/372] semantic=0.190 depth=0.011
[175 250/372] semantic=0.191 depth=0.013
[175 275/372] semantic=0.150 depth=0.011
[175 300/372] semantic=0.128 depth=0.010
[175 325/372] semantic=0.141 depth=0.009
[175 350/372] semantic=0.162 depth=0.011
[175 372/372] semantic=0.168 depth=0.011
Epoch 175: mIoU=73.862 pix=93.072 abs=0.0208 rel=98.5161 delta=80.412 wall_h=44.646
[176 1/372] semantic=0.133 depth=0.012
[176 25/372] semantic=0.105 depth=0.010
[176 50/372] semantic=0.136 depth=0.012
[176 75/372] semantic=0.125 depth=0.010
[176 100/372] semantic=0.142 depth=0.010
[176 125/372] semantic=0.129 depth=0.010
[176 150/372] semantic=0.147 depth=0.011
[176 175/372] semantic=0.155 depth=0.014
[176 200/372] semantic=0.147 depth=0.010
[176 225/372] semantic=0.180 depth=0.012
[176 250/372] semantic=0.132 depth=0.008
[176 275/372] semantic=0.138 depth=0.014
[176 300/372] semantic=0.173 depth=0.014
[176 325/372] semantic=0.154 depth=0.010
[176 350/372] semantic=0.175 depth=0.011
[176 372/372] semantic=0.149 depth=0.013
Epoch 176: mIoU=73.990 pix=93.045 abs=0.0204 rel=94.9205 delta=76.314 wall_h=45.015
[177 1/372] semantic=0.145 depth=0.009
[177 25/372] semantic=0.131 depth=0.010
[177 50/372] semantic=0.160 depth=0.010
[177 75/372] semantic=0.173 depth=0.009
[177 100/372] semantic=0.132 depth=0.017
[177 125/372] semantic=0.146 depth=0.014
[177 150/372] semantic=0.162 depth=0.012
[177 175/372] semantic=0.165 depth=0.010
[177 200/372] semantic=0.148 depth=0.011
[177 225/372] semantic=0.125 depth=0.014
[177 250/372] semantic=0.137 depth=0.013
[177 275/372] semantic=0.156 depth=0.010
[177 300/372] semantic=0.147 depth=0.014
[177 325/372] semantic=0.123 depth=0.017
[177 350/372] semantic=0.152 depth=0.013
[177 372/372] semantic=0.158 depth=0.008
Epoch 177: mIoU=74.325 pix=93.184 abs=0.0195 rel=98.3570 delta=77.419 wall_h=45.406
[178 1/372] semantic=0.158 depth=0.008
[178 25/372] semantic=0.140 depth=0.011
[178 50/372] semantic=0.160 depth=0.012
[178 75/372] semantic=0.125 depth=0.011
[178 100/372] semantic=0.152 depth=0.011
[178 125/372] semantic=0.141 depth=0.014
[178 150/372] semantic=0.141 depth=0.012
[178 175/372] semantic=0.132 depth=0.009
[178 200/372] semantic=0.142 depth=0.015
[178 225/372] semantic=0.143 depth=0.014
[178 250/372] semantic=0.141 depth=0.014
[178 275/372] semantic=0.135 depth=0.008
[178 300/372] semantic=0.125 depth=0.011
[178 325/372] semantic=0.180 depth=0.011
[178 350/372] semantic=0.136 depth=0.010
[178 372/372] semantic=0.142 depth=0.010
Epoch 178: mIoU=73.760 pix=93.107 abs=0.0202 rel=99.6123 delta=80.157 wall_h=45.821
[179 1/372] semantic=0.155 depth=0.013
[179 25/372] semantic=0.182 depth=0.012
[179 50/372] semantic=0.103 depth=0.012
[179 75/372] semantic=0.160 depth=0.010
[179 100/372] semantic=0.138 depth=0.014
[179 125/372] semantic=0.162 depth=0.011
[179 150/372] semantic=0.128 depth=0.012
[179 175/372] semantic=0.162 depth=0.011
[179 200/372] semantic=0.128 depth=0.008
[179 225/372] semantic=0.122 depth=0.012
[179 250/372] semantic=0.121 depth=0.011
[179 275/372] semantic=0.135 depth=0.011
[179 300/372] semantic=0.174 depth=0.014
[179 325/372] semantic=0.129 depth=0.012
[179 350/372] semantic=0.151 depth=0.013
[179 372/372] semantic=0.181 depth=0.012
Epoch 179: mIoU=73.992 pix=93.102 abs=0.0198 rel=95.4306 delta=75.530 wall_h=46.191
[180 1/372] semantic=0.157 depth=0.011
[180 25/372] semantic=0.146 depth=0.012
[180 50/372] semantic=0.129 depth=0.012
[180 75/372] semantic=0.156 depth=0.014
[180 100/372] semantic=0.161 depth=0.011
[180 125/372] semantic=0.154 depth=0.013
[180 150/372] semantic=0.135 depth=0.010
[180 175/372] semantic=0.156 depth=0.016
[180 200/372] semantic=0.136 depth=0.013
[180 225/372] semantic=0.143 depth=0.010
[180 250/372] semantic=0.148 depth=0.012
[180 275/372] semantic=0.134 depth=0.009
[180 300/372] semantic=0.175 depth=0.010
[180 325/372] semantic=0.139 depth=0.010
[180 350/372] semantic=0.147 depth=0.014
[180 372/372] semantic=0.137 depth=0.011
Epoch 180: mIoU=73.924 pix=93.121 abs=0.0191 rel=91.5004 delta=70.524 wall_h=46.536
[181 1/372] semantic=0.156 depth=0.014
[181 25/372] semantic=0.142 depth=0.011
[181 50/372] semantic=0.117 depth=0.011
[181 75/372] semantic=0.136 depth=0.011
[181 100/372] semantic=0.117 depth=0.012
[181 125/372] semantic=0.152 depth=0.012
[181 150/372] semantic=0.158 depth=0.012
[181 175/372] semantic=0.129 depth=0.012
[181 200/372] semantic=0.150 depth=0.011
[181 225/372] semantic=0.147 depth=0.009
[181 250/372] semantic=0.163 depth=0.010
[181 275/372] semantic=0.165 depth=0.010
[181 300/372] semantic=0.147 depth=0.012
[181 325/372] semantic=0.115 depth=0.010
[181 350/372] semantic=0.153 depth=0.012
[181 372/372] semantic=0.116 depth=0.013
Epoch 181: mIoU=73.991 pix=93.118 abs=0.0218 rel=86.4357 delta=71.499 wall_h=46.855
[182 1/372] semantic=0.119 depth=0.011
[182 25/372] semantic=0.140 depth=0.015
[182 50/372] semantic=0.119 depth=0.011
[182 75/372] semantic=0.133 depth=0.010
[182 100/372] semantic=0.149 depth=0.010
[182 125/372] semantic=0.140 depth=0.011
[182 150/372] semantic=0.151 depth=0.014
[182 175/372] semantic=0.164 depth=0.009
[182 200/372] semantic=0.154 depth=0.010
[182 225/372] semantic=0.123 depth=0.012
[182 250/372] semantic=0.143 depth=0.012
[182 275/372] semantic=0.117 depth=0.013
[182 300/372] semantic=0.172 depth=0.011
[182 325/372] semantic=0.138 depth=0.009
[182 350/372] semantic=0.150 depth=0.011
[182 372/372] semantic=0.151 depth=0.009
Epoch 182: mIoU=73.783 pix=92.945 abs=0.0211 rel=89.2406 delta=72.761 wall_h=47.160
[183 1/372] semantic=0.172 depth=0.010
[183 25/372] semantic=0.173 depth=0.015
[183 50/372] semantic=0.177 depth=0.013
[183 75/372] semantic=0.118 depth=0.013
[183 100/372] semantic=0.136 depth=0.011
[183 125/372] semantic=0.136 depth=0.015
[183 150/372] semantic=0.139 depth=0.011
[183 175/372] semantic=0.201 depth=0.011
[183 200/372] semantic=0.138 depth=0.015
[183 225/372] semantic=0.163 depth=0.016
[183 250/372] semantic=0.150 depth=0.016
[183 275/372] semantic=0.127 depth=0.015
[183 300/372] semantic=0.112 depth=0.013
[183 325/372] semantic=0.136 depth=0.010
[183 350/372] semantic=0.140 depth=0.012
[183 372/372] semantic=0.153 depth=0.012
Epoch 183: mIoU=74.518 pix=93.174 abs=0.0183 rel=87.0689 delta=64.795 wall_h=47.468
[184 1/372] semantic=0.141 depth=0.010
[184 25/372] semantic=0.122 depth=0.010
[184 50/372] semantic=0.184 depth=0.012
[184 75/372] semantic=0.152 depth=0.012
[184 100/372] semantic=0.128 depth=0.009
[184 125/372] semantic=0.186 depth=0.009
[184 150/372] semantic=0.185 depth=0.013
[184 175/372] semantic=0.136 depth=0.010
[184 200/372] semantic=0.138 depth=0.011
[184 225/372] semantic=0.151 depth=0.012
[184 250/372] semantic=0.163 depth=0.011
[184 275/372] semantic=0.128 depth=0.012
[184 300/372] semantic=0.167 depth=0.009
[184 325/372] semantic=0.125 depth=0.012
[184 350/372] semantic=0.141 depth=0.010
[184 372/372] semantic=0.190 depth=0.009
Epoch 184: mIoU=73.925 pix=93.094 abs=0.0208 rel=81.9610 delta=65.431 wall_h=47.772
[185 1/372] semantic=0.154 depth=0.011
[185 25/372] semantic=0.135 depth=0.013
[185 50/372] semantic=0.136 depth=0.009
[185 75/372] semantic=0.162 depth=0.011
[185 100/372] semantic=0.147 depth=0.012
[185 125/372] semantic=0.149 depth=0.010
[185 150/372] semantic=0.126 depth=0.009
[185 175/372] semantic=0.151 depth=0.009
[185 200/372] semantic=0.161 depth=0.011
[185 225/372] semantic=0.162 depth=0.011
[185 250/372] semantic=0.129 depth=0.015
[185 275/372] semantic=0.123 depth=0.017
[185 300/372] semantic=0.136 depth=0.011
[185 325/372] semantic=0.180 depth=0.013
[185 350/372] semantic=0.122 depth=0.009
[185 372/372] semantic=0.129 depth=0.012
Epoch 185: mIoU=74.087 pix=93.067 abs=0.0246 rel=89.2677 delta=79.661 wall_h=48.079
[186 1/372] semantic=0.114 depth=0.012
[186 25/372] semantic=0.145 depth=0.010
[186 50/372] semantic=0.156 depth=0.015
[186 75/372] semantic=0.139 depth=0.010
[186 100/372] semantic=0.149 depth=0.011
[186 125/372] semantic=0.138 depth=0.010
[186 150/372] semantic=0.141 depth=0.011
[186 175/372] semantic=0.126 depth=0.012
[186 200/372] semantic=0.181 depth=0.011
[186 225/372] semantic=0.151 depth=0.013
[186 250/372] semantic=0.157 depth=0.010
[186 275/372] semantic=0.151 depth=0.012
[186 300/372] semantic=0.144 depth=0.012
[186 325/372] semantic=0.169 depth=0.014
[186 350/372] semantic=0.149 depth=0.009
[186 372/372] semantic=0.106 depth=0.014
Epoch 186: mIoU=74.510 pix=93.246 abs=0.0248 rel=83.5484 delta=74.700 wall_h=48.389
[187 1/372] semantic=0.141 depth=0.012
[187 25/372] semantic=0.154 depth=0.012
[187 50/372] semantic=0.140 depth=0.010
[187 75/372] semantic=0.148 depth=0.012
[187 100/372] semantic=0.143 depth=0.010
[187 125/372] semantic=0.126 depth=0.011
[187 150/372] semantic=0.166 depth=0.009
[187 175/372] semantic=0.133 depth=0.015
[187 200/372] semantic=0.140 depth=0.012
[187 225/372] semantic=0.132 depth=0.012
[187 250/372] semantic=0.154 depth=0.012
RUN dataset=cityscapes method=moco seed=42 lr=0.0001 batch=8 epochs=200 model=mtan
RESULT /mloscratch/homes/mirrokni/LMO-MOO/results/cityscapes/moco_sd42.stats
CHECKPOINT /mloscratch/homes/mirrokni/LMO-MOO/results/checkpoints/cityscapes/moco_sd42.pt
OPTIMIZER Adam lr=0.0001
RESUME epoch=187 phase=train next_batch=261/372
[187 275/372] semantic=0.153 depth=0.009
[187 300/372] semantic=0.150 depth=0.010
[187 325/372] semantic=0.131 depth=0.010
[187 350/372] semantic=0.165 depth=0.013
[187 372/372] semantic=0.125 depth=0.012
Epoch 187: mIoU=74.046 pix=93.215 abs=0.0239 rel=84.1470 delta=73.442 wall_h=48.688
[188 1/372] semantic=0.132 depth=0.009
[188 25/372] semantic=0.124 depth=0.016
[188 50/372] semantic=0.139 depth=0.010
[188 75/372] semantic=0.164 depth=0.012
[188 100/372] semantic=0.136 depth=0.011
[188 125/372] semantic=0.135 depth=0.016
[188 150/372] semantic=0.144 depth=0.018
[188 175/372] semantic=0.127 depth=0.012
[188 200/372] semantic=0.135 depth=0.011
[188 225/372] semantic=0.126 depth=0.011
[188 250/372] semantic=0.148 depth=0.011
[188 275/372] semantic=0.150 depth=0.012
[188 300/372] semantic=0.185 depth=0.010
[188 325/372] semantic=0.154 depth=0.013
[188 350/372] semantic=0.156 depth=0.011
[188 372/372] semantic=0.143 depth=0.010
Epoch 188: mIoU=74.157 pix=93.134 abs=0.0198 rel=82.5112 delta=63.837 wall_h=48.931
[189 1/372] semantic=0.162 depth=0.013
[189 25/372] semantic=0.115 depth=0.011
[189 50/372] semantic=0.154 depth=0.010
[189 75/372] semantic=0.151 depth=0.009
[189 100/372] semantic=0.135 depth=0.013
[189 125/372] semantic=0.160 depth=0.014
[189 150/372] semantic=0.145 depth=0.010
[189 175/372] semantic=0.142 depth=0.016
[189 200/372] semantic=0.151 depth=0.012
[189 225/372] semantic=0.152 depth=0.012
[189 250/372] semantic=0.132 depth=0.011
[189 275/372] semantic=0.145 depth=0.010
[189 300/372] semantic=0.149 depth=0.011
[189 325/372] semantic=0.149 depth=0.011
[189 350/372] semantic=0.123 depth=0.009
[189 372/372] semantic=0.153 depth=0.011
Epoch 189: mIoU=74.051 pix=93.133 abs=0.0185 rel=85.3723 delta=63.813 wall_h=49.164
[190 1/372] semantic=0.106 depth=0.011
[190 25/372] semantic=0.146 depth=0.010
[190 50/372] semantic=0.158 depth=0.011
[190 75/372] semantic=0.147 depth=0.011
[190 100/372] semantic=0.108 depth=0.012
[190 125/372] semantic=0.194 depth=0.014
[190 150/372] semantic=0.142 depth=0.010
[190 175/372] semantic=0.126 depth=0.009
[190 200/372] semantic=0.157 depth=0.010
[190 225/372] semantic=0.159 depth=0.010
[190 250/372] semantic=0.132 depth=0.012
[190 275/372] semantic=0.147 depth=0.009
[190 300/372] semantic=0.146 depth=0.009
[190 325/372] semantic=0.130 depth=0.009
[190 350/372] semantic=0.165 depth=0.011
[190 372/372] semantic=0.146 depth=0.010
Epoch 190: mIoU=74.488 pix=93.243 abs=0.0197 rel=79.9751 delta=61.209 wall_h=49.406
[191 1/372] semantic=0.119 depth=0.009
[191 25/372] semantic=0.125 depth=0.011
[191 50/372] semantic=0.142 depth=0.011
[191 75/372] semantic=0.162 depth=0.012
[191 100/372] semantic=0.113 depth=0.012
[191 125/372] semantic=0.161 depth=0.012
[191 150/372] semantic=0.112 depth=0.012
[191 175/372] semantic=0.147 depth=0.011
[191 200/372] semantic=0.150 depth=0.012
[191 225/372] semantic=0.134 depth=0.011
[191 250/372] semantic=0.140 depth=0.016
[191 275/372] semantic=0.153 depth=0.010
[191 300/372] semantic=0.133 depth=0.011
[191 325/372] semantic=0.149 depth=0.010
[191 350/372] semantic=0.158 depth=0.009
[191 372/372] semantic=0.157 depth=0.011
Epoch 191: mIoU=74.053 pix=93.163 abs=0.0193 rel=83.8591 delta=63.997 wall_h=49.656
[192 1/372] semantic=0.200 depth=0.011
[192 25/372] semantic=0.174 depth=0.013
[192 50/372] semantic=0.151 depth=0.008
[192 75/372] semantic=0.151 depth=0.012
[192 100/372] semantic=0.143 depth=0.014
[192 125/372] semantic=0.151 depth=0.008
[192 150/372] semantic=0.147 depth=0.010
[192 175/372] semantic=0.147 depth=0.010
[192 200/372] semantic=0.127 depth=0.014
[192 225/372] semantic=0.123 depth=0.012
[192 250/372] semantic=0.167 depth=0.012
[192 275/372] semantic=0.120 depth=0.012
[192 300/372] semantic=0.163 depth=0.012
[192 325/372] semantic=0.160 depth=0.011
[192 350/372] semantic=0.133 depth=0.012
[192 372/372] semantic=0.142 depth=0.011
Epoch 192: mIoU=74.246 pix=93.078 abs=0.0224 rel=76.3037 delta=63.395 wall_h=49.908
[193 1/372] semantic=0.137 depth=0.014
[193 25/372] semantic=0.150 depth=0.011
[193 50/372] semantic=0.122 depth=0.011
[193 75/372] semantic=0.128 depth=0.013
[193 100/372] semantic=0.141 depth=0.010
[193 125/372] semantic=0.119 depth=0.011
[193 150/372] semantic=0.128 depth=0.009
[193 175/372] semantic=0.176 depth=0.014
[193 200/372] semantic=0.133 depth=0.010
[193 225/372] semantic=0.168 depth=0.015
[193 250/372] semantic=0.144 depth=0.010
[193 275/372] semantic=0.138 depth=0.013
[193 300/372] semantic=0.121 depth=0.010
[193 325/372] semantic=0.119 depth=0.011
[193 350/372] semantic=0.101 depth=0.012
[193 372/372] semantic=0.107 depth=0.013
Epoch 193: mIoU=74.046 pix=93.156 abs=0.0204 rel=86.0413 delta=68.274 wall_h=50.160
[194 1/372] semantic=0.161 depth=0.009
[194 25/372] semantic=0.120 depth=0.010
[194 50/372] semantic=0.174 depth=0.012
[194 75/372] semantic=0.118 depth=0.009
[194 100/372] semantic=0.134 depth=0.012
[194 125/372] semantic=0.131 depth=0.010
[194 150/372] semantic=0.175 depth=0.010
[194 175/372] semantic=0.168 depth=0.010
[194 200/372] semantic=0.163 depth=0.009
[194 225/372] semantic=0.115 depth=0.012
[194 250/372] semantic=0.139 depth=0.012
[194 275/372] semantic=0.134 depth=0.013
[194 300/372] semantic=0.183 depth=0.009
[194 325/372] semantic=0.137 depth=0.012
[194 350/372] semantic=0.161 depth=0.011
[194 372/372] semantic=0.142 depth=0.010
Epoch 194: mIoU=74.348 pix=93.252 abs=0.0226 rel=75.2575 delta=62.780 wall_h=50.405
[195 1/372] semantic=0.115 depth=0.015
[195 25/372] semantic=0.151 depth=0.014
[195 50/372] semantic=0.129 depth=0.009
[195 75/372] semantic=0.137 depth=0.009
[195 100/372] semantic=0.119 depth=0.010
[195 125/372] semantic=0.141 depth=0.010
[195 150/372] semantic=0.174 depth=0.012
[195 175/372] semantic=0.146 depth=0.010
[195 200/372] semantic=0.184 depth=0.011
[195 225/372] semantic=0.138 depth=0.011
[195 250/372] semantic=0.162 depth=0.010
[195 275/372] semantic=0.127 depth=0.011
[195 300/372] semantic=0.161 depth=0.013
[195 325/372] semantic=0.209 depth=0.009
[195 350/372] semantic=0.155 depth=0.010
[195 372/372] semantic=0.171 depth=0.013
Epoch 195: mIoU=74.510 pix=93.176 abs=0.0242 rel=80.9377 delta=71.127 wall_h=50.656
[196 1/372] semantic=0.106 depth=0.011
[196 25/372] semantic=0.161 depth=0.009
[196 50/372] semantic=0.135 depth=0.010
[196 75/372] semantic=0.146 depth=0.011
[196 100/372] semantic=0.149 depth=0.008
[196 125/372] semantic=0.118 depth=0.013
[196 150/372] semantic=0.168 depth=0.009
[196 175/372] semantic=0.129 depth=0.012
[196 200/372] semantic=0.145 depth=0.010
[196 225/372] semantic=0.152 depth=0.012
[196 250/372] semantic=0.145 depth=0.011
[196 275/372] semantic=0.129 depth=0.009
[196 300/372] semantic=0.142 depth=0.013
[196 325/372] semantic=0.127 depth=0.012
[196 350/372] semantic=0.149 depth=0.013
[196 372/372] semantic=0.125 depth=0.012
Epoch 196: mIoU=74.422 pix=93.211 abs=0.0228 rel=83.6340 delta=70.669 wall_h=50.901
[197 1/372] semantic=0.126 depth=0.013
[197 25/372] semantic=0.165 depth=0.014
[197 50/372] semantic=0.136 depth=0.014
[197 75/372] semantic=0.134 depth=0.016
[197 100/372] semantic=0.142 depth=0.009
[197 125/372] semantic=0.131 depth=0.011
[197 150/372] semantic=0.111 depth=0.010
[197 175/372] semantic=0.131 depth=0.009
[197 200/372] semantic=0.166 depth=0.011
[197 225/372] semantic=0.163 depth=0.010
[197 250/372] semantic=0.146 depth=0.014
[197 275/372] semantic=0.137 depth=0.013
[197 300/372] semantic=0.140 depth=0.011
[197 325/372] semantic=0.150 depth=0.009
[197 350/372] semantic=0.114 depth=0.012
[197 372/372] semantic=0.134 depth=0.011
Epoch 197: mIoU=74.362 pix=93.129 abs=0.0243 rel=74.9301 delta=65.997 wall_h=51.152
[198 1/372] semantic=0.166 depth=0.014
[198 25/372] semantic=0.131 depth=0.007
[198 50/372] semantic=0.152 depth=0.010
[198 75/372] semantic=0.136 depth=0.011
[198 100/372] semantic=0.122 depth=0.010
[198 125/372] semantic=0.118 depth=0.013
[198 150/372] semantic=0.102 depth=0.012
[198 175/372] semantic=0.121 depth=0.007
[198 200/372] semantic=0.152 depth=0.011
[198 225/372] semantic=0.144 depth=0.013
[198 250/372] semantic=0.106 depth=0.016
[198 275/372] semantic=0.137 depth=0.011
[198 300/372] semantic=0.148 depth=0.011
[198 325/372] semantic=0.130 depth=0.011
[198 350/372] semantic=0.124 depth=0.012
[198 372/372] semantic=0.145 depth=0.012
Epoch 198: mIoU=74.487 pix=93.153 abs=0.0209 rel=76.1265 delta=60.085 wall_h=51.400
[199 1/372] semantic=0.146 depth=0.011
[199 25/372] semantic=0.171 depth=0.012
[199 50/372] semantic=0.142 depth=0.013
[199 75/372] semantic=0.158 depth=0.010
[199 100/372] semantic=0.106 depth=0.013
[199 125/372] semantic=0.113 depth=0.014
[199 150/372] semantic=0.144 depth=0.009
[199 175/372] semantic=0.120 depth=0.011
[199 200/372] semantic=0.135 depth=0.011
[199 225/372] semantic=0.125 depth=0.013
[199 250/372] semantic=0.155 depth=0.010
[199 275/372] semantic=0.121 depth=0.008
[199 300/372] semantic=0.117 depth=0.011
[199 325/372] semantic=0.148 depth=0.013
[199 350/372] semantic=0.175 depth=0.011
[199 372/372] semantic=0.155 depth=0.019
Epoch 199: mIoU=74.536 pix=93.174 abs=0.0218 rel=90.5364 delta=75.019 wall_h=51.653
[200 1/372] semantic=0.144 depth=0.016
[200 25/372] semantic=0.144 depth=0.011
[200 50/372] semantic=0.129 depth=0.013
[200 75/372] semantic=0.120 depth=0.011
[200 100/372] semantic=0.140 depth=0.011
[200 125/372] semantic=0.130 depth=0.011
[200 150/372] semantic=0.138 depth=0.012
[200 175/372] semantic=0.139 depth=0.009
[200 200/372] semantic=0.135 depth=0.011
[200 225/372] semantic=0.170 depth=0.013
[200 250/372] semantic=0.135 depth=0.011
[200 275/372] semantic=0.148 depth=0.011
[200 300/372] semantic=0.168 depth=0.009
[200 325/372] semantic=0.136 depth=0.010
[200 350/372] semantic=0.150 depth=0.012
[200 372/372] semantic=0.147 depth=0.011
Epoch 200: mIoU=74.647 pix=93.239 abs=0.0227 rel=82.9735 delta=69.953 wall_h=51.906
