RUN dataset=cityscapes method=modo seed=42 lr=0.0001 batch=8 epochs=200
RESULT /mloscratch/homes/mirrokni/LMO-MOO/results/cityscapes/modo_sd42.stats
CHECKPOINT /mloscratch/homes/mirrokni/LMO-MOO/results/checkpoints/cityscapes/modo_sd42.pt
[1 1/372] semantic=2.071 depth=0.340
[1 25/372] semantic=1.546 depth=0.144
[1 50/372] semantic=0.982 depth=0.142
[1 75/372] semantic=1.005 depth=0.088
[1 100/372] semantic=0.815 depth=0.082
[1 125/372] semantic=0.728 depth=0.066
[1 150/372] semantic=0.666 depth=0.047
[1 175/372] semantic=0.525 depth=0.045
[1 200/372] semantic=0.708 depth=0.060
[1 225/372] semantic=0.678 depth=0.037
[1 250/372] semantic=0.607 depth=0.037
[1 275/372] semantic=0.750 depth=0.042
[1 300/372] semantic=0.592 depth=0.040
[1 325/372] semantic=0.423 depth=0.036
[1 350/372] semantic=0.454 depth=0.030
[1 372/372] semantic=0.538 depth=0.039
Epoch 001: mIoU=46.299 pix=81.332 abs=0.0384 rel=142.8560 delta=168.014 wall_h=0.297
[2 1/372] semantic=0.551 depth=0.046
[2 25/372] semantic=0.507 depth=0.048
[2 50/372] semantic=0.438 depth=0.032
[2 75/372] semantic=0.538 depth=0.043
[2 100/372] semantic=0.359 depth=0.029
[2 125/372] semantic=0.510 depth=0.030
[2 150/372] semantic=0.437 depth=0.028
[2 175/372] semantic=0.509 depth=0.030
[2 200/372] semantic=0.399 depth=0.042
[2 225/372] semantic=0.397 depth=0.035
[2 250/372] semantic=0.479 depth=0.037
[2 275/372] semantic=0.371 depth=0.028
[2 300/372] semantic=0.464 depth=0.029
[2 325/372] semantic=0.487 depth=0.035
[2 350/372] semantic=0.391 depth=0.022
[2 372/372] semantic=0.312 depth=0.027
Epoch 002: mIoU=51.902 pix=85.597 abs=0.0368 rel=105.1735 delta=127.708 wall_h=0.560
[3 1/372] semantic=0.353 depth=0.037
[3 25/372] semantic=0.363 depth=0.026
[3 50/372] semantic=0.433 depth=0.027
[3 75/372] semantic=0.414 depth=0.030
[3 100/372] semantic=0.412 depth=0.028
[3 125/372] semantic=0.519 depth=0.034
[3 150/372] semantic=0.391 depth=0.031
[3 175/372] semantic=0.365 depth=0.023
[3 200/372] semantic=0.416 depth=0.026
[3 225/372] semantic=0.505 depth=0.031
[3 250/372] semantic=0.459 depth=0.022
[3 275/372] semantic=0.586 depth=0.040
[3 300/372] semantic=0.371 depth=0.023
[3 325/372] semantic=0.448 depth=0.030
[3 350/372] semantic=0.463 depth=0.030
[3 372/372] semantic=0.350 depth=0.029
Epoch 003: mIoU=55.410 pix=86.185 abs=0.0416 rel=96.3607 delta=128.095 wall_h=0.826
[4 1/372] semantic=0.428 depth=0.025
[4 25/372] semantic=0.351 depth=0.021
[4 50/372] semantic=0.391 depth=0.026
[4 75/372] semantic=0.415 depth=0.026
[4 100/372] semantic=0.409 depth=0.022
[4 125/372] semantic=0.377 depth=0.034
[4 150/372] semantic=0.443 depth=0.034
[4 175/372] semantic=0.406 depth=0.030
[4 200/372] semantic=0.439 depth=0.023
[4 225/372] semantic=0.437 depth=0.033
[4 250/372] semantic=0.450 depth=0.024
[4 275/372] semantic=0.466 depth=0.026
[4 300/372] semantic=0.271 depth=0.031
[4 325/372] semantic=0.469 depth=0.023
[4 350/372] semantic=0.484 depth=0.046
[4 372/372] semantic=0.388 depth=0.029
Epoch 004: mIoU=56.221 pix=86.082 abs=0.0313 rel=115.2622 delta=124.353 wall_h=1.070
[5 1/372] semantic=0.454 depth=0.042
[5 25/372] semantic=0.487 depth=0.036
[5 50/372] semantic=0.439 depth=0.033
[5 75/372] semantic=0.312 depth=0.020
[5 100/372] semantic=0.308 depth=0.024
[5 125/372] semantic=0.377 depth=0.022
[5 150/372] semantic=0.381 depth=0.033
[5 175/372] semantic=0.288 depth=0.024
[5 200/372] semantic=0.347 depth=0.020
[5 225/372] semantic=0.300 depth=0.027
[5 250/372] semantic=0.389 depth=0.028
[5 275/372] semantic=0.319 depth=0.027
[5 300/372] semantic=0.359 depth=0.025
[5 325/372] semantic=0.484 depth=0.038
[5 350/372] semantic=0.391 depth=0.025
[5 372/372] semantic=0.283 depth=0.021
Epoch 005: mIoU=59.210 pix=87.933 abs=0.0399 rel=100.4593 delta=126.616 wall_h=1.342
[6 1/372] semantic=0.286 depth=0.029
[6 25/372] semantic=0.399 depth=0.035
[6 50/372] semantic=0.354 depth=0.029
[6 75/372] semantic=0.308 depth=0.023
[6 100/372] semantic=0.378 depth=0.025
[6 125/372] semantic=0.368 depth=0.032
[6 150/372] semantic=0.571 depth=0.024
[6 175/372] semantic=0.300 depth=0.019
[6 200/372] semantic=0.348 depth=0.020
[6 225/372] semantic=0.293 depth=0.022
[6 250/372] semantic=0.294 depth=0.021
[6 275/372] semantic=0.370 depth=0.042
[6 300/372] semantic=0.290 depth=0.024
[6 325/372] semantic=0.310 depth=0.022
[6 350/372] semantic=0.406 depth=0.031
[6 372/372] semantic=0.327 depth=0.038
Epoch 006: mIoU=58.689 pix=87.585 abs=0.0303 rel=111.5955 delta=117.649 wall_h=1.606
[7 1/372] semantic=0.334 depth=0.023
[7 25/372] semantic=0.288 depth=0.020
[7 50/372] semantic=0.343 depth=0.032
[7 75/372] semantic=0.402 depth=0.020
[7 100/372] semantic=0.412 depth=0.038
[7 125/372] semantic=0.405 depth=0.028
[7 150/372] semantic=0.260 depth=0.023
[7 175/372] semantic=0.285 depth=0.028
[7 200/372] semantic=0.370 depth=0.031
[7 225/372] semantic=0.369 depth=0.033
[7 250/372] semantic=0.377 depth=0.025
[7 275/372] semantic=0.317 depth=0.032
[7 300/372] semantic=0.329 depth=0.031
[7 325/372] semantic=0.363 depth=0.026
[7 350/372] semantic=0.296 depth=0.030
[7 372/372] semantic=0.360 depth=0.021
Epoch 007: mIoU=60.333 pix=88.368 abs=0.0257 rel=119.5822 delta=114.889 wall_h=1.866
[8 1/372] semantic=0.313 depth=0.031
[8 25/372] semantic=0.335 depth=0.022
[8 50/372] semantic=0.305 depth=0.035
[8 75/372] semantic=0.384 depth=0.031
[8 100/372] semantic=0.484 depth=0.021
[8 125/372] semantic=0.423 depth=0.018
[8 150/372] semantic=0.410 depth=0.025
[8 175/372] semantic=0.291 depth=0.022
[8 200/372] semantic=0.324 depth=0.032
[8 225/372] semantic=0.329 depth=0.020
[8 250/372] semantic=0.383 depth=0.043
[8 275/372] semantic=0.329 depth=0.036
[8 300/372] semantic=0.304 depth=0.031
[8 325/372] semantic=0.371 depth=0.029
[8 350/372] semantic=0.312 depth=0.022
[8 372/372] semantic=0.332 depth=0.021
Epoch 008: mIoU=60.641 pix=88.469 abs=0.0386 rel=106.8218 delta=129.051 wall_h=2.124
[9 1/372] semantic=0.385 depth=0.015
[9 25/372] semantic=0.355 depth=0.031
[9 50/372] semantic=0.321 depth=0.020
[9 75/372] semantic=0.334 depth=0.023
[9 100/372] semantic=0.451 depth=0.029
[9 125/372] semantic=0.332 depth=0.021
[9 150/372] semantic=0.257 depth=0.027
[9 175/372] semantic=0.265 depth=0.020
[9 200/372] semantic=0.404 depth=0.022
[9 225/372] semantic=0.386 depth=0.029
[9 250/372] semantic=0.242 depth=0.022
[9 275/372] semantic=0.226 depth=0.020
[9 300/372] semantic=0.311 depth=0.021
[9 325/372] semantic=0.318 depth=0.030
[9 350/372] semantic=0.359 depth=0.027
[9 372/372] semantic=0.274 depth=0.024
Epoch 009: mIoU=59.821 pix=88.661 abs=0.0327 rel=106.5990 delta=117.372 wall_h=2.396
[10 1/372] semantic=0.317 depth=0.026
[10 25/372] semantic=0.400 depth=0.040
[10 50/372] semantic=0.361 depth=0.031
[10 75/372] semantic=0.429 depth=0.031
[10 100/372] semantic=0.344 depth=0.024
[10 125/372] semantic=0.253 depth=0.026
[10 150/372] semantic=0.275 depth=0.018
[10 175/372] semantic=0.444 depth=0.023
[10 200/372] semantic=0.416 depth=0.023
[10 225/372] semantic=0.304 depth=0.021
[10 250/372] semantic=0.282 depth=0.029
[10 275/372] semantic=0.304 depth=0.025
[10 300/372] semantic=0.510 depth=0.030
[10 325/372] semantic=0.280 depth=0.017
[10 350/372] semantic=0.291 depth=0.023
[10 372/372] semantic=0.269 depth=0.024
Epoch 010: mIoU=60.228 pix=88.590 abs=0.0297 rel=100.0739 delta=105.282 wall_h=2.651
[11 1/372] semantic=0.352 depth=0.025
[11 25/372] semantic=0.291 depth=0.023
[11 50/372] semantic=0.299 depth=0.035
[11 75/372] semantic=0.226 depth=0.019
[11 100/372] semantic=0.355 depth=0.024
[11 125/372] semantic=0.286 depth=0.039
[11 150/372] semantic=0.252 depth=0.016
[11 175/372] semantic=0.381 depth=0.019
[11 200/372] semantic=0.334 depth=0.020
[11 225/372] semantic=0.282 depth=0.026
[11 250/372] semantic=0.308 depth=0.022
[11 275/372] semantic=0.303 depth=0.024
[11 300/372] semantic=0.404 depth=0.028
[11 325/372] semantic=0.335 depth=0.027
[11 350/372] semantic=0.391 depth=0.020
[11 372/372] semantic=0.290 depth=0.025
Epoch 011: mIoU=62.111 pix=89.335 abs=0.0259 rel=110.8157 delta=106.641 wall_h=2.899
[12 1/372] semantic=0.331 depth=0.017
[12 25/372] semantic=0.293 depth=0.028
[12 50/372] semantic=0.325 depth=0.025
[12 75/372] semantic=0.287 depth=0.034
[12 100/372] semantic=0.206 depth=0.040
[12 125/372] semantic=0.337 depth=0.028
[12 150/372] semantic=0.288 depth=0.020
[12 175/372] semantic=0.276 depth=0.030
[12 200/372] semantic=0.262 depth=0.017
[12 225/372] semantic=0.378 depth=0.016
[12 250/372] semantic=0.295 depth=0.026
[12 275/372] semantic=0.323 depth=0.022
[12 300/372] semantic=0.253 depth=0.016
[12 325/372] semantic=0.249 depth=0.024
[12 350/372] semantic=0.320 depth=0.030
[12 372/372] semantic=0.262 depth=0.018
Epoch 012: mIoU=61.202 pix=89.018 abs=0.0301 rel=99.3041 delta=104.977 wall_h=3.151
[13 1/372] semantic=0.295 depth=0.016
[13 25/372] semantic=0.280 depth=0.021
[13 50/372] semantic=0.363 depth=0.020
[13 75/372] semantic=0.284 depth=0.019
[13 100/372] semantic=0.292 depth=0.020
[13 125/372] semantic=0.355 depth=0.020
[13 150/372] semantic=0.275 depth=0.024
[13 175/372] semantic=0.306 depth=0.019
[13 200/372] semantic=0.334 depth=0.015
[13 225/372] semantic=0.256 depth=0.018
[13 250/372] semantic=0.302 depth=0.021
[13 275/372] semantic=0.233 depth=0.016
[13 300/372] semantic=0.273 depth=0.017
[13 325/372] semantic=0.278 depth=0.033
[13 350/372] semantic=0.262 depth=0.031
[13 372/372] semantic=0.360 depth=0.019
Epoch 013: mIoU=62.802 pix=89.626 abs=0.0262 rel=105.5476 delta=102.182 wall_h=3.406
[14 1/372] semantic=0.306 depth=0.020
[14 25/372] semantic=0.249 depth=0.020
[14 50/372] semantic=0.401 depth=0.028
[14 75/372] semantic=0.238 depth=0.016
[14 100/372] semantic=0.241 depth=0.019
[14 125/372] semantic=0.276 depth=0.027
[14 150/372] semantic=0.272 depth=0.019
[14 175/372] semantic=0.265 depth=0.018
[14 200/372] semantic=0.269 depth=0.022
[14 225/372] semantic=0.261 depth=0.019
[14 250/372] semantic=0.265 depth=0.023
[14 275/372] semantic=0.299 depth=0.016
[14 300/372] semantic=0.253 depth=0.014
[14 325/372] semantic=0.387 depth=0.032
[14 350/372] semantic=0.419 depth=0.022
[14 372/372] semantic=0.387 depth=0.026
Epoch 014: mIoU=62.292 pix=89.405 abs=0.0340 rel=104.6596 delta=117.156 wall_h=3.665
[15 1/372] semantic=0.202 depth=0.020
[15 25/372] semantic=0.244 depth=0.020
[15 50/372] semantic=0.319 depth=0.032
[15 75/372] semantic=0.347 depth=0.022
[15 100/372] semantic=0.273 depth=0.018
[15 125/372] semantic=0.365 depth=0.022
[15 150/372] semantic=0.296 depth=0.023
[15 175/372] semantic=0.310 depth=0.034
[15 200/372] semantic=0.285 depth=0.021
[15 225/372] semantic=0.308 depth=0.023
[15 250/372] semantic=0.349 depth=0.021
[15 275/372] semantic=0.296 depth=0.040
[15 300/372] semantic=0.252 depth=0.027
[15 325/372] semantic=0.271 depth=0.020
[15 350/372] semantic=0.272 depth=0.017
[15 372/372] semantic=0.352 depth=0.018
Epoch 015: mIoU=59.243 pix=87.552 abs=0.0280 rel=110.4960 delta=111.923 wall_h=3.920
[16 1/372] semantic=0.389 depth=0.027
[16 25/372] semantic=0.278 depth=0.019
[16 50/372] semantic=0.274 depth=0.017
[16 75/372] semantic=0.388 depth=0.028
[16 100/372] semantic=0.237 depth=0.019
[16 125/372] semantic=0.227 depth=0.018
[16 150/372] semantic=0.250 depth=0.027
[16 175/372] semantic=0.227 depth=0.023
[16 200/372] semantic=0.210 depth=0.018
[16 225/372] semantic=0.358 depth=0.018
[16 250/372] semantic=0.356 depth=0.024
[16 275/372] semantic=0.240 depth=0.015
[16 300/372] semantic=0.281 depth=0.035
[16 325/372] semantic=0.213 depth=0.015
[16 350/372] semantic=0.269 depth=0.017
[16 372/372] semantic=0.209 depth=0.016
Epoch 016: mIoU=63.974 pix=89.869 abs=0.0281 rel=106.1317 delta=106.003 wall_h=4.140
[17 1/372] semantic=0.353 depth=0.020
[17 25/372] semantic=0.248 depth=0.017
[17 50/372] semantic=0.203 depth=0.015
[17 75/372] semantic=0.268 depth=0.018
[17 100/372] semantic=0.318 depth=0.024
[17 125/372] semantic=0.281 depth=0.016
[17 150/372] semantic=0.309 depth=0.015
[17 175/372] semantic=0.235 depth=0.016
[17 200/372] semantic=0.224 depth=0.025
[17 225/372] semantic=0.282 depth=0.017
[17 250/372] semantic=0.310 depth=0.018
[17 275/372] semantic=0.217 depth=0.018
[17 300/372] semantic=0.224 depth=0.019
[17 325/372] semantic=0.335 depth=0.017
[17 350/372] semantic=0.246 depth=0.019
[17 372/372] semantic=0.294 depth=0.016
Epoch 017: mIoU=61.271 pix=88.751 abs=0.0280 rel=99.2480 delta=100.853 wall_h=4.386
[18 1/372] semantic=0.291 depth=0.020
[18 25/372] semantic=0.296 depth=0.022
[18 50/372] semantic=0.389 depth=0.024
[18 75/372] semantic=0.280 depth=0.019
[18 100/372] semantic=0.292 depth=0.020
[18 125/372] semantic=0.259 depth=0.018
[18 150/372] semantic=0.261 depth=0.018
[18 175/372] semantic=0.267 depth=0.019
[18 200/372] semantic=0.348 depth=0.014
[18 225/372] semantic=0.217 depth=0.015
[18 250/372] semantic=0.238 depth=0.017
[18 275/372] semantic=0.178 depth=0.015
[18 300/372] semantic=0.239 depth=0.016
[18 325/372] semantic=0.265 depth=0.024
[18 350/372] semantic=0.265 depth=0.016
[18 372/372] semantic=0.249 depth=0.022
Epoch 018: mIoU=64.025 pix=90.116 abs=0.0202 rel=126.6872 delta=108.573 wall_h=4.639
[19 1/372] semantic=0.257 depth=0.027
[19 25/372] semantic=0.262 depth=0.020
[19 50/372] semantic=0.297 depth=0.017
[19 75/372] semantic=0.344 depth=0.017
[19 100/372] semantic=0.273 depth=0.018
[19 125/372] semantic=0.265 depth=0.026
[19 150/372] semantic=0.324 depth=0.016
[19 175/372] semantic=0.277 depth=0.018
[19 200/372] semantic=0.274 depth=0.021
[19 225/372] semantic=0.241 depth=0.018
[19 250/372] semantic=0.239 depth=0.017
[19 275/372] semantic=0.218 depth=0.020
[19 300/372] semantic=0.241 depth=0.019
[19 325/372] semantic=0.250 depth=0.019
[19 350/372] semantic=0.314 depth=0.014
[19 372/372] semantic=0.274 depth=0.020
Epoch 019: mIoU=64.303 pix=90.087 abs=0.0230 rel=115.1797 delta=103.701 wall_h=4.904
[20 1/372] semantic=0.420 depth=0.026
[20 25/372] semantic=0.248 depth=0.012
[20 50/372] semantic=0.262 depth=0.028
[20 75/372] semantic=0.244 depth=0.020
[20 100/372] semantic=0.266 depth=0.017
[20 125/372] semantic=0.242 depth=0.019
[20 150/372] semantic=0.261 depth=0.023
[20 175/372] semantic=0.292 depth=0.017
[20 200/372] semantic=0.260 depth=0.017
[20 225/372] semantic=0.259 depth=0.015
[20 250/372] semantic=0.229 depth=0.019
[20 275/372] semantic=0.222 depth=0.018
[20 300/372] semantic=0.263 depth=0.022
[20 325/372] semantic=0.292 depth=0.014
[20 350/372] semantic=0.294 depth=0.017
[20 372/372] semantic=0.237 depth=0.020
Epoch 020: mIoU=64.152 pix=89.870 abs=0.0274 rel=98.3521 delta=97.485 wall_h=5.151
[21 1/372] semantic=0.215 depth=0.018
[21 25/372] semantic=0.267 depth=0.014
[21 50/372] semantic=0.265 depth=0.019
[21 75/372] semantic=0.252 depth=0.014
[21 100/372] semantic=0.243 depth=0.018
[21 125/372] semantic=0.229 depth=0.017
[21 150/372] semantic=0.392 depth=0.019
[21 175/372] semantic=0.280 depth=0.012
[21 200/372] semantic=0.256 depth=0.018
[21 225/372] semantic=0.214 depth=0.019
[21 250/372] semantic=0.262 depth=0.016
[21 275/372] semantic=0.237 depth=0.015
[21 300/372] semantic=0.230 depth=0.015
[21 325/372] semantic=0.270 depth=0.015
[21 350/372] semantic=0.299 depth=0.016
[21 372/372] semantic=0.226 depth=0.017
Epoch 021: mIoU=65.591 pix=90.430 abs=0.0219 rel=112.9697 delta=98.998 wall_h=5.400
[22 1/372] semantic=0.209 depth=0.020
[22 25/372] semantic=0.202 depth=0.018
[22 50/372] semantic=0.263 depth=0.016
[22 75/372] semantic=0.272 depth=0.027
[22 100/372] semantic=0.245 depth=0.019
[22 125/372] semantic=0.213 depth=0.013
[22 150/372] semantic=0.351 depth=0.017
[22 175/372] semantic=0.215 depth=0.019
[22 200/372] semantic=0.224 depth=0.020
[22 225/372] semantic=0.197 depth=0.019
[22 250/372] semantic=0.275 depth=0.014
[22 275/372] semantic=0.204 depth=0.020
[22 300/372] semantic=0.256 depth=0.022
[22 325/372] semantic=0.249 depth=0.018
[22 350/372] semantic=0.242 depth=0.018
[22 372/372] semantic=0.303 depth=0.019
Epoch 022: mIoU=65.650 pix=90.360 abs=0.0192 rel=117.4545 delta=97.738 wall_h=5.647
[23 1/372] semantic=0.228 depth=0.018
[23 25/372] semantic=0.250 depth=0.016
[23 50/372] semantic=0.245 depth=0.018
[23 75/372] semantic=0.261 depth=0.016
[23 100/372] semantic=0.243 depth=0.015
[23 125/372] semantic=0.243 depth=0.018
[23 150/372] semantic=0.282 depth=0.015
[23 175/372] semantic=0.257 depth=0.017
[23 200/372] semantic=0.192 depth=0.021
[23 225/372] semantic=0.282 depth=0.015
[23 250/372] semantic=0.316 depth=0.017
[23 275/372] semantic=0.223 depth=0.016
[23 300/372] semantic=0.178 depth=0.014
[23 325/372] semantic=0.242 depth=0.015
[23 350/372] semantic=0.235 depth=0.016
[23 372/372] semantic=0.248 depth=0.018
Epoch 023: mIoU=63.108 pix=89.271 abs=0.0216 rel=115.4295 delta=101.808 wall_h=5.899
[24 1/372] semantic=0.302 depth=0.018
[24 25/372] semantic=0.234 depth=0.017
[24 50/372] semantic=0.319 depth=0.018
[24 75/372] semantic=0.271 depth=0.014
[24 100/372] semantic=0.288 depth=0.015
[24 125/372] semantic=0.270 depth=0.019
[24 150/372] semantic=0.265 depth=0.024
[24 175/372] semantic=0.310 depth=0.018
[24 200/372] semantic=0.265 depth=0.021
[24 225/372] semantic=0.278 depth=0.017
[24 250/372] semantic=0.368 depth=0.019
[24 275/372] semantic=0.251 depth=0.022
[24 300/372] semantic=0.248 depth=0.018
[24 325/372] semantic=0.296 depth=0.026
[24 350/372] semantic=0.245 depth=0.019
[24 372/372] semantic=0.388 depth=0.018
Epoch 024: mIoU=66.531 pix=90.914 abs=0.0275 rel=93.1050 delta=91.860 wall_h=6.145
[25 1/372] semantic=0.222 depth=0.014
[25 25/372] semantic=0.217 depth=0.015
[25 50/372] semantic=0.263 depth=0.018
[25 75/372] semantic=0.192 depth=0.017
[25 100/372] semantic=0.261 depth=0.015
[25 125/372] semantic=0.277 depth=0.012
[25 150/372] semantic=0.333 depth=0.016
[25 175/372] semantic=0.220 depth=0.018
[25 200/372] semantic=0.216 depth=0.014
[25 225/372] semantic=0.218 depth=0.013
[25 250/372] semantic=0.343 depth=0.023
[25 275/372] semantic=0.229 depth=0.012
[25 300/372] semantic=0.218 depth=0.014
[25 325/372] semantic=0.249 depth=0.015
[25 350/372] semantic=0.190 depth=0.017
[25 372/372] semantic=0.255 depth=0.018
Epoch 025: mIoU=66.970 pix=90.886 abs=0.0200 rel=103.2724 delta=85.868 wall_h=6.383
[26 1/372] semantic=0.208 depth=0.014
[26 25/372] semantic=0.248 depth=0.016
[26 50/372] semantic=0.272 depth=0.025
[26 75/372] semantic=0.217 depth=0.017
[26 100/372] semantic=0.233 depth=0.015
[26 125/372] semantic=0.294 depth=0.015
[26 150/372] semantic=0.278 depth=0.018
[26 175/372] semantic=0.213 depth=0.014
[26 200/372] semantic=0.295 depth=0.020
[26 225/372] semantic=0.228 depth=0.018
[26 250/372] semantic=0.273 depth=0.016
[26 275/372] semantic=0.225 depth=0.016
[26 300/372] semantic=0.215 depth=0.019
[26 325/372] semantic=0.245 depth=0.015
[26 350/372] semantic=0.229 depth=0.017
[26 372/372] semantic=0.226 depth=0.015
Epoch 026: mIoU=67.142 pix=90.901 abs=0.0191 rel=101.9789 delta=83.011 wall_h=6.626
[27 1/372] semantic=0.189 depth=0.013
[27 25/372] semantic=0.211 depth=0.017
[27 50/372] semantic=0.306 depth=0.017
[27 75/372] semantic=0.188 depth=0.015
[27 100/372] semantic=0.196 depth=0.021
[27 125/372] semantic=0.253 depth=0.016
[27 150/372] semantic=0.254 depth=0.014
[27 175/372] semantic=0.265 depth=0.015
[27 200/372] semantic=0.240 depth=0.022
[27 225/372] semantic=0.202 depth=0.016
[27 250/372] semantic=0.260 depth=0.020
[27 275/372] semantic=0.232 depth=0.015
[27 300/372] semantic=0.245 depth=0.013
[27 325/372] semantic=0.234 depth=0.011
[27 350/372] semantic=0.293 depth=0.027
[27 372/372] semantic=0.245 depth=0.014
Epoch 027: mIoU=66.197 pix=90.837 abs=0.0195 rel=101.3370 delta=83.472 wall_h=6.865
[28 1/372] semantic=0.191 depth=0.013
[28 25/372] semantic=0.245 depth=0.014
[28 50/372] semantic=0.220 depth=0.017
[28 75/372] semantic=0.246 depth=0.016
[28 100/372] semantic=0.239 depth=0.016
[28 125/372] semantic=0.213 depth=0.014
[28 150/372] semantic=0.237 depth=0.014
[28 175/372] semantic=0.275 depth=0.018
[28 200/372] semantic=0.246 depth=0.016
[28 225/372] semantic=0.263 depth=0.016
[28 250/372] semantic=0.243 depth=0.014
[28 275/372] semantic=0.245 depth=0.012
[28 300/372] semantic=0.282 depth=0.017
[28 325/372] semantic=0.236 depth=0.015
[28 350/372] semantic=0.222 depth=0.015
[28 372/372] semantic=0.216 depth=0.020
Epoch 028: mIoU=67.127 pix=90.946 abs=0.0188 rel=98.5504 delta=79.268 wall_h=7.071
[29 1/372] semantic=0.157 depth=0.014
[29 25/372] semantic=0.232 depth=0.016
[29 50/372] semantic=0.279 depth=0.015
[29 75/372] semantic=0.250 depth=0.015
[29 100/372] semantic=0.259 depth=0.018
[29 125/372] semantic=0.355 depth=0.015
[29 150/372] semantic=0.256 depth=0.014
[29 175/372] semantic=0.254 depth=0.018
[29 200/372] semantic=0.255 depth=0.013
[29 225/372] semantic=0.179 depth=0.021
[29 250/372] semantic=0.275 depth=0.015
[29 275/372] semantic=0.202 depth=0.013
[29 300/372] semantic=0.207 depth=0.015
[29 325/372] semantic=0.245 depth=0.020
[29 350/372] semantic=0.227 depth=0.014
[29 372/372] semantic=0.294 depth=0.017
Epoch 029: mIoU=67.181 pix=91.126 abs=0.0182 rel=92.4476 delta=72.560 wall_h=7.297
[30 1/372] semantic=0.220 depth=0.015
[30 25/372] semantic=0.219 depth=0.015
[30 50/372] semantic=0.213 depth=0.021
[30 75/372] semantic=0.182 depth=0.024
[30 100/372] semantic=0.237 depth=0.013
[30 125/372] semantic=0.198 depth=0.013
[30 150/372] semantic=0.336 depth=0.025
[30 175/372] semantic=0.206 depth=0.014
[30 200/372] semantic=0.219 depth=0.019
[30 225/372] semantic=0.201 depth=0.017
[30 250/372] semantic=0.210 depth=0.016
[30 275/372] semantic=0.183 depth=0.015
[30 300/372] semantic=0.200 depth=0.013
[30 325/372] semantic=0.245 depth=0.016
[30 350/372] semantic=0.248 depth=0.018
[30 372/372] semantic=0.261 depth=0.016
Epoch 030: mIoU=67.021 pix=90.951 abs=0.0212 rel=92.5327 delta=78.659 wall_h=7.551
[31 1/372] semantic=0.226 depth=0.019
[31 25/372] semantic=0.281 depth=0.019
[31 50/372] semantic=0.230 depth=0.019
[31 75/372] semantic=0.237 depth=0.015
[31 100/372] semantic=0.199 depth=0.012
[31 125/372] semantic=0.235 depth=0.018
[31 150/372] semantic=0.197 depth=0.014
[31 175/372] semantic=0.222 depth=0.015
[31 200/372] semantic=0.234 depth=0.015
[31 225/372] semantic=0.196 depth=0.012
[31 250/372] semantic=0.250 depth=0.015
[31 275/372] semantic=0.292 depth=0.016
[31 300/372] semantic=0.200 depth=0.016
[31 325/372] semantic=0.222 depth=0.013
[31 350/372] semantic=0.259 depth=0.018
[31 372/372] semantic=0.226 depth=0.012
Epoch 031: mIoU=67.928 pix=91.081 abs=0.0217 rel=85.6481 delta=73.165 wall_h=7.805
[32 1/372] semantic=0.243 depth=0.014
[32 25/372] semantic=0.196 depth=0.014
[32 50/372] semantic=0.223 depth=0.017
[32 75/372] semantic=0.266 depth=0.014
[32 100/372] semantic=0.255 depth=0.019
[32 125/372] semantic=0.227 depth=0.014
[32 150/372] semantic=0.202 depth=0.015
[32 175/372] semantic=0.225 depth=0.018
[32 200/372] semantic=0.238 depth=0.017
[32 225/372] semantic=0.270 depth=0.016
[32 250/372] semantic=0.253 depth=0.012
[32 275/372] semantic=0.286 depth=0.016
[32 300/372] semantic=0.235 depth=0.012
[32 325/372] semantic=0.225 depth=0.018
[32 350/372] semantic=0.184 depth=0.013
[32 372/372] semantic=0.235 depth=0.015
Epoch 032: mIoU=65.868 pix=90.122 abs=0.0258 rel=89.7155 delta=85.884 wall_h=8.057
[33 1/372] semantic=0.280 depth=0.016
[33 25/372] semantic=0.226 depth=0.016
[33 50/372] semantic=0.317 depth=0.021
[33 75/372] semantic=0.223 depth=0.013
[33 100/372] semantic=0.254 depth=0.019
[33 125/372] semantic=0.223 depth=0.013
[33 150/372] semantic=0.213 depth=0.017
[33 175/372] semantic=0.197 depth=0.021
[33 200/372] semantic=0.179 depth=0.015
[33 225/372] semantic=0.219 depth=0.011
[33 250/372] semantic=0.222 depth=0.018
[33 275/372] semantic=0.227 depth=0.014
[33 300/372] semantic=0.256 depth=0.017
[33 325/372] semantic=0.190 depth=0.012
[33 350/372] semantic=0.219 depth=0.013
[33 372/372] semantic=0.202 depth=0.014
Epoch 033: mIoU=68.036 pix=91.639 abs=0.0193 rel=89.3884 delta=71.555 wall_h=8.312
[34 1/372] semantic=0.156 depth=0.015
[34 25/372] semantic=0.197 depth=0.014
[34 50/372] semantic=0.228 depth=0.016
[34 75/372] semantic=0.191 depth=0.013
[34 100/372] semantic=0.170 depth=0.018
[34 125/372] semantic=0.231 depth=0.017
[34 150/372] semantic=0.255 depth=0.014
[34 175/372] semantic=0.236 depth=0.012
[34 200/372] semantic=0.224 depth=0.012
[34 225/372] semantic=0.282 depth=0.014
[34 250/372] semantic=0.224 depth=0.013
[34 275/372] semantic=0.246 depth=0.019
[34 300/372] semantic=0.253 depth=0.012
[34 325/372] semantic=0.214 depth=0.011
[34 350/372] semantic=0.207 depth=0.013
[34 372/372] semantic=0.231 depth=0.016
Epoch 034: mIoU=68.462 pix=91.555 abs=0.0235 rel=77.8880 delta=69.490 wall_h=8.558
[35 1/372] semantic=0.234 depth=0.014
[35 25/372] semantic=0.260 depth=0.015
[35 50/372] semantic=0.185 depth=0.018
[35 75/372] semantic=0.216 depth=0.015
[35 100/372] semantic=0.194 depth=0.014
[35 125/372] semantic=0.200 depth=0.013
[35 150/372] semantic=0.332 depth=0.017
[35 175/372] semantic=0.203 depth=0.015
[35 200/372] semantic=0.206 depth=0.013
[35 225/372] semantic=0.208 depth=0.012
[35 250/372] semantic=0.219 depth=0.013
[35 275/372] semantic=0.308 depth=0.014
[35 300/372] semantic=0.225 depth=0.015
[35 325/372] semantic=0.198 depth=0.014
[35 350/372] semantic=0.188 depth=0.015
[35 372/372] semantic=0.183 depth=0.012
Epoch 035: mIoU=68.833 pix=91.633 abs=0.0238 rel=74.7546 delta=66.992 wall_h=8.817
[36 1/372] semantic=0.201 depth=0.014
[36 25/372] semantic=0.184 depth=0.015
[36 50/372] semantic=0.210 depth=0.012
[36 75/372] semantic=0.260 depth=0.018
[36 100/372] semantic=0.270 depth=0.014
[36 125/372] semantic=0.237 depth=0.011
[36 150/372] semantic=0.235 depth=0.014
[36 175/372] semantic=0.253 depth=0.014
[36 200/372] semantic=0.246 depth=0.013
[36 225/372] semantic=0.271 depth=0.017
[36 250/372] semantic=0.185 depth=0.015
[36 275/372] semantic=0.281 depth=0.013
[36 300/372] semantic=0.189 depth=0.022
[36 325/372] semantic=0.171 depth=0.014
[36 350/372] semantic=0.214 depth=0.012
[36 372/372] semantic=0.240 depth=0.015
Epoch 036: mIoU=68.359 pix=91.492 abs=0.0185 rel=88.5704 delta=69.070 wall_h=9.065
[37 1/372] semantic=0.286 depth=0.014
[37 25/372] semantic=0.249 depth=0.013
[37 50/372] semantic=0.235 depth=0.017
[37 75/372] semantic=0.238 depth=0.017
[37 100/372] semantic=0.242 depth=0.015
[37 125/372] semantic=0.251 depth=0.014
[37 150/372] semantic=0.230 depth=0.014
[37 175/372] semantic=0.206 depth=0.016
[37 200/372] semantic=0.242 depth=0.013
[37 225/372] semantic=0.215 depth=0.016
[37 250/372] semantic=0.246 depth=0.016
[37 275/372] semantic=0.213 depth=0.011
[37 300/372] semantic=0.215 depth=0.015
[37 325/372] semantic=0.202 depth=0.011
[37 350/372] semantic=0.292 depth=0.016
[37 372/372] semantic=0.231 depth=0.012
Epoch 037: mIoU=68.740 pix=91.619 abs=0.0215 rel=75.5866 delta=63.320 wall_h=9.304
[38 1/372] semantic=0.232 depth=0.016
[38 25/372] semantic=0.170 depth=0.015
[38 50/372] semantic=0.252 depth=0.013
[38 75/372] semantic=0.217 depth=0.013
[38 100/372] semantic=0.195 depth=0.015
[38 125/372] semantic=0.235 depth=0.015
[38 150/372] semantic=0.255 depth=0.016
[38 175/372] semantic=0.249 depth=0.011
[38 200/372] semantic=0.278 depth=0.016
[38 225/372] semantic=0.258 depth=0.011
[38 250/372] semantic=0.215 depth=0.013
[38 275/372] semantic=0.205 depth=0.014
[38 300/372] semantic=0.231 depth=0.015
[38 325/372] semantic=0.185 depth=0.013
[38 350/372] semantic=0.207 depth=0.010
[38 372/372] semantic=0.210 depth=0.013
Epoch 038: mIoU=69.172 pix=91.592 abs=0.0226 rel=71.7598 delta=61.851 wall_h=9.557
[39 1/372] semantic=0.227 depth=0.014
[39 25/372] semantic=0.318 depth=0.013
[39 50/372] semantic=0.220 depth=0.013
[39 75/372] semantic=0.251 depth=0.015
[39 100/372] semantic=0.216 depth=0.013
[39 125/372] semantic=0.194 depth=0.013
[39 150/372] semantic=0.229 depth=0.013
[39 175/372] semantic=0.192 depth=0.015
[39 200/372] semantic=0.248 depth=0.015
[39 225/372] semantic=0.234 depth=0.016
[39 250/372] semantic=0.264 depth=0.016
[39 275/372] semantic=0.202 depth=0.015
[39 300/372] semantic=0.212 depth=0.012
[39 325/372] semantic=0.206 depth=0.015
[39 350/372] semantic=0.236 depth=0.017
[39 372/372] semantic=0.217 depth=0.014
Epoch 039: mIoU=69.330 pix=91.843 abs=0.0225 rel=74.0435 delta=63.629 wall_h=9.815
[40 1/372] semantic=0.255 depth=0.017
[40 25/372] semantic=0.193 depth=0.014
[40 50/372] semantic=0.206 depth=0.018
[40 75/372] semantic=0.252 depth=0.020
[40 100/372] semantic=0.216 depth=0.012
[40 125/372] semantic=0.234 depth=0.013
[40 150/372] semantic=0.243 depth=0.017
[40 175/372] semantic=0.155 depth=0.013
[40 200/372] semantic=0.189 depth=0.016
[40 225/372] semantic=0.243 depth=0.016
[40 250/372] semantic=0.168 depth=0.015
[40 275/372] semantic=0.182 depth=0.016
[40 300/372] semantic=0.211 depth=0.011
[40 325/372] semantic=0.249 depth=0.013
[40 350/372] semantic=0.228 depth=0.017
[40 372/372] semantic=0.240 depth=0.013
Epoch 040: mIoU=69.099 pix=91.771 abs=0.0224 rel=82.5920 delta=71.264 wall_h=10.030
[41 1/372] semantic=0.212 depth=0.013
[41 25/372] semantic=0.178 depth=0.011
[41 50/372] semantic=0.190 depth=0.014
[41 75/372] semantic=0.177 depth=0.010
[41 100/372] semantic=0.173 depth=0.012
[41 125/372] semantic=0.168 depth=0.015
[41 150/372] semantic=0.190 depth=0.012
[41 175/372] semantic=0.158 depth=0.015
[41 200/372] semantic=0.242 depth=0.014
[41 225/372] semantic=0.197 depth=0.020
[41 250/372] semantic=0.197 depth=0.014
[41 275/372] semantic=0.170 depth=0.012
[41 300/372] semantic=0.229 depth=0.012
[41 325/372] semantic=0.227 depth=0.015
[41 350/372] semantic=0.208 depth=0.014
[41 372/372] semantic=0.315 depth=0.022
Epoch 041: mIoU=68.524 pix=91.687 abs=0.0182 rel=92.0150 delta=71.443 wall_h=10.263
[42 1/372] semantic=0.197 depth=0.012
[42 25/372] semantic=0.193 depth=0.017
[42 50/372] semantic=0.179 depth=0.011
[42 75/372] semantic=0.178 depth=0.014
[42 100/372] semantic=0.229 depth=0.018
[42 125/372] semantic=0.228 depth=0.016
[42 150/372] semantic=0.176 depth=0.014
[42 175/372] semantic=0.188 depth=0.013
[42 200/372] semantic=0.233 depth=0.013
[42 225/372] semantic=0.200 depth=0.015
[42 250/372] semantic=0.215 depth=0.015
[42 275/372] semantic=0.217 depth=0.012
[42 300/372] semantic=0.237 depth=0.016
[42 325/372] semantic=0.230 depth=0.014
[42 350/372] semantic=0.220 depth=0.018
[42 372/372] semantic=0.201 depth=0.011
Epoch 042: mIoU=68.905 pix=91.737 abs=0.0195 rel=75.2044 delta=58.714 wall_h=10.493
[43 1/372] semantic=0.207 depth=0.009
[43 25/372] semantic=0.266 depth=0.015
[43 50/372] semantic=0.250 depth=0.018
[43 75/372] semantic=0.207 depth=0.015
[43 100/372] semantic=0.215 depth=0.018
[43 125/372] semantic=0.189 depth=0.011
[43 150/372] semantic=0.164 depth=0.015
[43 175/372] semantic=0.228 depth=0.013
[43 200/372] semantic=0.220 depth=0.013
[43 225/372] semantic=0.255 depth=0.012
[43 250/372] semantic=0.228 depth=0.014
[43 275/372] semantic=0.201 depth=0.014
[43 300/372] semantic=0.243 depth=0.013
[43 325/372] semantic=0.195 depth=0.015
[43 350/372] semantic=0.344 depth=0.015
[43 372/372] semantic=0.183 depth=0.014
Epoch 043: mIoU=69.116 pix=91.778 abs=0.0184 rel=76.0723 delta=57.329 wall_h=10.719
[44 1/372] semantic=0.205 depth=0.012
[44 25/372] semantic=0.202 depth=0.019
[44 50/372] semantic=0.197 depth=0.017
[44 75/372] semantic=0.183 depth=0.013
[44 100/372] semantic=0.226 depth=0.013
[44 125/372] semantic=0.233 depth=0.013
[44 150/372] semantic=0.195 depth=0.014
[44 175/372] semantic=0.186 depth=0.012
[44 200/372] semantic=0.195 depth=0.016
[44 225/372] semantic=0.229 depth=0.017
[44 250/372] semantic=0.217 depth=0.014
[44 275/372] semantic=0.175 depth=0.010
[44 300/372] semantic=0.201 depth=0.012
[44 325/372] semantic=0.233 depth=0.012
[44 350/372] semantic=0.286 depth=0.013
[44 372/372] semantic=0.160 depth=0.010
Epoch 044: mIoU=68.826 pix=91.646 abs=0.0197 rel=83.2313 delta=66.510 wall_h=10.950
[45 1/372] semantic=0.240 depth=0.013
[45 25/372] semantic=0.203 depth=0.014
[45 50/372] semantic=0.324 depth=0.014
[45 75/372] semantic=0.187 depth=0.014
[45 100/372] semantic=0.203 depth=0.012
[45 125/372] semantic=0.207 depth=0.016
[45 150/372] semantic=0.176 depth=0.014
[45 175/372] semantic=0.156 depth=0.013
[45 200/372] semantic=0.203 depth=0.013
[45 225/372] semantic=0.221 depth=0.016
[45 250/372] semantic=0.311 depth=0.020
[45 275/372] semantic=0.186 depth=0.010
[45 300/372] semantic=0.180 depth=0.015
[45 325/372] semantic=0.219 depth=0.016
[45 350/372] semantic=0.222 depth=0.012
[45 372/372] semantic=0.159 depth=0.011
Epoch 045: mIoU=69.300 pix=92.054 abs=0.0200 rel=74.7563 delta=59.230 wall_h=11.180
[46 1/372] semantic=0.207 depth=0.012
[46 25/372] semantic=0.197 depth=0.015
[46 50/372] semantic=0.176 depth=0.014
[46 75/372] semantic=0.209 depth=0.012
[46 100/372] semantic=0.218 depth=0.014
[46 125/372] semantic=0.193 depth=0.013
[46 150/372] semantic=0.184 depth=0.015
[46 175/372] semantic=0.189 depth=0.014
[46 200/372] semantic=0.194 depth=0.012
[46 225/372] semantic=0.204 depth=0.010
[46 250/372] semantic=0.217 depth=0.013
[46 275/372] semantic=0.185 depth=0.012
[46 300/372] semantic=0.155 depth=0.010
[46 325/372] semantic=0.201 depth=0.015
[46 350/372] semantic=0.228 depth=0.014
[46 372/372] semantic=0.240 depth=0.014
Epoch 046: mIoU=67.296 pix=91.027 abs=0.0228 rel=70.1521 delta=61.614 wall_h=11.414
[47 1/372] semantic=0.180 depth=0.013
[47 25/372] semantic=0.183 depth=0.012
[47 50/372] semantic=0.234 depth=0.014
[47 75/372] semantic=0.173 depth=0.011
[47 100/372] semantic=0.185 depth=0.012
[47 125/372] semantic=0.183 depth=0.012
[47 150/372] semantic=0.212 depth=0.011
[47 175/372] semantic=0.205 depth=0.012
[47 200/372] semantic=0.205 depth=0.012
[47 225/372] semantic=0.190 depth=0.011
[47 250/372] semantic=0.223 depth=0.012
[47 275/372] semantic=0.198 depth=0.012
[47 300/372] semantic=0.241 depth=0.013
[47 325/372] semantic=0.301 depth=0.013
[47 350/372] semantic=0.212 depth=0.012
[47 372/372] semantic=0.198 depth=0.015
Epoch 047: mIoU=69.686 pix=92.116 abs=0.0180 rel=70.5867 delta=51.348 wall_h=11.648
[48 1/372] semantic=0.228 depth=0.014
[48 25/372] semantic=0.187 depth=0.012
[48 50/372] semantic=0.258 depth=0.015
[48 75/372] semantic=0.166 depth=0.014
[48 100/372] semantic=0.176 depth=0.014
[48 125/372] semantic=0.236 depth=0.015
[48 150/372] semantic=0.155 depth=0.024
[48 175/372] semantic=0.169 depth=0.012
[48 200/372] semantic=0.213 depth=0.012
[48 225/372] semantic=0.151 depth=0.012
[48 250/372] semantic=0.269 depth=0.016
[48 275/372] semantic=0.204 depth=0.015
[48 300/372] semantic=0.142 depth=0.011
[48 325/372] semantic=0.199 depth=0.011
[48 350/372] semantic=0.177 depth=0.015
[48 372/372] semantic=0.229 depth=0.017
Epoch 048: mIoU=69.306 pix=92.151 abs=0.0231 rel=67.5682 delta=58.908 wall_h=11.886
[49 1/372] semantic=0.250 depth=0.018
[49 25/372] semantic=0.192 depth=0.009
[49 50/372] semantic=0.171 depth=0.012
[49 75/372] semantic=0.183 depth=0.012
[49 100/372] semantic=0.178 depth=0.013
[49 125/372] semantic=0.164 depth=0.012
[49 150/372] semantic=0.199 depth=0.013
[49 175/372] semantic=0.183 depth=0.011
[49 200/372] semantic=0.228 depth=0.013
[49 225/372] semantic=0.242 depth=0.016
[49 250/372] semantic=0.211 depth=0.012
[49 275/372] semantic=0.211 depth=0.014
[49 300/372] semantic=0.243 depth=0.012
[49 325/372] semantic=0.193 depth=0.016
[49 350/372] semantic=0.206 depth=0.014
[49 372/372] semantic=0.175 depth=0.011
Epoch 049: mIoU=70.179 pix=92.138 abs=0.0194 rel=73.0657 delta=56.182 wall_h=12.118
[50 1/372] semantic=0.222 depth=0.010
[50 25/372] semantic=0.138 depth=0.015
[50 50/372] semantic=0.159 depth=0.012
[50 75/372] semantic=0.250 depth=0.017
[50 100/372] semantic=0.172 depth=0.011
[50 125/372] semantic=0.224 depth=0.016
[50 150/372] semantic=0.165 depth=0.010
[50 175/372] semantic=0.199 depth=0.016
[50 200/372] semantic=0.195 depth=0.013
[50 225/372] semantic=0.192 depth=0.013
[50 250/372] semantic=0.164 depth=0.017
[50 275/372] semantic=0.184 depth=0.012
[50 300/372] semantic=0.214 depth=0.013
[50 325/372] semantic=0.183 depth=0.010
[50 350/372] semantic=0.182 depth=0.015
[50 372/372] semantic=0.192 depth=0.012
Epoch 050: mIoU=70.342 pix=92.208 abs=0.0194 rel=63.0541 delta=47.105 wall_h=12.350
[51 1/372] semantic=0.237 depth=0.009
[51 25/372] semantic=0.300 depth=0.017
[51 50/372] semantic=0.236 depth=0.020
[51 75/372] semantic=0.240 depth=0.010
[51 100/372] semantic=0.213 depth=0.010
[51 125/372] semantic=0.287 depth=0.017
[51 150/372] semantic=0.166 depth=0.011
[51 175/372] semantic=0.180 depth=0.011
[51 200/372] semantic=0.149 depth=0.015
[51 225/372] semantic=0.253 depth=0.013
[51 250/372] semantic=0.298 depth=0.013
[51 275/372] semantic=0.267 depth=0.013
[51 300/372] semantic=0.195 depth=0.016
[51 325/372] semantic=0.209 depth=0.014
[51 350/372] semantic=0.214 depth=0.012
[51 372/372] semantic=0.213 depth=0.012
Epoch 051: mIoU=70.468 pix=92.158 abs=0.0185 rel=75.2528 delta=56.283 wall_h=12.587
[52 1/372] semantic=0.184 depth=0.008
[52 25/372] semantic=0.227 depth=0.015
[52 50/372] semantic=0.226 depth=0.015
[52 75/372] semantic=0.230 depth=0.016
[52 100/372] semantic=0.141 depth=0.011
[52 125/372] semantic=0.175 depth=0.010
[52 150/372] semantic=0.208 depth=0.011
[52 175/372] semantic=0.183 depth=0.010
[52 200/372] semantic=0.233 depth=0.011
[52 225/372] semantic=0.156 depth=0.016
[52 250/372] semantic=0.217 depth=0.014
[52 275/372] semantic=0.207 depth=0.013
[52 300/372] semantic=0.201 depth=0.010
[52 325/372] semantic=0.175 depth=0.012
[52 350/372] semantic=0.215 depth=0.012
[52 372/372] semantic=0.236 depth=0.011
Epoch 052: mIoU=70.558 pix=92.248 abs=0.0190 rel=77.7742 delta=59.502 wall_h=12.817
[53 1/372] semantic=0.178 depth=0.011
[53 25/372] semantic=0.165 depth=0.016
[53 50/372] semantic=0.222 depth=0.012
[53 75/372] semantic=0.176 depth=0.014
[53 100/372] semantic=0.185 depth=0.011
[53 125/372] semantic=0.184 depth=0.010
[53 150/372] semantic=0.164 depth=0.012
[53 175/372] semantic=0.204 depth=0.013
[53 200/372] semantic=0.171 depth=0.010
[53 225/372] semantic=0.191 depth=0.012
[53 250/372] semantic=0.217 depth=0.013
[53 275/372] semantic=0.258 depth=0.010
[53 300/372] semantic=0.205 depth=0.016
[53 325/372] semantic=0.200 depth=0.012
[53 350/372] semantic=0.215 depth=0.013
[53 372/372] semantic=0.231 depth=0.010
Epoch 053: mIoU=69.994 pix=92.190 abs=0.0188 rel=65.1731 delta=47.800 wall_h=12.989
[54 1/372] semantic=0.262 depth=0.013
[54 25/372] semantic=0.189 depth=0.010
[54 50/372] semantic=0.201 depth=0.013
[54 75/372] semantic=0.196 depth=0.022
[54 100/372] semantic=0.257 depth=0.018
[54 125/372] semantic=0.205 depth=0.016
[54 150/372] semantic=0.194 depth=0.016
[54 175/372] semantic=0.162 depth=0.013
[54 200/372] semantic=0.209 depth=0.016
[54 225/372] semantic=0.252 depth=0.016
[54 250/372] semantic=0.225 depth=0.013
[54 275/372] semantic=0.208 depth=0.016
[54 300/372] semantic=0.198 depth=0.011
[54 325/372] semantic=0.211 depth=0.013
[54 350/372] semantic=0.185 depth=0.012
[54 372/372] semantic=0.187 depth=0.016
Epoch 054: mIoU=69.780 pix=92.143 abs=0.0178 rel=72.4459 delta=52.558 wall_h=13.173
[55 1/372] semantic=0.152 depth=0.011
[55 25/372] semantic=0.203 depth=0.013
[55 50/372] semantic=0.215 depth=0.011
[55 75/372] semantic=0.157 depth=0.011
[55 100/372] semantic=0.160 depth=0.012
[55 125/372] semantic=0.162 depth=0.013
[55 150/372] semantic=0.140 depth=0.016
[55 175/372] semantic=0.195 depth=0.012
[55 200/372] semantic=0.224 depth=0.013
[55 225/372] semantic=0.172 depth=0.019
[55 250/372] semantic=0.191 depth=0.010
[55 275/372] semantic=0.206 depth=0.013
[55 300/372] semantic=0.182 depth=0.011
[55 325/372] semantic=0.180 depth=0.011
[55 350/372] semantic=0.210 depth=0.013
[55 372/372] semantic=0.176 depth=0.016
Epoch 055: mIoU=70.698 pix=92.262 abs=0.0158 rel=84.7534 delta=59.241 wall_h=13.387
[56 1/372] semantic=0.162 depth=0.016
[56 25/372] semantic=0.187 depth=0.013
[56 50/372] semantic=0.188 depth=0.017
[56 75/372] semantic=0.183 depth=0.014
[56 100/372] semantic=0.173 depth=0.014
[56 125/372] semantic=0.217 depth=0.014
[56 150/372] semantic=0.204 depth=0.011
[56 175/372] semantic=0.243 depth=0.013
[56 200/372] semantic=0.237 depth=0.016
[56 225/372] semantic=0.176 depth=0.012
[56 250/372] semantic=0.230 depth=0.012
[56 275/372] semantic=0.177 depth=0.015
[56 300/372] semantic=0.177 depth=0.012
[56 325/372] semantic=0.254 depth=0.012
[56 350/372] semantic=0.204 depth=0.012
[56 372/372] semantic=0.171 depth=0.010
Epoch 056: mIoU=70.874 pix=92.434 abs=0.0179 rel=67.8427 delta=48.095 wall_h=13.603
[57 1/372] semantic=0.230 depth=0.012
[57 25/372] semantic=0.208 depth=0.016
[57 50/372] semantic=0.232 depth=0.011
[57 75/372] semantic=0.221 depth=0.012
[57 100/372] semantic=0.168 depth=0.012
[57 125/372] semantic=0.194 depth=0.015
[57 150/372] semantic=0.169 depth=0.012
[57 175/372] semantic=0.153 depth=0.013
[57 200/372] semantic=0.264 depth=0.016
[57 225/372] semantic=0.205 depth=0.012
[57 250/372] semantic=0.186 depth=0.013
[57 275/372] semantic=0.175 depth=0.011
[57 300/372] semantic=0.236 depth=0.013
[57 325/372] semantic=0.242 depth=0.013
[57 350/372] semantic=0.184 depth=0.011
[57 372/372] semantic=0.231 depth=0.013
Epoch 057: mIoU=71.205 pix=92.488 abs=0.0173 rel=67.5028 delta=46.499 wall_h=13.826
[58 1/372] semantic=0.205 depth=0.012
[58 25/372] semantic=0.150 depth=0.009
[58 50/372] semantic=0.206 depth=0.014
[58 75/372] semantic=0.176 depth=0.016
[58 100/372] semantic=0.214 depth=0.015
[58 125/372] semantic=0.206 depth=0.011
[58 150/372] semantic=0.148 depth=0.012
[58 175/372] semantic=0.223 depth=0.012
[58 200/372] semantic=0.212 depth=0.014
[58 225/372] semantic=0.253 depth=0.010
[58 250/372] semantic=0.232 depth=0.016
[58 275/372] semantic=0.197 depth=0.012
[58 300/372] semantic=0.232 depth=0.014
[58 325/372] semantic=0.194 depth=0.018
[58 350/372] semantic=0.191 depth=0.015
[58 372/372] semantic=0.178 depth=0.010
Epoch 058: mIoU=69.454 pix=91.768 abs=0.0187 rel=66.7077 delta=49.313 wall_h=14.047
[59 1/372] semantic=0.206 depth=0.012
[59 25/372] semantic=0.208 depth=0.011
[59 50/372] semantic=0.173 depth=0.013
[59 75/372] semantic=0.226 depth=0.017
[59 100/372] semantic=0.183 depth=0.011
[59 125/372] semantic=0.225 depth=0.016
[59 150/372] semantic=0.191 depth=0.010
[59 175/372] semantic=0.222 depth=0.014
[59 200/372] semantic=0.161 depth=0.010
[59 225/372] semantic=0.194 depth=0.016
[59 250/372] semantic=0.175 depth=0.012
[59 275/372] semantic=0.162 depth=0.010
[59 300/372] semantic=0.186 depth=0.014
[59 325/372] semantic=0.144 depth=0.012
[59 350/372] semantic=0.282 depth=0.014
[59 372/372] semantic=0.131 depth=0.012
Epoch 059: mIoU=70.307 pix=92.100 abs=0.0159 rel=82.5242 delta=57.679 wall_h=14.262
[60 1/372] semantic=0.181 depth=0.013
[60 25/372] semantic=0.209 depth=0.014
[60 50/372] semantic=0.159 depth=0.013
[60 75/372] semantic=0.215 depth=0.011
[60 100/372] semantic=0.160 depth=0.012
[60 125/372] semantic=0.221 depth=0.013
[60 150/372] semantic=0.155 depth=0.011
[60 175/372] semantic=0.180 depth=0.011
[60 200/372] semantic=0.172 depth=0.018
[60 225/372] semantic=0.165 depth=0.012
[60 250/372] semantic=0.198 depth=0.010
[60 275/372] semantic=0.152 depth=0.014
[60 300/372] semantic=0.185 depth=0.012
[60 325/372] semantic=0.215 depth=0.011
[60 350/372] semantic=0.186 depth=0.013
[60 372/372] semantic=0.159 depth=0.013
Epoch 060: mIoU=71.145 pix=92.257 abs=0.0182 rel=70.6237 delta=51.255 wall_h=14.481
[61 1/372] semantic=0.152 depth=0.011
[61 25/372] semantic=0.234 depth=0.012
[61 50/372] semantic=0.285 depth=0.017
[61 75/372] semantic=0.150 depth=0.012
[61 100/372] semantic=0.161 depth=0.011
[61 125/372] semantic=0.154 depth=0.011
[61 150/372] semantic=0.184 depth=0.011
[61 175/372] semantic=0.170 depth=0.012
[61 200/372] semantic=0.173 depth=0.012
[61 225/372] semantic=0.213 depth=0.011
[61 250/372] semantic=0.155 depth=0.009
[61 275/372] semantic=0.194 depth=0.014
[61 300/372] semantic=0.162 depth=0.011
[61 325/372] semantic=0.208 depth=0.010
[61 350/372] semantic=0.214 depth=0.012
[61 372/372] semantic=0.139 depth=0.012
Epoch 061: mIoU=71.164 pix=92.422 abs=0.0178 rel=65.6998 delta=45.947 wall_h=14.705
[62 1/372] semantic=0.191 depth=0.012
[62 25/372] semantic=0.183 depth=0.013
[62 50/372] semantic=0.234 depth=0.018
[62 75/372] semantic=0.177 depth=0.013
[62 100/372] semantic=0.254 depth=0.014
[62 125/372] semantic=0.240 depth=0.010
[62 150/372] semantic=0.203 depth=0.010
[62 175/372] semantic=0.184 depth=0.011
[62 200/372] semantic=0.201 depth=0.013
[62 225/372] semantic=0.190 depth=0.010
[62 250/372] semantic=0.196 depth=0.012
[62 275/372] semantic=0.157 depth=0.017
[62 300/372] semantic=0.188 depth=0.014
[62 325/372] semantic=0.168 depth=0.009
[62 350/372] semantic=0.176 depth=0.012
[62 372/372] semantic=0.180 depth=0.008
Epoch 062: mIoU=71.191 pix=92.474 abs=0.0174 rel=61.0890 delta=40.993 wall_h=14.937
[63 1/372] semantic=0.228 depth=0.013
[63 25/372] semantic=0.188 depth=0.013
[63 50/372] semantic=0.200 depth=0.010
[63 75/372] semantic=0.186 depth=0.013
[63 100/372] semantic=0.210 depth=0.013
[63 125/372] semantic=0.187 depth=0.014
[63 150/372] semantic=0.170 depth=0.010
[63 175/372] semantic=0.210 depth=0.011
[63 200/372] semantic=0.167 depth=0.018
[63 225/372] semantic=0.168 depth=0.011
[63 250/372] semantic=0.185 depth=0.010
[63 275/372] semantic=0.178 depth=0.012
[63 300/372] semantic=0.161 depth=0.010
[63 325/372] semantic=0.169 depth=0.014
[63 350/372] semantic=0.202 depth=0.011
[63 372/372] semantic=0.178 depth=0.008
Epoch 063: mIoU=71.530 pix=92.560 abs=0.0181 rel=63.8626 delta=44.730 wall_h=15.164
[64 1/372] semantic=0.201 depth=0.010
[64 25/372] semantic=0.200 depth=0.012
[64 50/372] semantic=0.188 depth=0.011
[64 75/372] semantic=0.169 depth=0.011
[64 100/372] semantic=0.153 depth=0.011
[64 125/372] semantic=0.181 depth=0.012
[64 150/372] semantic=0.232 depth=0.011
[64 175/372] semantic=0.182 depth=0.013
[64 200/372] semantic=0.191 depth=0.012
[64 225/372] semantic=0.205 depth=0.016
[64 250/372] semantic=0.246 depth=0.014
[64 275/372] semantic=0.213 depth=0.013
[64 300/372] semantic=0.198 depth=0.011
[64 325/372] semantic=0.191 depth=0.012
[64 350/372] semantic=0.192 depth=0.012
[64 372/372] semantic=0.201 depth=0.014
Epoch 064: mIoU=71.330 pix=92.478 abs=0.0181 rel=64.3672 delta=45.247 wall_h=15.387
[65 1/372] semantic=0.194 depth=0.015
[65 25/372] semantic=0.206 depth=0.015
[65 50/372] semantic=0.175 depth=0.011
[65 75/372] semantic=0.162 depth=0.010
[65 100/372] semantic=0.170 depth=0.013
[65 125/372] semantic=0.177 depth=0.011
[65 150/372] semantic=0.152 depth=0.010
[65 175/372] semantic=0.197 depth=0.013
[65 200/372] semantic=0.183 depth=0.013
[65 225/372] semantic=0.165 depth=0.013
[65 250/372] semantic=0.187 depth=0.012
[65 275/372] semantic=0.176 depth=0.010
[65 300/372] semantic=0.215 depth=0.011
[65 325/372] semantic=0.213 depth=0.012
[65 350/372] semantic=0.207 depth=0.011
[65 372/372] semantic=0.226 depth=0.010
Epoch 065: mIoU=70.571 pix=92.129 abs=0.0184 rel=62.2515 delta=44.232 wall_h=15.586
[66 1/372] semantic=0.251 depth=0.012
[66 25/372] semantic=0.190 depth=0.015
[66 50/372] semantic=0.216 depth=0.011
[66 75/372] semantic=0.184 depth=0.013
[66 100/372] semantic=0.220 depth=0.013
[66 125/372] semantic=0.205 depth=0.014
[66 150/372] semantic=0.198 depth=0.010
[66 175/372] semantic=0.146 depth=0.012
[66 200/372] semantic=0.173 depth=0.011
[66 225/372] semantic=0.170 depth=0.011
[66 250/372] semantic=0.139 depth=0.010
[66 275/372] semantic=0.173 depth=0.013
[66 300/372] semantic=0.200 depth=0.014
[66 325/372] semantic=0.168 depth=0.010
[66 350/372] semantic=0.196 depth=0.015
[66 372/372] semantic=0.204 depth=0.014
Epoch 066: mIoU=70.851 pix=92.576 abs=0.0188 rel=54.2536 delta=37.663 wall_h=15.760
[67 1/372] semantic=0.186 depth=0.013
[67 25/372] semantic=0.176 depth=0.013
[67 50/372] semantic=0.147 depth=0.012
[67 75/372] semantic=0.194 depth=0.014
[67 100/372] semantic=0.210 depth=0.011
[67 125/372] semantic=0.162 depth=0.012
[67 150/372] semantic=0.188 depth=0.012
[67 175/372] semantic=0.197 depth=0.011
[67 200/372] semantic=0.179 depth=0.009
[67 225/372] semantic=0.210 depth=0.011
[67 250/372] semantic=0.156 depth=0.015
[67 275/372] semantic=0.205 depth=0.013
[67 300/372] semantic=0.187 depth=0.015
[67 325/372] semantic=0.185 depth=0.013
[67 350/372] semantic=0.143 depth=0.010
[67 372/372] semantic=0.186 depth=0.013
Epoch 067: mIoU=71.631 pix=92.525 abs=0.0185 rel=56.8983 delta=39.104 wall_h=15.933
[68 1/372] semantic=0.197 depth=0.011
[68 25/372] semantic=0.165 depth=0.012
[68 50/372] semantic=0.197 depth=0.011
[68 75/372] semantic=0.250 depth=0.014
[68 100/372] semantic=0.223 depth=0.013
[68 125/372] semantic=0.156 depth=0.017
[68 150/372] semantic=0.181 depth=0.013
[68 175/372] semantic=0.144 depth=0.011
[68 200/372] semantic=0.203 depth=0.015
[68 225/372] semantic=0.188 depth=0.013
[68 250/372] semantic=0.228 depth=0.010
[68 275/372] semantic=0.172 depth=0.012
[68 300/372] semantic=0.184 depth=0.013
[68 325/372] semantic=0.230 depth=0.011
[68 350/372] semantic=0.190 depth=0.013
[68 372/372] semantic=0.182 depth=0.010
Epoch 068: mIoU=71.745 pix=92.620 abs=0.0196 rel=64.1053 delta=47.844 wall_h=16.106
[69 1/372] semantic=0.148 depth=0.012
[69 25/372] semantic=0.140 depth=0.011
[69 50/372] semantic=0.214 depth=0.014
[69 75/372] semantic=0.218 depth=0.012
[69 100/372] semantic=0.203 depth=0.013
[69 125/372] semantic=0.182 depth=0.014
[69 150/372] semantic=0.177 depth=0.011
[69 175/372] semantic=0.148 depth=0.016
[69 200/372] semantic=0.171 depth=0.014
[69 225/372] semantic=0.187 depth=0.011
[69 250/372] semantic=0.176 depth=0.014
[69 275/372] semantic=0.160 depth=0.012
[69 300/372] semantic=0.173 depth=0.015
[69 325/372] semantic=0.159 depth=0.012
[69 350/372] semantic=0.166 depth=0.015
[69 372/372] semantic=0.183 depth=0.014
Epoch 069: mIoU=70.559 pix=92.130 abs=0.0165 rel=60.2257 delta=38.742 wall_h=16.281
[70 1/372] semantic=0.144 depth=0.013
[70 25/372] semantic=0.200 depth=0.012
[70 50/372] semantic=0.169 depth=0.010
[70 75/372] semantic=0.193 depth=0.011
[70 100/372] semantic=0.156 depth=0.012
[70 125/372] semantic=0.232 depth=0.013
[70 150/372] semantic=0.191 depth=0.015
[70 175/372] semantic=0.167 depth=0.011
[70 200/372] semantic=0.162 depth=0.010
[70 225/372] semantic=0.180 depth=0.015
[70 250/372] semantic=0.153 depth=0.015
[70 275/372] semantic=0.186 depth=0.009
[70 300/372] semantic=0.183 depth=0.012
[70 325/372] semantic=0.188 depth=0.010
[70 350/372] semantic=0.186 depth=0.016
[70 372/372] semantic=0.233 depth=0.015
Epoch 070: mIoU=71.438 pix=92.661 abs=0.0198 rel=55.6191 delta=40.627 wall_h=16.469
[71 1/372] semantic=0.155 depth=0.015
[71 25/372] semantic=0.184 depth=0.008
[71 50/372] semantic=0.156 depth=0.016
[71 75/372] semantic=0.128 depth=0.010
[71 100/372] semantic=0.138 depth=0.013
[71 125/372] semantic=0.221 depth=0.014
[71 150/372] semantic=0.188 depth=0.012
[71 175/372] semantic=0.162 depth=0.018
[71 200/372] semantic=0.239 depth=0.013
[71 225/372] semantic=0.210 depth=0.013
[71 250/372] semantic=0.150 depth=0.010
[71 275/372] semantic=0.204 depth=0.012
[71 300/372] semantic=0.174 depth=0.011
[71 325/372] semantic=0.166 depth=0.010
[71 350/372] semantic=0.159 depth=0.010
[71 372/372] semantic=0.165 depth=0.013
Epoch 071: mIoU=71.825 pix=92.689 abs=0.0168 rel=66.4693 delta=44.227 wall_h=16.649
[72 1/372] semantic=0.206 depth=0.012
[72 25/372] semantic=0.175 depth=0.017
[72 50/372] semantic=0.156 depth=0.011
[72 75/372] semantic=0.170 depth=0.015
[72 100/372] semantic=0.168 depth=0.013
[72 125/372] semantic=0.209 depth=0.012
[72 150/372] semantic=0.178 depth=0.014
[72 175/372] semantic=0.194 depth=0.009
[72 200/372] semantic=0.152 depth=0.009
[72 225/372] semantic=0.133 depth=0.010
[72 250/372] semantic=0.168 depth=0.011
[72 275/372] semantic=0.174 depth=0.010
[72 300/372] semantic=0.158 depth=0.013
[72 325/372] semantic=0.184 depth=0.011
[72 350/372] semantic=0.174 depth=0.013
[72 372/372] semantic=0.148 depth=0.010
Epoch 072: mIoU=72.288 pix=92.823 abs=0.0186 rel=55.9029 delta=38.253 wall_h=16.830
[73 1/372] semantic=0.173 depth=0.011
[73 25/372] semantic=0.171 depth=0.011
[73 50/372] semantic=0.170 depth=0.012
[73 75/372] semantic=0.143 depth=0.012
[73 100/372] semantic=0.202 depth=0.010
[73 125/372] semantic=0.179 depth=0.011
[73 150/372] semantic=0.202 depth=0.011
[73 175/372] semantic=0.196 depth=0.010
[73 200/372] semantic=0.159 depth=0.012
[73 225/372] semantic=0.169 depth=0.012
[73 250/372] semantic=0.179 depth=0.009
[73 275/372] semantic=0.144 depth=0.013
[73 300/372] semantic=0.171 depth=0.010
[73 325/372] semantic=0.171 depth=0.011
[73 350/372] semantic=0.189 depth=0.012
[73 372/372] semantic=0.165 depth=0.011
Epoch 073: mIoU=71.293 pix=92.322 abs=0.0213 rel=47.5497 delta=36.569 wall_h=17.014
[74 1/372] semantic=0.166 depth=0.012
[74 25/372] semantic=0.151 depth=0.013
[74 50/372] semantic=0.174 depth=0.011
[74 75/372] semantic=0.218 depth=0.017
[74 100/372] semantic=0.138 depth=0.010
[74 125/372] semantic=0.243 depth=0.012
[74 150/372] semantic=0.147 depth=0.012
[74 175/372] semantic=0.204 depth=0.011
[74 200/372] semantic=0.197 depth=0.011
[74 225/372] semantic=0.179 depth=0.009
[74 250/372] semantic=0.158 depth=0.011
[74 275/372] semantic=0.169 depth=0.012
[74 300/372] semantic=0.185 depth=0.015
[74 325/372] semantic=0.168 depth=0.012
[74 350/372] semantic=0.171 depth=0.013
[74 372/372] semantic=0.261 depth=0.013
Epoch 074: mIoU=71.721 pix=92.719 abs=0.0163 rel=59.9335 delta=37.534 wall_h=17.196
[75 1/372] semantic=0.119 depth=0.009
[75 25/372] semantic=0.144 depth=0.011
[75 50/372] semantic=0.146 depth=0.009
[75 75/372] semantic=0.200 depth=0.011
[75 100/372] semantic=0.164 depth=0.011
[75 125/372] semantic=0.158 depth=0.011
[75 150/372] semantic=0.128 depth=0.013
[75 175/372] semantic=0.162 depth=0.009
[75 200/372] semantic=0.160 depth=0.011
[75 225/372] semantic=0.164 depth=0.012
[75 250/372] semantic=0.154 depth=0.011
[75 275/372] semantic=0.164 depth=0.012
[75 300/372] semantic=0.249 depth=0.016
[75 325/372] semantic=0.194 depth=0.012
[75 350/372] semantic=0.174 depth=0.016
[75 372/372] semantic=0.145 depth=0.012
Epoch 075: mIoU=72.226 pix=92.651 abs=0.0169 rel=62.8626 delta=41.227 wall_h=17.384
[76 1/372] semantic=0.184 depth=0.011
[76 25/372] semantic=0.187 depth=0.011
[76 50/372] semantic=0.148 depth=0.010
[76 75/372] semantic=0.226 depth=0.012
[76 100/372] semantic=0.157 depth=0.011
[76 125/372] semantic=0.153 depth=0.011
[76 150/372] semantic=0.166 depth=0.012
[76 175/372] semantic=0.197 depth=0.012
[76 200/372] semantic=0.194 depth=0.011
[76 225/372] semantic=0.221 depth=0.013
[76 250/372] semantic=0.235 depth=0.015
[76 275/372] semantic=0.155 depth=0.011
[76 300/372] semantic=0.176 depth=0.015
[76 325/372] semantic=0.190 depth=0.012
[76 350/372] semantic=0.194 depth=0.012
[76 372/372] semantic=0.182 depth=0.009
Epoch 076: mIoU=71.642 pix=92.650 abs=0.0168 rel=63.2106 delta=41.405 wall_h=17.571
[77 1/372] semantic=0.195 depth=0.011
[77 25/372] semantic=0.182 depth=0.010
[77 50/372] semantic=0.157 depth=0.012
[77 75/372] semantic=0.175 depth=0.011
[77 100/372] semantic=0.219 depth=0.011
[77 125/372] semantic=0.151 depth=0.010
[77 150/372] semantic=0.215 depth=0.016
[77 175/372] semantic=0.212 depth=0.015
[77 200/372] semantic=0.189 depth=0.014
[77 225/372] semantic=0.176 depth=0.011
[77 250/372] semantic=0.177 depth=0.010
[77 275/372] semantic=0.175 depth=0.012
[77 300/372] semantic=0.177 depth=0.009
[77 325/372] semantic=0.198 depth=0.014
[77 350/372] semantic=0.160 depth=0.010
[77 372/372] semantic=0.169 depth=0.013
Epoch 077: mIoU=72.189 pix=92.682 abs=0.0171 rel=57.2876 delta=36.482 wall_h=17.747
[78 1/372] semantic=0.200 depth=0.011
[78 25/372] semantic=0.264 depth=0.010
[78 50/372] semantic=0.138 depth=0.012
[78 75/372] semantic=0.179 depth=0.011
[78 100/372] semantic=0.187 depth=0.011
[78 125/372] semantic=0.137 depth=0.011
[78 150/372] semantic=0.182 depth=0.013
[78 175/372] semantic=0.151 depth=0.012
[78 200/372] semantic=0.237 depth=0.011
[78 225/372] semantic=0.143 depth=0.010
[78 250/372] semantic=0.127 depth=0.012
[78 275/372] semantic=0.174 depth=0.012
[78 300/372] semantic=0.148 depth=0.011
[78 325/372] semantic=0.210 depth=0.010
[78 350/372] semantic=0.203 depth=0.014
[78 372/372] semantic=0.154 depth=0.011
Epoch 078: mIoU=72.889 pix=92.868 abs=0.0155 rel=62.4793 delta=37.777 wall_h=17.928
[79 1/372] semantic=0.162 depth=0.016
[79 25/372] semantic=0.193 depth=0.013
[79 50/372] semantic=0.149 depth=0.012
[79 75/372] semantic=0.154 depth=0.011
[79 100/372] semantic=0.151 depth=0.013
[79 125/372] semantic=0.160 depth=0.010
[79 150/372] semantic=0.189 depth=0.010
[79 175/372] semantic=0.188 depth=0.013
[79 200/372] semantic=0.197 depth=0.011
[79 225/372] semantic=0.174 depth=0.012
[79 250/372] semantic=0.201 depth=0.012
[79 275/372] semantic=0.180 depth=0.011
[79 300/372] semantic=0.157 depth=0.010
[79 325/372] semantic=0.163 depth=0.009
[79 350/372] semantic=0.175 depth=0.013
[79 372/372] semantic=0.122 depth=0.011
Epoch 079: mIoU=71.840 pix=92.752 abs=0.0196 rel=54.2887 delta=38.868 wall_h=18.106
[80 1/372] semantic=0.203 depth=0.016
[80 25/372] semantic=0.161 depth=0.010
[80 50/372] semantic=0.143 depth=0.010
[80 75/372] semantic=0.131 depth=0.012
[80 100/372] semantic=0.167 depth=0.014
[80 125/372] semantic=0.138 depth=0.013
[80 150/372] semantic=0.143 depth=0.014
[80 175/372] semantic=0.164 depth=0.011
[80 200/372] semantic=0.125 depth=0.010
[80 225/372] semantic=0.154 depth=0.012
[80 250/372] semantic=0.156 depth=0.011
[80 275/372] semantic=0.138 depth=0.013
[80 300/372] semantic=0.146 depth=0.012
[80 325/372] semantic=0.185 depth=0.011
[80 350/372] semantic=0.152 depth=0.011
[80 372/372] semantic=0.168 depth=0.012
Epoch 080: mIoU=71.507 pix=92.716 abs=0.0168 rel=63.2487 delta=41.439 wall_h=18.281
[81 1/372] semantic=0.173 depth=0.012
[81 25/372] semantic=0.187 depth=0.010
[81 50/372] semantic=0.159 depth=0.010
[81 75/372] semantic=0.179 depth=0.011
[81 100/372] semantic=0.139 depth=0.014
[81 125/372] semantic=0.165 depth=0.012
[81 150/372] semantic=0.196 depth=0.008
[81 175/372] semantic=0.175 depth=0.011
[81 200/372] semantic=0.221 depth=0.014
[81 225/372] semantic=0.155 depth=0.011
[81 250/372] semantic=0.164 depth=0.009
[81 275/372] semantic=0.182 depth=0.015
[81 300/372] semantic=0.191 depth=0.014
[81 325/372] semantic=0.196 depth=0.013
[81 350/372] semantic=0.165 depth=0.012
[81 372/372] semantic=0.193 depth=0.010
Epoch 081: mIoU=72.198 pix=92.769 abs=0.0164 rel=52.9073 delta=31.207 wall_h=18.451
[82 1/372] semantic=0.176 depth=0.018
[82 25/372] semantic=0.155 depth=0.013
[82 50/372] semantic=0.171 depth=0.010
[82 75/372] semantic=0.152 depth=0.011
[82 100/372] semantic=0.185 depth=0.012
[82 125/372] semantic=0.190 depth=0.011
[82 150/372] semantic=0.184 depth=0.011
[82 175/372] semantic=0.169 depth=0.009
[82 200/372] semantic=0.139 depth=0.011
[82 225/372] semantic=0.168 depth=0.015
[82 250/372] semantic=0.180 depth=0.012
[82 275/372] semantic=0.226 depth=0.011
[82 300/372] semantic=0.245 depth=0.011
[82 325/372] semantic=0.195 depth=0.010
[82 350/372] semantic=0.154 depth=0.010
[82 372/372] semantic=0.201 depth=0.013
Epoch 082: mIoU=73.340 pix=93.052 abs=0.0190 rel=47.7580 delta=31.205 wall_h=18.625
[83 1/372] semantic=0.162 depth=0.010
[83 25/372] semantic=0.191 depth=0.011
[83 50/372] semantic=0.169 depth=0.013
[83 75/372] semantic=0.203 depth=0.013
[83 100/372] semantic=0.196 depth=0.009
[83 125/372] semantic=0.171 depth=0.012
[83 150/372] semantic=0.166 depth=0.012
[83 175/372] semantic=0.176 depth=0.010
[83 200/372] semantic=0.169 depth=0.011
[83 225/372] semantic=0.125 depth=0.010
[83 250/372] semantic=0.159 depth=0.012
[83 275/372] semantic=0.214 depth=0.011
[83 300/372] semantic=0.189 depth=0.011
[83 325/372] semantic=0.157 depth=0.010
[83 350/372] semantic=0.168 depth=0.014
[83 372/372] semantic=0.148 depth=0.011
Epoch 083: mIoU=72.981 pix=92.931 abs=0.0189 rel=51.6614 delta=34.712 wall_h=18.797
[84 1/372] semantic=0.174 depth=0.011
[84 25/372] semantic=0.176 depth=0.010
[84 50/372] semantic=0.173 depth=0.010
[84 75/372] semantic=0.174 depth=0.012
[84 100/372] semantic=0.162 depth=0.010
[84 125/372] semantic=0.205 depth=0.013
[84 150/372] semantic=0.177 depth=0.009
[84 175/372] semantic=0.158 depth=0.014
[84 200/372] semantic=0.147 depth=0.009
[84 225/372] semantic=0.167 depth=0.010
[84 250/372] semantic=0.148 depth=0.010
[84 275/372] semantic=0.173 depth=0.014
[84 300/372] semantic=0.148 depth=0.009
[84 325/372] semantic=0.150 depth=0.010
[84 350/372] semantic=0.155 depth=0.013
[84 372/372] semantic=0.185 depth=0.012
Epoch 084: mIoU=71.891 pix=92.404 abs=0.0179 rel=59.5995 delta=40.369 wall_h=18.971
[85 1/372] semantic=0.145 depth=0.011
[85 25/372] semantic=0.186 depth=0.012
[85 50/372] semantic=0.172 depth=0.010
[85 75/372] semantic=0.225 depth=0.013
[85 100/372] semantic=0.155 depth=0.011
[85 125/372] semantic=0.144 depth=0.011
[85 150/372] semantic=0.194 depth=0.013
[85 175/372] semantic=0.199 depth=0.017
[85 200/372] semantic=0.183 depth=0.009
[85 225/372] semantic=0.168 depth=0.012
[85 250/372] semantic=0.163 depth=0.010
[85 275/372] semantic=0.172 depth=0.012
[85 300/372] semantic=0.166 depth=0.011
[85 325/372] semantic=0.239 depth=0.017
[85 350/372] semantic=0.177 depth=0.011
[85 372/372] semantic=0.191 depth=0.012
Epoch 085: mIoU=72.901 pix=93.012 abs=0.0160 rel=56.8226 delta=33.517 wall_h=19.145
[86 1/372] semantic=0.209 depth=0.013
[86 25/372] semantic=0.168 depth=0.012
[86 50/372] semantic=0.136 depth=0.011
[86 75/372] semantic=0.118 depth=0.011
[86 100/372] semantic=0.169 depth=0.012
[86 125/372] semantic=0.175 depth=0.012
[86 150/372] semantic=0.167 depth=0.011
[86 175/372] semantic=0.204 depth=0.010
[86 200/372] semantic=0.154 depth=0.011
[86 225/372] semantic=0.147 depth=0.011
[86 250/372] semantic=0.201 depth=0.011
[86 275/372] semantic=0.172 depth=0.011
[86 300/372] semantic=0.156 depth=0.009
[86 325/372] semantic=0.143 depth=0.010
[86 350/372] semantic=0.194 depth=0.012
[86 372/372] semantic=0.175 depth=0.009
Epoch 086: mIoU=73.204 pix=93.048 abs=0.0186 rel=50.1222 delta=32.580 wall_h=19.315
[87 1/372] semantic=0.195 depth=0.009
[87 25/372] semantic=0.221 depth=0.010
[87 50/372] semantic=0.165 depth=0.017
[87 75/372] semantic=0.199 depth=0.012
[87 100/372] semantic=0.172 depth=0.012
[87 125/372] semantic=0.151 depth=0.011
[87 150/372] semantic=0.167 depth=0.011
[87 175/372] semantic=0.135 depth=0.011
[87 200/372] semantic=0.180 depth=0.010
[87 225/372] semantic=0.129 depth=0.009
[87 250/372] semantic=0.144 depth=0.009
[87 275/372] semantic=0.149 depth=0.015
[87 300/372] semantic=0.137 depth=0.015
[87 325/372] semantic=0.159 depth=0.010
[87 350/372] semantic=0.163 depth=0.017
[87 372/372] semantic=0.174 depth=0.008
Epoch 087: mIoU=72.931 pix=93.031 abs=0.0168 rel=58.8707 delta=37.095 wall_h=19.489
[88 1/372] semantic=0.154 depth=0.011
[88 25/372] semantic=0.183 depth=0.011
[88 50/372] semantic=0.208 depth=0.011
[88 75/372] semantic=0.180 depth=0.013
[88 100/372] semantic=0.140 depth=0.009
[88 125/372] semantic=0.153 depth=0.010
[88 150/372] semantic=0.168 depth=0.013
[88 175/372] semantic=0.153 depth=0.010
[88 200/372] semantic=0.165 depth=0.010
[88 225/372] semantic=0.154 depth=0.011
[88 250/372] semantic=0.167 depth=0.013
[88 275/372] semantic=0.140 depth=0.010
[88 300/372] semantic=0.210 depth=0.013
[88 325/372] semantic=0.187 depth=0.008
[88 350/372] semantic=0.167 depth=0.012
[88 372/372] semantic=0.169 depth=0.014
Epoch 088: mIoU=72.181 pix=92.926 abs=0.0194 rel=46.8894 delta=31.642 wall_h=19.670
[89 1/372] semantic=0.158 depth=0.010
[89 25/372] semantic=0.171 depth=0.010
[89 50/372] semantic=0.134 depth=0.010
[89 75/372] semantic=0.180 depth=0.011
[89 100/372] semantic=0.132 depth=0.010
[89 125/372] semantic=0.160 depth=0.011
[89 150/372] semantic=0.185 depth=0.011
[89 175/372] semantic=0.183 depth=0.010
[89 200/372] semantic=0.201 depth=0.014
[89 225/372] semantic=0.120 depth=0.014
[89 250/372] semantic=0.162 depth=0.013
[89 275/372] semantic=0.154 depth=0.011
[89 300/372] semantic=0.138 depth=0.009
[89 325/372] semantic=0.184 depth=0.010
[89 350/372] semantic=0.169 depth=0.010
[89 372/372] semantic=0.170 depth=0.010
Epoch 089: mIoU=73.026 pix=92.977 abs=0.0195 rel=49.0330 delta=33.565 wall_h=19.847
[90 1/372] semantic=0.134 depth=0.011
[90 25/372] semantic=0.154 depth=0.014
[90 50/372] semantic=0.216 depth=0.010
[90 75/372] semantic=0.145 depth=0.010
[90 100/372] semantic=0.138 depth=0.010
[90 125/372] semantic=0.190 depth=0.010
[90 150/372] semantic=0.195 depth=0.012
[90 175/372] semantic=0.179 depth=0.010
[90 200/372] semantic=0.188 depth=0.011
[90 225/372] semantic=0.225 depth=0.010
[90 250/372] semantic=0.219 depth=0.015
[90 275/372] semantic=0.160 depth=0.009
[90 300/372] semantic=0.191 depth=0.009
[90 325/372] semantic=0.156 depth=0.010
[90 350/372] semantic=0.155 depth=0.013
[90 372/372] semantic=0.162 depth=0.014
Epoch 090: mIoU=72.094 pix=92.635 abs=0.0161 rel=51.2640 delta=29.201 wall_h=20.024
[91 1/372] semantic=0.175 depth=0.010
[91 25/372] semantic=0.150 depth=0.011
[91 50/372] semantic=0.192 depth=0.010
[91 75/372] semantic=0.165 depth=0.013
[91 100/372] semantic=0.186 depth=0.014
[91 125/372] semantic=0.134 depth=0.012
[91 150/372] semantic=0.184 depth=0.014
[91 175/372] semantic=0.167 depth=0.010
[91 200/372] semantic=0.171 depth=0.012
[91 225/372] semantic=0.150 depth=0.008
[91 250/372] semantic=0.159 depth=0.013
[91 275/372] semantic=0.215 depth=0.011
[91 300/372] semantic=0.163 depth=0.009
[91 325/372] semantic=0.148 depth=0.012
[91 350/372] semantic=0.181 depth=0.011
[91 372/372] semantic=0.202 depth=0.011
Epoch 091: mIoU=72.975 pix=92.959 abs=0.0154 rel=54.6710 delta=30.402 wall_h=20.205
[92 1/372] semantic=0.208 depth=0.012
[92 25/372] semantic=0.203 depth=0.011
[92 50/372] semantic=0.156 depth=0.013
[92 75/372] semantic=0.179 depth=0.014
[92 100/372] semantic=0.191 depth=0.013
[92 125/372] semantic=0.229 depth=0.014
[92 150/372] semantic=0.162 depth=0.014
[92 175/372] semantic=0.152 depth=0.009
[92 200/372] semantic=0.143 depth=0.011
[92 225/372] semantic=0.141 depth=0.012
[92 250/372] semantic=0.160 depth=0.008
[92 275/372] semantic=0.188 depth=0.010
[92 300/372] semantic=0.175 depth=0.013
[92 325/372] semantic=0.177 depth=0.012
[92 350/372] semantic=0.172 depth=0.019
[92 372/372] semantic=0.164 depth=0.013
Epoch 092: mIoU=73.199 pix=93.093 abs=0.0195 rel=52.5114 delta=36.487 wall_h=20.386
[93 1/372] semantic=0.126 depth=0.009
[93 25/372] semantic=0.171 depth=0.013
[93 50/372] semantic=0.197 depth=0.010
[93 75/372] semantic=0.218 depth=0.011
[93 100/372] semantic=0.209 depth=0.013
[93 125/372] semantic=0.141 depth=0.009
[93 150/372] semantic=0.154 depth=0.010
[93 175/372] semantic=0.140 depth=0.009
[93 200/372] semantic=0.205 depth=0.011
[93 225/372] semantic=0.151 depth=0.011
[93 250/372] semantic=0.158 depth=0.010
[93 275/372] semantic=0.167 depth=0.010
[93 300/372] semantic=0.173 depth=0.013
[93 325/372] semantic=0.191 depth=0.012
[93 350/372] semantic=0.135 depth=0.009
[93 372/372] semantic=0.143 depth=0.010
Epoch 093: mIoU=73.557 pix=93.155 abs=0.0191 rel=46.4286 delta=30.148 wall_h=20.562
[94 1/372] semantic=0.154 depth=0.012
[94 25/372] semantic=0.174 depth=0.012
[94 50/372] semantic=0.202 depth=0.012
[94 75/372] semantic=0.162 depth=0.009
[94 100/372] semantic=0.159 depth=0.012
[94 125/372] semantic=0.145 depth=0.011
[94 150/372] semantic=0.176 depth=0.010
[94 175/372] semantic=0.159 depth=0.013
[94 200/372] semantic=0.155 depth=0.011
[94 225/372] semantic=0.190 depth=0.012
[94 250/372] semantic=0.191 depth=0.009
[94 275/372] semantic=0.174 depth=0.012
[94 300/372] semantic=0.162 depth=0.011
[94 325/372] semantic=0.191 depth=0.013
[94 350/372] semantic=0.170 depth=0.014
[94 372/372] semantic=0.104 depth=0.012
Epoch 094: mIoU=72.588 pix=92.927 abs=0.0168 rel=50.7897 delta=29.865 wall_h=20.737
[95 1/372] semantic=0.161 depth=0.009
[95 25/372] semantic=0.129 depth=0.012
[95 50/372] semantic=0.141 depth=0.009
[95 75/372] semantic=0.158 depth=0.012
[95 100/372] semantic=0.147 depth=0.011
[95 125/372] semantic=0.153 depth=0.008
[95 150/372] semantic=0.166 depth=0.009
[95 175/372] semantic=0.180 depth=0.013
[95 200/372] semantic=0.195 depth=0.010
[95 225/372] semantic=0.200 depth=0.012
[95 250/372] semantic=0.132 depth=0.011
[95 275/372] semantic=0.152 depth=0.008
[95 300/372] semantic=0.142 depth=0.013
[95 325/372] semantic=0.139 depth=0.009
[95 350/372] semantic=0.164 depth=0.011
[95 372/372] semantic=0.204 depth=0.015
Epoch 095: mIoU=72.817 pix=92.994 abs=0.0170 rel=52.5342 delta=31.798 wall_h=20.912
[96 1/372] semantic=0.139 depth=0.013
[96 25/372] semantic=0.167 depth=0.012
[96 50/372] semantic=0.175 depth=0.009
[96 75/372] semantic=0.130 depth=0.010
[96 100/372] semantic=0.133 depth=0.014
[96 125/372] semantic=0.192 depth=0.013
[96 150/372] semantic=0.187 depth=0.010
[96 175/372] semantic=0.130 depth=0.011
[96 200/372] semantic=0.124 depth=0.009
[96 225/372] semantic=0.186 depth=0.009
[96 250/372] semantic=0.187 depth=0.011
[96 275/372] semantic=0.163 depth=0.009
[96 300/372] semantic=0.129 depth=0.013
[96 325/372] semantic=0.195 depth=0.013
[96 350/372] semantic=0.181 depth=0.012
[96 372/372] semantic=0.147 depth=0.013
Epoch 096: mIoU=72.693 pix=92.923 abs=0.0170 rel=57.9577 delta=36.717 wall_h=21.084
[97 1/372] semantic=0.151 depth=0.012
[97 25/372] semantic=0.124 depth=0.012
[97 50/372] semantic=0.164 depth=0.012
[97 75/372] semantic=0.129 depth=0.009
[97 100/372] semantic=0.126 depth=0.010
[97 125/372] semantic=0.271 depth=0.016
[97 150/372] semantic=0.158 depth=0.009
[97 175/372] semantic=0.187 depth=0.012
[97 200/372] semantic=0.161 depth=0.010
[97 225/372] semantic=0.164 depth=0.013
[97 250/372] semantic=0.170 depth=0.013
[97 275/372] semantic=0.154 depth=0.011
[97 300/372] semantic=0.162 depth=0.013
[97 325/372] semantic=0.192 depth=0.012
[97 350/372] semantic=0.149 depth=0.012
[97 372/372] semantic=0.167 depth=0.011
Epoch 097: mIoU=73.156 pix=93.042 abs=0.0165 rel=50.4222 delta=28.802 wall_h=21.259
[98 1/372] semantic=0.164 depth=0.011
[98 25/372] semantic=0.133 depth=0.010
[98 50/372] semantic=0.132 depth=0.009
[98 75/372] semantic=0.169 depth=0.009
[98 100/372] semantic=0.142 depth=0.010
[98 125/372] semantic=0.147 depth=0.009
[98 150/372] semantic=0.155 depth=0.008
[98 175/372] semantic=0.157 depth=0.011
[98 200/372] semantic=0.156 depth=0.012
[98 225/372] semantic=0.182 depth=0.012
[98 250/372] semantic=0.141 depth=0.011
[98 275/372] semantic=0.222 depth=0.010
[98 300/372] semantic=0.164 depth=0.012
[98 325/372] semantic=0.165 depth=0.015
[98 350/372] semantic=0.178 depth=0.008
[98 372/372] semantic=0.164 depth=0.010
Epoch 098: mIoU=73.303 pix=93.098 abs=0.0176 rel=52.6010 delta=32.723 wall_h=21.665
[99 1/372] semantic=0.161 depth=0.010
[99 25/372] semantic=0.142 depth=0.010
[99 50/372] semantic=0.158 depth=0.010
[99 75/372] semantic=0.166 depth=0.011
[99 100/372] semantic=0.193 depth=0.011
[99 125/372] semantic=0.154 depth=0.010
[99 150/372] semantic=0.191 depth=0.011
[99 175/372] semantic=0.122 depth=0.008
[99 200/372] semantic=0.170 depth=0.009
[99 225/372] semantic=0.151 depth=0.009
[99 250/372] semantic=0.152 depth=0.009
[99 275/372] semantic=0.147 depth=0.012
[99 300/372] semantic=0.132 depth=0.010
[99 325/372] semantic=0.206 depth=0.012
[99 350/372] semantic=0.184 depth=0.009
[99 372/372] semantic=0.129 depth=0.013
Epoch 099: mIoU=73.182 pix=93.042 abs=0.0156 rel=53.0177 delta=29.245 wall_h=22.109
[100 1/372] semantic=0.143 depth=0.010
[100 25/372] semantic=0.160 depth=0.011
[100 50/372] semantic=0.184 depth=0.009
[100 75/372] semantic=0.148 depth=0.012
[100 100/372] semantic=0.156 depth=0.009
[100 125/372] semantic=0.140 depth=0.013
[100 150/372] semantic=0.135 depth=0.013
[100 175/372] semantic=0.150 depth=0.010
[100 200/372] semantic=0.151 depth=0.010
[100 225/372] semantic=0.152 depth=0.009
[100 250/372] semantic=0.145 depth=0.009
[100 275/372] semantic=0.173 depth=0.014
[100 300/372] semantic=0.143 depth=0.012
[100 325/372] semantic=0.170 depth=0.009
[100 350/372] semantic=0.177 depth=0.009
[100 372/372] semantic=0.148 depth=0.009
Epoch 100: mIoU=72.730 pix=93.038 abs=0.0192 rel=56.2625 delta=39.542 wall_h=22.484
[101 1/372] semantic=0.166 depth=0.010
[101 25/372] semantic=0.117 depth=0.010
[101 50/372] semantic=0.162 depth=0.010
[101 75/372] semantic=0.155 depth=0.008
[101 100/372] semantic=0.177 depth=0.013
[101 125/372] semantic=0.182 depth=0.011
[101 150/372] semantic=0.167 depth=0.009
[101 175/372] semantic=0.166 depth=0.011
[101 200/372] semantic=0.153 depth=0.012
[101 225/372] semantic=0.153 depth=0.010
[101 250/372] semantic=0.120 depth=0.010
RUN dataset=cityscapes method=modo seed=42 lr=0.0001 batch=8 epochs=200 model=mtan
RESULT /mloscratch/homes/mirrokni/LMO-MOO/results/cityscapes/modo_sd42.stats
CHECKPOINT /mloscratch/homes/mirrokni/LMO-MOO/results/checkpoints/cityscapes/modo_sd42.pt
OPTIMIZER Adam lr=0.0001
RESUME epoch=101 phase=train next_batch=264/372
[101 275/372] semantic=0.141 depth=0.010
[101 300/372] semantic=0.138 depth=0.010
[101 325/372] semantic=0.160 depth=0.012
[101 350/372] semantic=0.165 depth=0.010
[101 372/372] semantic=0.177 depth=0.008
Epoch 101: mIoU=73.673 pix=93.246 abs=0.0163 rel=51.0930 delta=28.700 wall_h=22.764
[102 1/372] semantic=0.151 depth=0.011
[102 25/372] semantic=0.148 depth=0.009
[102 50/372] semantic=0.164 depth=0.009
[102 75/372] semantic=0.150 depth=0.011
[102 100/372] semantic=0.138 depth=0.012
[102 125/372] semantic=0.127 depth=0.010
[102 150/372] semantic=0.158 depth=0.010
[102 175/372] semantic=0.193 depth=0.011
[102 200/372] semantic=0.165 depth=0.009
[102 225/372] semantic=0.132 depth=0.010
[102 250/372] semantic=0.198 depth=0.009
[102 275/372] semantic=0.128 depth=0.009
[102 300/372] semantic=0.185 depth=0.011
[102 325/372] semantic=0.112 depth=0.012
[102 350/372] semantic=0.168 depth=0.010
[102 372/372] semantic=0.143 depth=0.014
Epoch 102: mIoU=73.688 pix=93.236 abs=0.0168 rel=45.0021 delta=24.270 wall_h=22.955
[103 1/372] semantic=0.191 depth=0.014
[103 25/372] semantic=0.132 depth=0.011
[103 50/372] semantic=0.156 depth=0.009
[103 75/372] semantic=0.134 depth=0.009
[103 100/372] semantic=0.145 depth=0.010
[103 125/372] semantic=0.168 depth=0.014
[103 150/372] semantic=0.143 depth=0.010
[103 175/372] semantic=0.194 depth=0.010
[103 200/372] semantic=0.154 depth=0.012
[103 225/372] semantic=0.167 depth=0.009
[103 250/372] semantic=0.140 depth=0.009
[103 275/372] semantic=0.136 depth=0.008
[103 300/372] semantic=0.189 depth=0.012
[103 325/372] semantic=0.201 depth=0.010
[103 350/372] semantic=0.149 depth=0.009
[103 372/372] semantic=0.124 depth=0.009
Epoch 103: mIoU=73.513 pix=93.284 abs=0.0164 rel=48.9216 delta=26.986 wall_h=23.143
[104 1/372] semantic=0.173 depth=0.011
[104 25/372] semantic=0.170 depth=0.011
[104 50/372] semantic=0.132 depth=0.010
[104 75/372] semantic=0.131 depth=0.009
[104 100/372] semantic=0.175 depth=0.010
[104 125/372] semantic=0.131 depth=0.011
[104 150/372] semantic=0.165 depth=0.013
[104 175/372] semantic=0.155 depth=0.008
[104 200/372] semantic=0.131 depth=0.009
[104 225/372] semantic=0.144 depth=0.009
[104 250/372] semantic=0.156 depth=0.012
[104 275/372] semantic=0.139 depth=0.007
[104 300/372] semantic=0.125 depth=0.013
[104 325/372] semantic=0.162 depth=0.007
[104 350/372] semantic=0.151 depth=0.010
[104 372/372] semantic=0.152 depth=0.009
Epoch 104: mIoU=74.256 pix=93.325 abs=0.0173 rel=47.8324 delta=27.451 wall_h=23.333
[105 1/372] semantic=0.173 depth=0.012
[105 25/372] semantic=0.154 depth=0.008
[105 50/372] semantic=0.190 depth=0.015
[105 75/372] semantic=0.140 depth=0.010
[105 100/372] semantic=0.108 depth=0.009
[105 125/372] semantic=0.111 depth=0.010
[105 150/372] semantic=0.168 depth=0.010
[105 175/372] semantic=0.149 depth=0.010
[105 200/372] semantic=0.131 depth=0.011
[105 225/372] semantic=0.181 depth=0.010
[105 250/372] semantic=0.145 depth=0.010
[105 275/372] semantic=0.183 depth=0.009
[105 300/372] semantic=0.133 depth=0.009
[105 325/372] semantic=0.134 depth=0.008
[105 350/372] semantic=0.139 depth=0.010
[105 372/372] semantic=0.145 depth=0.011
Epoch 105: mIoU=73.794 pix=93.293 abs=0.0151 rel=51.6937 delta=26.725 wall_h=23.520
[106 1/372] semantic=0.136 depth=0.010
[106 25/372] semantic=0.169 depth=0.013
[106 50/372] semantic=0.145 depth=0.013
[106 75/372] semantic=0.151 depth=0.009
[106 100/372] semantic=0.165 depth=0.010
[106 125/372] semantic=0.133 depth=0.010
[106 150/372] semantic=0.183 depth=0.013
[106 175/372] semantic=0.172 depth=0.013
[106 200/372] semantic=0.117 depth=0.012
[106 225/372] semantic=0.141 depth=0.010
[106 250/372] semantic=0.151 depth=0.011
[106 275/372] semantic=0.139 depth=0.012
[106 300/372] semantic=0.173 depth=0.010
[106 325/372] semantic=0.174 depth=0.012
[106 350/372] semantic=0.142 depth=0.012
[106 372/372] semantic=0.184 depth=0.009
Epoch 106: mIoU=74.236 pix=93.406 abs=0.0149 rel=53.4065 delta=27.777 wall_h=23.707
[107 1/372] semantic=0.111 depth=0.011
[107 25/372] semantic=0.161 depth=0.010
[107 50/372] semantic=0.150 depth=0.011
[107 75/372] semantic=0.151 depth=0.011
[107 100/372] semantic=0.113 depth=0.009
[107 125/372] semantic=0.164 depth=0.010
[107 150/372] semantic=0.176 depth=0.010
[107 175/372] semantic=0.129 depth=0.009
[107 200/372] semantic=0.120 depth=0.010
[107 225/372] semantic=0.148 depth=0.009
[107 250/372] semantic=0.121 depth=0.008
[107 275/372] semantic=0.157 depth=0.009
[107 300/372] semantic=0.147 depth=0.009
[107 325/372] semantic=0.171 depth=0.009
[107 350/372] semantic=0.139 depth=0.010
[107 372/372] semantic=0.165 depth=0.012
Epoch 107: mIoU=74.104 pix=93.304 abs=0.0169 rel=51.2569 delta=29.855 wall_h=23.886
[108 1/372] semantic=0.173 depth=0.010
[108 25/372] semantic=0.135 depth=0.008
[108 50/372] semantic=0.153 depth=0.009
[108 75/372] semantic=0.139 depth=0.011
[108 100/372] semantic=0.128 depth=0.012
[108 125/372] semantic=0.158 depth=0.013
[108 150/372] semantic=0.138 depth=0.009
[108 175/372] semantic=0.161 depth=0.011
[108 200/372] semantic=0.151 depth=0.012
[108 225/372] semantic=0.162 depth=0.009
[108 250/372] semantic=0.143 depth=0.008
[108 275/372] semantic=0.160 depth=0.010
[108 300/372] semantic=0.133 depth=0.009
[108 325/372] semantic=0.152 depth=0.010
[108 350/372] semantic=0.145 depth=0.010
[108 372/372] semantic=0.147 depth=0.010
Epoch 108: mIoU=73.761 pix=93.284 abs=0.0148 rel=53.4351 delta=27.760 wall_h=24.068
[109 1/372] semantic=0.093 depth=0.013
[109 25/372] semantic=0.133 depth=0.010
[109 50/372] semantic=0.139 depth=0.009
[109 75/372] semantic=0.161 depth=0.010
[109 100/372] semantic=0.165 depth=0.010
[109 125/372] semantic=0.168 depth=0.010
[109 150/372] semantic=0.112 depth=0.008
[109 175/372] semantic=0.179 depth=0.011
[109 200/372] semantic=0.154 depth=0.010
[109 225/372] semantic=0.164 depth=0.013
[109 250/372] semantic=0.175 depth=0.009
[109 275/372] semantic=0.151 depth=0.010
[109 300/372] semantic=0.122 depth=0.011
[109 325/372] semantic=0.139 depth=0.009
[109 350/372] semantic=0.161 depth=0.009
[109 372/372] semantic=0.189 depth=0.013
Epoch 109: mIoU=73.789 pix=93.292 abs=0.0149 rel=50.4859 delta=25.358 wall_h=24.252
[110 1/372] semantic=0.124 depth=0.010
[110 25/372] semantic=0.157 depth=0.012
[110 50/372] semantic=0.128 depth=0.009
[110 75/372] semantic=0.168 depth=0.008
[110 100/372] semantic=0.175 depth=0.008
[110 125/372] semantic=0.153 depth=0.011
[110 150/372] semantic=0.169 depth=0.009
[110 175/372] semantic=0.119 depth=0.010
[110 200/372] semantic=0.144 depth=0.009
[110 225/372] semantic=0.147 depth=0.009
[110 250/372] semantic=0.172 depth=0.009
[110 275/372] semantic=0.131 depth=0.009
[110 300/372] semantic=0.131 depth=0.011
[110 325/372] semantic=0.148 depth=0.010
[110 350/372] semantic=0.156 depth=0.008
[110 372/372] semantic=0.140 depth=0.011
Epoch 110: mIoU=73.718 pix=93.180 abs=0.0180 rel=46.7888 delta=28.142 wall_h=24.439
[111 1/372] semantic=0.142 depth=0.010
[111 25/372] semantic=0.113 depth=0.008
[111 50/372] semantic=0.133 depth=0.009
[111 75/372] semantic=0.131 depth=0.011
[111 100/372] semantic=0.137 depth=0.009
[111 125/372] semantic=0.174 depth=0.008
[111 150/372] semantic=0.160 depth=0.009
[111 175/372] semantic=0.158 depth=0.008
[111 200/372] semantic=0.124 depth=0.008
[111 225/372] semantic=0.154 depth=0.012
[111 250/372] semantic=0.145 depth=0.008
[111 275/372] semantic=0.129 depth=0.008
[111 300/372] semantic=0.141 depth=0.010
[111 325/372] semantic=0.164 depth=0.015
[111 350/372] semantic=0.127 depth=0.009
[111 372/372] semantic=0.118 depth=0.011
Epoch 111: mIoU=73.740 pix=93.227 abs=0.0143 rel=54.3284 delta=27.517 wall_h=24.623
[112 1/372] semantic=0.120 depth=0.012
[112 25/372] semantic=0.170 depth=0.008
[112 50/372] semantic=0.138 depth=0.009
[112 75/372] semantic=0.101 depth=0.012
[112 100/372] semantic=0.122 depth=0.009
[112 125/372] semantic=0.149 depth=0.009
[112 150/372] semantic=0.134 depth=0.008
[112 175/372] semantic=0.142 depth=0.009
[112 200/372] semantic=0.150 depth=0.009
[112 225/372] semantic=0.195 depth=0.012
[112 250/372] semantic=0.138 depth=0.010
[112 275/372] semantic=0.133 depth=0.011
[112 300/372] semantic=0.153 depth=0.010
[112 325/372] semantic=0.149 depth=0.009
[112 350/372] semantic=0.138 depth=0.010
[112 372/372] semantic=0.138 depth=0.011
Epoch 112: mIoU=73.885 pix=93.315 abs=0.0158 rel=49.4819 delta=26.149 wall_h=24.805
[113 1/372] semantic=0.118 depth=0.010
[113 25/372] semantic=0.149 depth=0.012
[113 50/372] semantic=0.146 depth=0.010
[113 75/372] semantic=0.162 depth=0.010
[113 100/372] semantic=0.102 depth=0.012
[113 125/372] semantic=0.160 depth=0.012
[113 150/372] semantic=0.162 depth=0.009
[113 175/372] semantic=0.152 depth=0.011
[113 200/372] semantic=0.158 depth=0.009
[113 225/372] semantic=0.160 depth=0.009
[113 250/372] semantic=0.155 depth=0.008
[113 275/372] semantic=0.165 depth=0.010
[113 300/372] semantic=0.144 depth=0.007
[113 325/372] semantic=0.159 depth=0.011
[113 350/372] semantic=0.142 depth=0.011
[113 372/372] semantic=0.172 depth=0.009
Epoch 113: mIoU=74.252 pix=93.341 abs=0.0172 rel=42.7175 delta=22.785 wall_h=24.986
[114 1/372] semantic=0.157 depth=0.010
[114 25/372] semantic=0.177 depth=0.008
[114 50/372] semantic=0.157 depth=0.010
[114 75/372] semantic=0.161 depth=0.009
[114 100/372] semantic=0.130 depth=0.009
[114 125/372] semantic=0.144 depth=0.010
[114 150/372] semantic=0.142 depth=0.010
[114 175/372] semantic=0.129 depth=0.010
[114 200/372] semantic=0.118 depth=0.011
[114 225/372] semantic=0.137 depth=0.008
[114 250/372] semantic=0.159 depth=0.009
[114 275/372] semantic=0.136 depth=0.011
[114 300/372] semantic=0.162 depth=0.012
[114 325/372] semantic=0.139 depth=0.009
[114 350/372] semantic=0.167 depth=0.010
[114 372/372] semantic=0.169 depth=0.008
Epoch 114: mIoU=74.201 pix=93.350 abs=0.0147 rel=51.6192 delta=25.797 wall_h=25.170
[115 1/372] semantic=0.141 depth=0.009
[115 25/372] semantic=0.154 depth=0.008
[115 50/372] semantic=0.167 depth=0.009
[115 75/372] semantic=0.176 depth=0.009
[115 100/372] semantic=0.158 depth=0.010
[115 125/372] semantic=0.127 depth=0.011
[115 150/372] semantic=0.118 depth=0.011
[115 175/372] semantic=0.136 depth=0.011
[115 200/372] semantic=0.145 depth=0.011
[115 225/372] semantic=0.158 depth=0.010
[115 250/372] semantic=0.128 depth=0.009
[115 275/372] semantic=0.145 depth=0.009
[115 300/372] semantic=0.144 depth=0.009
[115 325/372] semantic=0.177 depth=0.010
[115 350/372] semantic=0.156 depth=0.011
[115 372/372] semantic=0.128 depth=0.011
Epoch 115: mIoU=73.965 pix=93.345 abs=0.0143 rel=50.4668 delta=24.093 wall_h=25.354
[116 1/372] semantic=0.185 depth=0.010
[116 25/372] semantic=0.153 depth=0.007
[116 50/372] semantic=0.119 depth=0.009
[116 75/372] semantic=0.128 depth=0.008
[116 100/372] semantic=0.170 depth=0.009
[116 125/372] semantic=0.146 depth=0.013
[116 150/372] semantic=0.137 depth=0.009
[116 175/372] semantic=0.131 depth=0.011
[116 200/372] semantic=0.129 depth=0.007
[116 225/372] semantic=0.136 depth=0.009
[116 250/372] semantic=0.135 depth=0.009
[116 275/372] semantic=0.133 depth=0.010
[116 300/372] semantic=0.147 depth=0.011
[116 325/372] semantic=0.149 depth=0.009
[116 350/372] semantic=0.170 depth=0.011
[116 372/372] semantic=0.148 depth=0.010
Epoch 116: mIoU=73.774 pix=93.262 abs=0.0153 rel=52.1241 delta=27.484 wall_h=25.540
[117 1/372] semantic=0.138 depth=0.009
[117 25/372] semantic=0.140 depth=0.011
[117 50/372] semantic=0.103 depth=0.012
[117 75/372] semantic=0.110 depth=0.009
[117 100/372] semantic=0.138 depth=0.011
[117 125/372] semantic=0.131 depth=0.008
[117 150/372] semantic=0.126 depth=0.007
[117 175/372] semantic=0.182 depth=0.012
[117 200/372] semantic=0.147 depth=0.010
[117 225/372] semantic=0.127 depth=0.009
[117 250/372] semantic=0.155 depth=0.008
[117 275/372] semantic=0.142 depth=0.010
[117 300/372] semantic=0.167 depth=0.012
[117 325/372] semantic=0.148 depth=0.009
[117 350/372] semantic=0.140 depth=0.009
[117 372/372] semantic=0.116 depth=0.011
Epoch 117: mIoU=73.775 pix=93.302 abs=0.0167 rel=46.6009 delta=25.303 wall_h=25.725
[118 1/372] semantic=0.136 depth=0.008
[118 25/372] semantic=0.142 depth=0.010
[118 50/372] semantic=0.149 depth=0.010
[118 75/372] semantic=0.120 depth=0.009
[118 100/372] semantic=0.139 depth=0.010
[118 125/372] semantic=0.150 depth=0.008
[118 150/372] semantic=0.146 depth=0.009
[118 175/372] semantic=0.142 depth=0.014
[118 200/372] semantic=0.123 depth=0.008
[118 225/372] semantic=0.167 depth=0.008
[118 250/372] semantic=0.140 depth=0.009
[118 275/372] semantic=0.140 depth=0.012
[118 300/372] semantic=0.133 depth=0.009
[118 325/372] semantic=0.134 depth=0.006
[118 350/372] semantic=0.163 depth=0.009
[118 372/372] semantic=0.132 depth=0.008
Epoch 118: mIoU=74.134 pix=93.275 abs=0.0155 rel=45.1504 delta=21.613 wall_h=25.914
[119 1/372] semantic=0.127 depth=0.010
[119 25/372] semantic=0.144 depth=0.007
[119 50/372] semantic=0.115 depth=0.008
[119 75/372] semantic=0.103 depth=0.010
[119 100/372] semantic=0.131 depth=0.009
[119 125/372] semantic=0.135 depth=0.009
[119 150/372] semantic=0.119 depth=0.008
[119 175/372] semantic=0.135 depth=0.008
[119 200/372] semantic=0.138 depth=0.009
[119 225/372] semantic=0.146 depth=0.008
[119 250/372] semantic=0.119 depth=0.009
[119 275/372] semantic=0.161 depth=0.009
[119 300/372] semantic=0.128 depth=0.012
[119 325/372] semantic=0.115 depth=0.008
[119 350/372] semantic=0.160 depth=0.011
[119 372/372] semantic=0.165 depth=0.010
Epoch 119: mIoU=74.042 pix=93.276 abs=0.0164 rel=43.3048 delta=21.841 wall_h=26.107
[120 1/372] semantic=0.108 depth=0.010
[120 25/372] semantic=0.175 depth=0.012
[120 50/372] semantic=0.125 depth=0.008
[120 75/372] semantic=0.132 depth=0.009
[120 100/372] semantic=0.133 depth=0.008
[120 125/372] semantic=0.201 depth=0.012
[120 150/372] semantic=0.162 depth=0.009
[120 175/372] semantic=0.104 depth=0.011
[120 200/372] semantic=0.111 depth=0.008
[120 225/372] semantic=0.177 depth=0.011
[120 250/372] semantic=0.171 depth=0.008
[120 275/372] semantic=0.148 depth=0.010
[120 300/372] semantic=0.139 depth=0.009
[120 325/372] semantic=0.158 depth=0.010
[120 350/372] semantic=0.115 depth=0.009
[120 372/372] semantic=0.143 depth=0.008
Epoch 120: mIoU=73.743 pix=93.257 abs=0.0162 rel=44.1929 delta=22.304 wall_h=26.297
[121 1/372] semantic=0.131 depth=0.011
[121 25/372] semantic=0.161 depth=0.011
[121 50/372] semantic=0.144 depth=0.010
[121 75/372] semantic=0.114 depth=0.008
[121 100/372] semantic=0.122 depth=0.009
[121 125/372] semantic=0.150 depth=0.009
[121 150/372] semantic=0.138 depth=0.008
[121 175/372] semantic=0.119 depth=0.009
[121 200/372] semantic=0.140 depth=0.008
[121 225/372] semantic=0.123 depth=0.010
[121 250/372] semantic=0.141 depth=0.009
[121 275/372] semantic=0.158 depth=0.010
[121 300/372] semantic=0.132 depth=0.012
[121 325/372] semantic=0.142 depth=0.011
[121 350/372] semantic=0.130 depth=0.010
[121 372/372] semantic=0.143 depth=0.009
Epoch 121: mIoU=74.173 pix=93.327 abs=0.0164 rel=46.6160 delta=24.687 wall_h=26.480
[122 1/372] semantic=0.176 depth=0.010
[122 25/372] semantic=0.145 depth=0.008
[122 50/372] semantic=0.117 depth=0.010
[122 75/372] semantic=0.157 depth=0.007
[122 100/372] semantic=0.175 depth=0.009
[122 125/372] semantic=0.166 depth=0.009
[122 150/372] semantic=0.105 depth=0.011
[122 175/372] semantic=0.134 depth=0.009
[122 200/372] semantic=0.130 depth=0.010
[122 225/372] semantic=0.150 depth=0.009
[122 250/372] semantic=0.175 depth=0.007
[122 275/372] semantic=0.155 depth=0.010
[122 300/372] semantic=0.117 depth=0.008
[122 325/372] semantic=0.123 depth=0.009
[122 350/372] semantic=0.149 depth=0.009
[122 372/372] semantic=0.158 depth=0.013
Epoch 122: mIoU=74.219 pix=93.353 abs=0.0171 rel=43.3262 delta=23.085 wall_h=26.660
[123 1/372] semantic=0.134 depth=0.010
[123 25/372] semantic=0.141 depth=0.008
[123 50/372] semantic=0.150 depth=0.008
[123 75/372] semantic=0.148 depth=0.010
[123 100/372] semantic=0.133 depth=0.008
[123 125/372] semantic=0.140 depth=0.009
[123 150/372] semantic=0.144 depth=0.010
[123 175/372] semantic=0.117 depth=0.012
[123 200/372] semantic=0.111 depth=0.010
[123 225/372] semantic=0.139 depth=0.009
[123 250/372] semantic=0.167 depth=0.010
[123 275/372] semantic=0.115 depth=0.010
[123 300/372] semantic=0.112 depth=0.010
[123 325/372] semantic=0.136 depth=0.009
[123 350/372] semantic=0.142 depth=0.009
[123 372/372] semantic=0.102 depth=0.010
Epoch 123: mIoU=74.094 pix=93.300 abs=0.0152 rel=46.4629 delta=22.247 wall_h=26.842
[124 1/372] semantic=0.162 depth=0.010
[124 25/372] semantic=0.086 depth=0.011
[124 50/372] semantic=0.097 depth=0.010
[124 75/372] semantic=0.110 depth=0.011
[124 100/372] semantic=0.146 depth=0.011
[124 125/372] semantic=0.161 depth=0.012
[124 150/372] semantic=0.130 depth=0.011
[124 175/372] semantic=0.164 depth=0.009
[124 200/372] semantic=0.130 depth=0.009
[124 225/372] semantic=0.141 depth=0.010
[124 250/372] semantic=0.134 depth=0.008
[124 275/372] semantic=0.161 depth=0.008
[124 300/372] semantic=0.111 depth=0.011
[124 325/372] semantic=0.137 depth=0.008
[124 350/372] semantic=0.153 depth=0.009
[124 372/372] semantic=0.164 depth=0.008
Epoch 124: mIoU=74.343 pix=93.362 abs=0.0152 rel=45.6895 delta=21.300 wall_h=27.022
[125 1/372] semantic=0.125 depth=0.010
[125 25/372] semantic=0.118 depth=0.009
[125 50/372] semantic=0.132 depth=0.011
[125 75/372] semantic=0.118 depth=0.010
[125 100/372] semantic=0.166 depth=0.011
[125 125/372] semantic=0.154 depth=0.008
[125 150/372] semantic=0.157 depth=0.009
[125 175/372] semantic=0.127 depth=0.009
[125 200/372] semantic=0.111 depth=0.010
[125 225/372] semantic=0.131 depth=0.013
[125 250/372] semantic=0.123 depth=0.009
[125 275/372] semantic=0.133 depth=0.009
[125 300/372] semantic=0.117 depth=0.013
[125 325/372] semantic=0.137 depth=0.010
[125 350/372] semantic=0.142 depth=0.010
[125 372/372] semantic=0.142 depth=0.008
Epoch 125: mIoU=74.218 pix=93.308 abs=0.0162 rel=46.2998 delta=24.054 wall_h=27.207
[126 1/372] semantic=0.123 depth=0.009
[126 25/372] semantic=0.154 depth=0.009
[126 50/372] semantic=0.145 depth=0.009
[126 75/372] semantic=0.117 depth=0.012
[126 100/372] semantic=0.159 depth=0.011
[126 125/372] semantic=0.110 depth=0.009
[126 150/372] semantic=0.190 depth=0.009
[126 175/372] semantic=0.138 depth=0.009
[126 200/372] semantic=0.140 depth=0.009
[126 225/372] semantic=0.128 depth=0.011
[126 250/372] semantic=0.165 depth=0.008
[126 275/372] semantic=0.130 depth=0.009
[126 300/372] semantic=0.156 depth=0.012
[126 325/372] semantic=0.139 depth=0.009
[126 350/372] semantic=0.104 depth=0.010
[126 372/372] semantic=0.201 depth=0.009
Epoch 126: mIoU=74.345 pix=93.419 abs=0.0174 rel=42.9717 delta=23.251 wall_h=27.395
[127 1/372] semantic=0.123 depth=0.009
[127 25/372] semantic=0.132 depth=0.009
[127 50/372] semantic=0.133 depth=0.011
[127 75/372] semantic=0.144 depth=0.011
[127 100/372] semantic=0.112 depth=0.009
[127 125/372] semantic=0.116 depth=0.009
[127 150/372] semantic=0.159 depth=0.010
[127 175/372] semantic=0.149 depth=0.008
[127 200/372] semantic=0.137 depth=0.010
[127 225/372] semantic=0.118 depth=0.012
[127 250/372] semantic=0.148 depth=0.009
[127 275/372] semantic=0.143 depth=0.009
[127 300/372] semantic=0.103 depth=0.011
[127 325/372] semantic=0.148 depth=0.009
[127 350/372] semantic=0.147 depth=0.009
[127 372/372] semantic=0.161 depth=0.009
Epoch 127: mIoU=73.988 pix=93.338 abs=0.0176 rel=42.8457 delta=23.654 wall_h=27.582
[128 1/372] semantic=0.129 depth=0.012
[128 25/372] semantic=0.100 depth=0.010
[128 50/372] semantic=0.135 depth=0.009
[128 75/372] semantic=0.123 depth=0.010
[128 100/372] semantic=0.162 depth=0.007
[128 125/372] semantic=0.137 depth=0.009
[128 150/372] semantic=0.155 depth=0.009
[128 175/372] semantic=0.132 depth=0.008
[128 200/372] semantic=0.159 depth=0.009
[128 225/372] semantic=0.126 depth=0.010
[128 250/372] semantic=0.133 depth=0.008
[128 275/372] semantic=0.162 depth=0.009
[128 300/372] semantic=0.133 depth=0.012
[128 325/372] semantic=0.136 depth=0.010
[128 350/372] semantic=0.120 depth=0.010
[128 372/372] semantic=0.127 depth=0.010
Epoch 128: mIoU=73.893 pix=93.381 abs=0.0169 rel=47.7859 delta=26.849 wall_h=27.762
[129 1/372] semantic=0.154 depth=0.009
[129 25/372] semantic=0.144 depth=0.009
[129 50/372] semantic=0.145 depth=0.009
[129 75/372] semantic=0.106 depth=0.009
[129 100/372] semantic=0.150 depth=0.008
[129 125/372] semantic=0.154 depth=0.012
[129 150/372] semantic=0.188 depth=0.010
[129 175/372] semantic=0.166 depth=0.010
[129 200/372] semantic=0.157 depth=0.008
[129 225/372] semantic=0.149 depth=0.009
[129 250/372] semantic=0.142 depth=0.009
[129 275/372] semantic=0.137 depth=0.011
[129 300/372] semantic=0.120 depth=0.008
[129 325/372] semantic=0.159 depth=0.010
[129 350/372] semantic=0.126 depth=0.010
[129 372/372] semantic=0.129 depth=0.010
Epoch 129: mIoU=73.951 pix=93.331 abs=0.0150 rel=47.3962 delta=22.716 wall_h=27.941
[130 1/372] semantic=0.167 depth=0.009
[130 25/372] semantic=0.144 depth=0.008
[130 50/372] semantic=0.151 depth=0.007
[130 75/372] semantic=0.152 depth=0.009
[130 100/372] semantic=0.151 depth=0.009
[130 125/372] semantic=0.139 depth=0.008
[130 150/372] semantic=0.128 depth=0.009
[130 175/372] semantic=0.154 depth=0.011
[130 200/372] semantic=0.156 depth=0.009
[130 225/372] semantic=0.156 depth=0.008
[130 250/372] semantic=0.103 depth=0.011
[130 275/372] semantic=0.122 depth=0.008
[130 300/372] semantic=0.136 depth=0.008
[130 325/372] semantic=0.142 depth=0.011
[130 350/372] semantic=0.151 depth=0.010
[130 372/372] semantic=0.122 depth=0.010
Epoch 130: mIoU=74.542 pix=93.448 abs=0.0154 rel=51.2443 delta=26.694 wall_h=28.120
[131 1/372] semantic=0.124 depth=0.010
[131 25/372] semantic=0.150 depth=0.012
[131 50/372] semantic=0.131 depth=0.011
[131 75/372] semantic=0.148 depth=0.011
[131 100/372] semantic=0.135 depth=0.009
[131 125/372] semantic=0.121 depth=0.008
[131 150/372] semantic=0.160 depth=0.011
[131 175/372] semantic=0.148 depth=0.009
[131 200/372] semantic=0.143 depth=0.010
[131 225/372] semantic=0.134 depth=0.009
[131 250/372] semantic=0.109 depth=0.009
[131 275/372] semantic=0.110 depth=0.010
[131 300/372] semantic=0.142 depth=0.008
[131 325/372] semantic=0.129 depth=0.008
[131 350/372] semantic=0.148 depth=0.008
[131 372/372] semantic=0.128 depth=0.011
Epoch 131: mIoU=74.274 pix=93.400 abs=0.0172 rel=42.5893 delta=22.536 wall_h=28.297
[132 1/372] semantic=0.146 depth=0.010
[132 25/372] semantic=0.135 depth=0.008
[132 50/372] semantic=0.133 depth=0.009
[132 75/372] semantic=0.118 depth=0.008
[132 100/372] semantic=0.145 depth=0.009
[132 125/372] semantic=0.114 depth=0.010
[132 150/372] semantic=0.148 depth=0.008
[132 175/372] semantic=0.176 depth=0.008
[132 200/372] semantic=0.131 depth=0.009
[132 225/372] semantic=0.153 depth=0.009
[132 250/372] semantic=0.141 depth=0.010
[132 275/372] semantic=0.128 depth=0.011
[132 300/372] semantic=0.133 depth=0.007
[132 325/372] semantic=0.141 depth=0.007
[132 350/372] semantic=0.123 depth=0.012
[132 372/372] semantic=0.139 depth=0.009
Epoch 132: mIoU=73.949 pix=93.346 abs=0.0146 rel=48.7952 delta=23.013 wall_h=28.484
[133 1/372] semantic=0.128 depth=0.009
[133 25/372] semantic=0.120 depth=0.008
[133 50/372] semantic=0.160 depth=0.009
[133 75/372] semantic=0.142 depth=0.010
[133 100/372] semantic=0.115 depth=0.009
[133 125/372] semantic=0.151 depth=0.009
[133 150/372] semantic=0.098 depth=0.011
[133 175/372] semantic=0.120 depth=0.007
[133 200/372] semantic=0.123 depth=0.008
[133 225/372] semantic=0.159 depth=0.009
[133 250/372] semantic=0.173 depth=0.009
[133 275/372] semantic=0.109 depth=0.009
[133 300/372] semantic=0.169 depth=0.009
[133 325/372] semantic=0.146 depth=0.008
[133 350/372] semantic=0.177 depth=0.010
[133 372/372] semantic=0.141 depth=0.009
Epoch 133: mIoU=74.111 pix=93.310 abs=0.0149 rel=49.5695 delta=24.446 wall_h=28.663
[134 1/372] semantic=0.151 depth=0.015
[134 25/372] semantic=0.147 depth=0.008
[134 50/372] semantic=0.158 depth=0.010
[134 75/372] semantic=0.150 depth=0.009
[134 100/372] semantic=0.123 depth=0.009
[134 125/372] semantic=0.154 depth=0.009
[134 150/372] semantic=0.106 depth=0.008
[134 175/372] semantic=0.148 depth=0.010
[134 200/372] semantic=0.130 depth=0.011
[134 225/372] semantic=0.128 depth=0.009
[134 250/372] semantic=0.115 depth=0.008
[134 275/372] semantic=0.155 depth=0.011
[134 300/372] semantic=0.140 depth=0.012
[134 325/372] semantic=0.166 depth=0.008
[134 350/372] semantic=0.119 depth=0.012
[134 372/372] semantic=0.155 depth=0.009
Epoch 134: mIoU=74.464 pix=93.448 abs=0.0151 rel=49.5557 delta=24.669 wall_h=28.843
[135 1/372] semantic=0.127 depth=0.009
[135 25/372] semantic=0.161 depth=0.008
[135 50/372] semantic=0.148 depth=0.011
[135 75/372] semantic=0.163 depth=0.010
[135 100/372] semantic=0.135 depth=0.009
[135 125/372] semantic=0.133 depth=0.008
[135 150/372] semantic=0.157 depth=0.008
[135 175/372] semantic=0.128 depth=0.009
[135 200/372] semantic=0.193 depth=0.008
[135 225/372] semantic=0.091 depth=0.009
[135 250/372] semantic=0.139 depth=0.009
[135 275/372] semantic=0.136 depth=0.010
[135 300/372] semantic=0.131 depth=0.010
[135 325/372] semantic=0.142 depth=0.007
[135 350/372] semantic=0.108 depth=0.009
[135 372/372] semantic=0.156 depth=0.012
Epoch 135: mIoU=73.531 pix=93.298 abs=0.0153 rel=46.6385 delta=22.784 wall_h=29.021
[136 1/372] semantic=0.122 depth=0.009
[136 25/372] semantic=0.114 depth=0.009
[136 50/372] semantic=0.153 depth=0.008
[136 75/372] semantic=0.130 depth=0.008
[136 100/372] semantic=0.120 depth=0.009
[136 125/372] semantic=0.203 depth=0.011
[136 150/372] semantic=0.128 depth=0.011
[136 175/372] semantic=0.141 depth=0.009
[136 200/372] semantic=0.106 depth=0.010
[136 225/372] semantic=0.153 depth=0.008
[136 250/372] semantic=0.151 depth=0.008
[136 275/372] semantic=0.122 depth=0.008
[136 300/372] semantic=0.127 depth=0.008
[136 325/372] semantic=0.149 depth=0.009
[136 350/372] semantic=0.120 depth=0.010
[136 372/372] semantic=0.134 depth=0.009
Epoch 136: mIoU=74.415 pix=93.336 abs=0.0140 rel=51.5094 delta=24.282 wall_h=29.200
[137 1/372] semantic=0.120 depth=0.009
[137 25/372] semantic=0.139 depth=0.010
[137 50/372] semantic=0.113 depth=0.009
[137 75/372] semantic=0.136 depth=0.007
[137 100/372] semantic=0.128 depth=0.008
[137 125/372] semantic=0.149 depth=0.009
[137 150/372] semantic=0.139 depth=0.010
[137 175/372] semantic=0.158 depth=0.009
[137 200/372] semantic=0.137 depth=0.009
[137 225/372] semantic=0.119 depth=0.009
[137 250/372] semantic=0.124 depth=0.008
[137 275/372] semantic=0.133 depth=0.010
[137 300/372] semantic=0.151 depth=0.008
[137 325/372] semantic=0.153 depth=0.010
[137 350/372] semantic=0.151 depth=0.008
[137 372/372] semantic=0.112 depth=0.008
Epoch 137: mIoU=74.380 pix=93.442 abs=0.0161 rel=45.8978 delta=23.306 wall_h=29.379
[138 1/372] semantic=0.116 depth=0.010
[138 25/372] semantic=0.207 depth=0.010
[138 50/372] semantic=0.138 depth=0.008
[138 75/372] semantic=0.124 depth=0.009
[138 100/372] semantic=0.149 depth=0.011
[138 125/372] semantic=0.120 depth=0.010
[138 150/372] semantic=0.144 depth=0.008
[138 175/372] semantic=0.120 depth=0.013
[138 200/372] semantic=0.122 depth=0.009
[138 225/372] semantic=0.116 depth=0.009
[138 250/372] semantic=0.130 depth=0.009
[138 275/372] semantic=0.135 depth=0.009
[138 300/372] semantic=0.137 depth=0.010
[138 325/372] semantic=0.155 depth=0.009
[138 350/372] semantic=0.156 depth=0.009
[138 372/372] semantic=0.162 depth=0.009
Epoch 138: mIoU=74.887 pix=93.494 abs=0.0150 rel=50.2648 delta=24.795 wall_h=29.559
[139 1/372] semantic=0.131 depth=0.008
[139 25/372] semantic=0.155 depth=0.010
[139 50/372] semantic=0.178 depth=0.010
[139 75/372] semantic=0.123 depth=0.011
[139 100/372] semantic=0.122 depth=0.008
[139 125/372] semantic=0.124 depth=0.010
[139 150/372] semantic=0.118 depth=0.007
[139 175/372] semantic=0.122 depth=0.009
[139 200/372] semantic=0.117 depth=0.010
[139 225/372] semantic=0.128 depth=0.009
[139 250/372] semantic=0.132 depth=0.010
[139 275/372] semantic=0.129 depth=0.008
[139 300/372] semantic=0.132 depth=0.008
[139 325/372] semantic=0.136 depth=0.011
[139 350/372] semantic=0.095 depth=0.010
[139 372/372] semantic=0.134 depth=0.012
Epoch 139: mIoU=73.960 pix=93.364 abs=0.0156 rel=47.0109 delta=23.456 wall_h=29.739
[140 1/372] semantic=0.135 depth=0.010
[140 25/372] semantic=0.146 depth=0.010
[140 50/372] semantic=0.118 depth=0.010
[140 75/372] semantic=0.168 depth=0.007
[140 100/372] semantic=0.136 depth=0.008
[140 125/372] semantic=0.136 depth=0.011
[140 150/372] semantic=0.137 depth=0.008
[140 175/372] semantic=0.137 depth=0.011
[140 200/372] semantic=0.130 depth=0.008
[140 225/372] semantic=0.147 depth=0.010
[140 250/372] semantic=0.157 depth=0.009
[140 275/372] semantic=0.131 depth=0.009
[140 300/372] semantic=0.138 depth=0.009
[140 325/372] semantic=0.109 depth=0.008
[140 350/372] semantic=0.128 depth=0.010
[140 372/372] semantic=0.131 depth=0.009
Epoch 140: mIoU=74.382 pix=93.411 abs=0.0185 rel=42.4927 delta=25.030 wall_h=29.917
[141 1/372] semantic=0.175 depth=0.010
[141 25/372] semantic=0.138 depth=0.008
[141 50/372] semantic=0.133 depth=0.007
[141 75/372] semantic=0.122 depth=0.008
[141 100/372] semantic=0.148 depth=0.011
[141 125/372] semantic=0.127 depth=0.010
[141 150/372] semantic=0.139 depth=0.009
[141 175/372] semantic=0.115 depth=0.008
[141 200/372] semantic=0.106 depth=0.009
[141 225/372] semantic=0.135 depth=0.008
[141 250/372] semantic=0.129 depth=0.011
[141 275/372] semantic=0.135 depth=0.010
[141 300/372] semantic=0.133 depth=0.008
[141 325/372] semantic=0.108 depth=0.008
[141 350/372] semantic=0.128 depth=0.011
[141 372/372] semantic=0.123 depth=0.009
Epoch 141: mIoU=74.262 pix=93.243 abs=0.0157 rel=52.1684 delta=28.301 wall_h=30.096
[142 1/372] semantic=0.250 depth=0.009
[142 25/372] semantic=0.190 depth=0.010
[142 50/372] semantic=0.147 depth=0.010
[142 75/372] semantic=0.111 depth=0.008
[142 100/372] semantic=0.139 depth=0.010
[142 125/372] semantic=0.125 depth=0.008
[142 150/372] semantic=0.104 depth=0.009
[142 175/372] semantic=0.121 depth=0.009
[142 200/372] semantic=0.126 depth=0.009
[142 225/372] semantic=0.111 depth=0.009
[142 250/372] semantic=0.147 depth=0.009
[142 275/372] semantic=0.129 depth=0.009
[142 300/372] semantic=0.126 depth=0.009
[142 325/372] semantic=0.140 depth=0.009
[142 350/372] semantic=0.171 depth=0.010
[142 372/372] semantic=0.148 depth=0.008
Epoch 142: mIoU=74.126 pix=93.388 abs=0.0151 rel=46.2113 delta=21.703 wall_h=30.274
[143 1/372] semantic=0.142 depth=0.010
[143 25/372] semantic=0.195 depth=0.009
[143 50/372] semantic=0.108 depth=0.009
[143 75/372] semantic=0.113 depth=0.010
[143 100/372] semantic=0.113 depth=0.008
[143 125/372] semantic=0.108 depth=0.009
[143 150/372] semantic=0.116 depth=0.008
[143 175/372] semantic=0.136 depth=0.009
[143 200/372] semantic=0.120 depth=0.007
[143 225/372] semantic=0.155 depth=0.010
[143 250/372] semantic=0.137 depth=0.011
[143 275/372] semantic=0.129 depth=0.009
[143 300/372] semantic=0.129 depth=0.008
[143 325/372] semantic=0.124 depth=0.009
[143 350/372] semantic=0.137 depth=0.008
[143 372/372] semantic=0.149 depth=0.012
Epoch 143: mIoU=74.744 pix=93.432 abs=0.0150 rel=49.0623 delta=23.911 wall_h=30.452
[144 1/372] semantic=0.118 depth=0.010
[144 25/372] semantic=0.140 depth=0.009
[144 50/372] semantic=0.159 depth=0.008
[144 75/372] semantic=0.115 depth=0.009
[144 100/372] semantic=0.119 depth=0.008
[144 125/372] semantic=0.135 depth=0.009
[144 150/372] semantic=0.128 depth=0.009
[144 175/372] semantic=0.117 depth=0.008
[144 200/372] semantic=0.137 depth=0.008
[144 225/372] semantic=0.142 depth=0.008
[144 250/372] semantic=0.154 depth=0.008
[144 275/372] semantic=0.148 depth=0.010
[144 300/372] semantic=0.101 depth=0.011
[144 325/372] semantic=0.137 depth=0.010
[144 350/372] semantic=0.116 depth=0.009
[144 372/372] semantic=0.169 depth=0.008
Epoch 144: mIoU=74.688 pix=93.349 abs=0.0145 rel=50.5751 delta=24.309 wall_h=30.630
[145 1/372] semantic=0.136 depth=0.010
[145 25/372] semantic=0.157 depth=0.008
[145 50/372] semantic=0.119 depth=0.008
[145 75/372] semantic=0.107 depth=0.010
[145 100/372] semantic=0.131 depth=0.008
[145 125/372] semantic=0.126 depth=0.008
[145 150/372] semantic=0.114 depth=0.008
[145 175/372] semantic=0.135 depth=0.008
[145 200/372] semantic=0.135 depth=0.010
[145 225/372] semantic=0.116 depth=0.009
[145 250/372] semantic=0.111 depth=0.010
[145 275/372] semantic=0.137 depth=0.009
[145 300/372] semantic=0.142 depth=0.007
[145 325/372] semantic=0.145 depth=0.009
[145 350/372] semantic=0.129 depth=0.008
[145 372/372] semantic=0.111 depth=0.011
Epoch 145: mIoU=74.307 pix=93.417 abs=0.0191 rel=43.0215 delta=26.741 wall_h=30.809
[146 1/372] semantic=0.138 depth=0.015
[146 25/372] semantic=0.149 depth=0.011
[146 50/372] semantic=0.123 depth=0.009
[146 75/372] semantic=0.165 depth=0.008
[146 100/372] semantic=0.148 depth=0.009
[146 125/372] semantic=0.142 depth=0.007
[146 150/372] semantic=0.117 depth=0.007
[146 175/372] semantic=0.183 depth=0.008
[146 200/372] semantic=0.129 depth=0.008
[146 225/372] semantic=0.149 depth=0.010
[146 250/372] semantic=0.105 depth=0.008
[146 275/372] semantic=0.130 depth=0.011
[146 300/372] semantic=0.115 depth=0.008
[146 325/372] semantic=0.113 depth=0.009
[146 350/372] semantic=0.125 depth=0.008
[146 372/372] semantic=0.139 depth=0.009
Epoch 146: mIoU=74.410 pix=93.434 abs=0.0147 rel=45.0869 delta=19.800 wall_h=30.987
[147 1/372] semantic=0.122 depth=0.010
[147 25/372] semantic=0.126 depth=0.007
[147 50/372] semantic=0.128 depth=0.007
[147 75/372] semantic=0.132 depth=0.010
[147 100/372] semantic=0.133 depth=0.008
[147 125/372] semantic=0.118 depth=0.009
[147 150/372] semantic=0.140 depth=0.011
[147 175/372] semantic=0.139 depth=0.008
[147 200/372] semantic=0.141 depth=0.009
[147 225/372] semantic=0.133 depth=0.008
[147 250/372] semantic=0.170 depth=0.010
[147 275/372] semantic=0.155 depth=0.009
[147 300/372] semantic=0.128 depth=0.009
[147 325/372] semantic=0.109 depth=0.009
[147 350/372] semantic=0.121 depth=0.009
[147 372/372] semantic=0.142 depth=0.008
Epoch 147: mIoU=74.415 pix=93.395 abs=0.0150 rel=45.9888 delta=21.286 wall_h=31.165
[148 1/372] semantic=0.119 depth=0.010
[148 25/372] semantic=0.150 depth=0.010
[148 50/372] semantic=0.114 depth=0.011
[148 75/372] semantic=0.137 depth=0.010
[148 100/372] semantic=0.151 depth=0.008
[148 125/372] semantic=0.161 depth=0.009
[148 150/372] semantic=0.112 depth=0.015
[148 175/372] semantic=0.155 depth=0.007
[148 200/372] semantic=0.126 depth=0.011
[148 225/372] semantic=0.130 depth=0.007
[148 250/372] semantic=0.155 depth=0.008
[148 275/372] semantic=0.124 depth=0.008
[148 300/372] semantic=0.158 depth=0.009
[148 325/372] semantic=0.107 depth=0.011
[148 350/372] semantic=0.143 depth=0.008
[148 372/372] semantic=0.154 depth=0.010
Epoch 148: mIoU=74.690 pix=93.454 abs=0.0151 rel=48.6896 delta=23.651 wall_h=31.344
[149 1/372] semantic=0.149 depth=0.008
[149 25/372] semantic=0.134 depth=0.009
[149 50/372] semantic=0.143 depth=0.009
[149 75/372] semantic=0.108 depth=0.011
[149 100/372] semantic=0.193 depth=0.010
[149 125/372] semantic=0.140 depth=0.010
[149 150/372] semantic=0.141 depth=0.010
[149 175/372] semantic=0.132 depth=0.009
[149 200/372] semantic=0.097 depth=0.010
[149 225/372] semantic=0.150 depth=0.010
[149 250/372] semantic=0.117 depth=0.009
[149 275/372] semantic=0.159 depth=0.010
[149 300/372] semantic=0.131 depth=0.008
[149 325/372] semantic=0.134 depth=0.011
[149 350/372] semantic=0.112 depth=0.008
[149 372/372] semantic=0.142 depth=0.009
Epoch 149: mIoU=74.175 pix=93.446 abs=0.0190 rel=40.2776 delta=24.091 wall_h=31.521
[150 1/372] semantic=0.127 depth=0.010
[150 25/372] semantic=0.144 depth=0.008
[150 50/372] semantic=0.131 depth=0.010
[150 75/372] semantic=0.129 depth=0.008
[150 100/372] semantic=0.143 depth=0.008
[150 125/372] semantic=0.154 depth=0.009
[150 150/372] semantic=0.129 depth=0.009
[150 175/372] semantic=0.178 depth=0.009
[150 200/372] semantic=0.136 depth=0.009
[150 225/372] semantic=0.138 depth=0.011
[150 250/372] semantic=0.113 depth=0.007
[150 275/372] semantic=0.104 depth=0.007
[150 300/372] semantic=0.119 depth=0.009
[150 325/372] semantic=0.115 depth=0.007
[150 350/372] semantic=0.115 depth=0.009
[150 372/372] semantic=0.133 depth=0.008
Epoch 150: mIoU=74.903 pix=93.546 abs=0.0158 rel=42.9510 delta=19.838 wall_h=31.701
[151 1/372] semantic=0.173 depth=0.007
[151 25/372] semantic=0.144 depth=0.010
[151 50/372] semantic=0.132 depth=0.009
[151 75/372] semantic=0.155 depth=0.008
[151 100/372] semantic=0.127 depth=0.008
[151 125/372] semantic=0.132 depth=0.008
[151 150/372] semantic=0.136 depth=0.008
[151 175/372] semantic=0.146 depth=0.009
[151 200/372] semantic=0.138 depth=0.011
[151 225/372] semantic=0.129 depth=0.009
[151 250/372] semantic=0.117 depth=0.009
[151 275/372] semantic=0.112 depth=0.010
[151 300/372] semantic=0.138 depth=0.010
[151 325/372] semantic=0.094 depth=0.008
[151 350/372] semantic=0.157 depth=0.012
[151 372/372] semantic=0.153 depth=0.011
Epoch 151: mIoU=74.533 pix=93.508 abs=0.0158 rel=46.6156 delta=23.316 wall_h=31.878
[152 1/372] semantic=0.140 depth=0.007
[152 25/372] semantic=0.119 depth=0.008
[152 50/372] semantic=0.115 depth=0.009
[152 75/372] semantic=0.138 depth=0.010
[152 100/372] semantic=0.156 depth=0.008
[152 125/372] semantic=0.140 depth=0.010
[152 150/372] semantic=0.134 depth=0.008
[152 175/372] semantic=0.128 depth=0.008
[152 200/372] semantic=0.137 depth=0.008
[152 225/372] semantic=0.135 depth=0.010
[152 250/372] semantic=0.132 depth=0.010
[152 275/372] semantic=0.147 depth=0.008
[152 300/372] semantic=0.123 depth=0.008
[152 325/372] semantic=0.127 depth=0.010
[152 350/372] semantic=0.114 depth=0.008
[152 372/372] semantic=0.119 depth=0.011
Epoch 152: mIoU=74.123 pix=93.422 abs=0.0148 rel=42.9483 delta=18.249 wall_h=32.054
[153 1/372] semantic=0.129 depth=0.009
[153 25/372] semantic=0.172 depth=0.008
[153 50/372] semantic=0.128 depth=0.010
[153 75/372] semantic=0.163 depth=0.009
[153 100/372] semantic=0.135 depth=0.009
[153 125/372] semantic=0.121 depth=0.009
[153 150/372] semantic=0.124 depth=0.007
[153 175/372] semantic=0.161 depth=0.008
[153 200/372] semantic=0.136 depth=0.009
[153 225/372] semantic=0.150 depth=0.009
[153 250/372] semantic=0.107 depth=0.011
[153 275/372] semantic=0.148 depth=0.008
[153 300/372] semantic=0.130 depth=0.009
[153 325/372] semantic=0.153 depth=0.013
[153 350/372] semantic=0.157 depth=0.010
[153 372/372] semantic=0.160 depth=0.009
Epoch 153: mIoU=74.955 pix=93.506 abs=0.0155 rel=45.9740 delta=22.012 wall_h=32.231
[154 1/372] semantic=0.120 depth=0.007
[154 25/372] semantic=0.123 depth=0.008
[154 50/372] semantic=0.145 depth=0.009
[154 75/372] semantic=0.119 depth=0.008
[154 100/372] semantic=0.104 depth=0.008
[154 125/372] semantic=0.180 depth=0.011
[154 150/372] semantic=0.151 depth=0.009
[154 175/372] semantic=0.137 depth=0.010
[154 200/372] semantic=0.128 depth=0.009
[154 225/372] semantic=0.150 depth=0.008
[154 250/372] semantic=0.142 depth=0.009
[154 275/372] semantic=0.106 depth=0.008
[154 300/372] semantic=0.132 depth=0.009
[154 325/372] semantic=0.124 depth=0.011
[154 350/372] semantic=0.109 depth=0.009
[154 372/372] semantic=0.145 depth=0.008
Epoch 154: mIoU=73.803 pix=93.349 abs=0.0144 rel=50.9746 delta=24.671 wall_h=32.409
[155 1/372] semantic=0.138 depth=0.010
[155 25/372] semantic=0.150 depth=0.009
[155 50/372] semantic=0.145 depth=0.010
[155 75/372] semantic=0.133 depth=0.008
[155 100/372] semantic=0.148 depth=0.013
[155 125/372] semantic=0.134 depth=0.008
[155 150/372] semantic=0.136 depth=0.007
[155 175/372] semantic=0.121 depth=0.009
[155 200/372] semantic=0.158 depth=0.009
[155 225/372] semantic=0.120 depth=0.010
[155 250/372] semantic=0.140 depth=0.010
[155 275/372] semantic=0.161 depth=0.008
[155 300/372] semantic=0.134 depth=0.010
[155 325/372] semantic=0.141 depth=0.008
[155 350/372] semantic=0.140 depth=0.011
[155 372/372] semantic=0.122 depth=0.008
Epoch 155: mIoU=74.433 pix=93.423 abs=0.0142 rel=47.2152 delta=20.634 wall_h=32.588
[156 1/372] semantic=0.118 depth=0.009
[156 25/372] semantic=0.111 depth=0.009
[156 50/372] semantic=0.186 depth=0.009
[156 75/372] semantic=0.153 depth=0.011
[156 100/372] semantic=0.137 depth=0.009
[156 125/372] semantic=0.124 depth=0.010
[156 150/372] semantic=0.183 depth=0.008
[156 175/372] semantic=0.107 depth=0.008
[156 200/372] semantic=0.139 depth=0.010
[156 225/372] semantic=0.108 depth=0.012
[156 250/372] semantic=0.114 depth=0.009
[156 275/372] semantic=0.112 depth=0.008
[156 300/372] semantic=0.116 depth=0.008
[156 325/372] semantic=0.126 depth=0.009
[156 350/372] semantic=0.114 depth=0.008
[156 372/372] semantic=0.126 depth=0.008
Epoch 156: mIoU=74.894 pix=93.537 abs=0.0151 rel=43.8292 delta=19.164 wall_h=32.766
[157 1/372] semantic=0.132 depth=0.009
[157 25/372] semantic=0.166 depth=0.008
[157 50/372] semantic=0.105 depth=0.007
[157 75/372] semantic=0.120 depth=0.009
[157 100/372] semantic=0.125 depth=0.009
[157 125/372] semantic=0.141 depth=0.008
[157 150/372] semantic=0.137 depth=0.010
[157 175/372] semantic=0.106 depth=0.008
[157 200/372] semantic=0.142 depth=0.010
[157 225/372] semantic=0.135 depth=0.008
[157 250/372] semantic=0.146 depth=0.009
[157 275/372] semantic=0.142 depth=0.008
[157 300/372] semantic=0.144 depth=0.008
[157 325/372] semantic=0.166 depth=0.009
[157 350/372] semantic=0.134 depth=0.009
[157 372/372] semantic=0.123 depth=0.010
Epoch 157: mIoU=74.686 pix=93.439 abs=0.0145 rel=44.9148 delta=19.116 wall_h=32.945
[158 1/372] semantic=0.124 depth=0.007
[158 25/372] semantic=0.136 depth=0.008
[158 50/372] semantic=0.153 depth=0.011
[158 75/372] semantic=0.124 depth=0.012
[158 100/372] semantic=0.108 depth=0.011
[158 125/372] semantic=0.134 depth=0.012
[158 150/372] semantic=0.156 depth=0.009
[158 175/372] semantic=0.129 depth=0.010
[158 200/372] semantic=0.138 depth=0.008
[158 225/372] semantic=0.132 depth=0.010
[158 250/372] semantic=0.137 depth=0.009
[158 275/372] semantic=0.172 depth=0.009
[158 300/372] semantic=0.132 depth=0.008
[158 325/372] semantic=0.124 depth=0.007
[158 350/372] semantic=0.118 depth=0.010
[158 372/372] semantic=0.135 depth=0.009
Epoch 158: mIoU=74.881 pix=93.499 abs=0.0167 rel=43.5542 delta=22.168 wall_h=33.125
[159 1/372] semantic=0.116 depth=0.011
[159 25/372] semantic=0.125 depth=0.010
[159 50/372] semantic=0.115 depth=0.009
[159 75/372] semantic=0.137 depth=0.011
[159 100/372] semantic=0.143 depth=0.010
[159 125/372] semantic=0.124 depth=0.008
[159 150/372] semantic=0.129 depth=0.006
[159 175/372] semantic=0.143 depth=0.008
[159 200/372] semantic=0.134 depth=0.007
[159 225/372] semantic=0.155 depth=0.008
[159 250/372] semantic=0.157 depth=0.009
[159 275/372] semantic=0.120 depth=0.008
[159 300/372] semantic=0.137 depth=0.009
[159 325/372] semantic=0.120 depth=0.009
[159 350/372] semantic=0.137 depth=0.010
[159 372/372] semantic=0.099 depth=0.009
Epoch 159: mIoU=74.467 pix=93.501 abs=0.0138 rel=47.2266 delta=19.905 wall_h=33.306
[160 1/372] semantic=0.139 depth=0.011
[160 25/372] semantic=0.145 depth=0.008
[160 50/372] semantic=0.127 depth=0.009
[160 75/372] semantic=0.119 depth=0.008
[160 100/372] semantic=0.116 depth=0.008
[160 125/372] semantic=0.134 depth=0.008
[160 150/372] semantic=0.140 depth=0.008
[160 175/372] semantic=0.162 depth=0.009
[160 200/372] semantic=0.142 depth=0.010
[160 225/372] semantic=0.143 depth=0.008
[160 250/372] semantic=0.138 depth=0.007
[160 275/372] semantic=0.125 depth=0.009
[160 300/372] semantic=0.130 depth=0.008
[160 325/372] semantic=0.140 depth=0.011
[160 350/372] semantic=0.131 depth=0.012
[160 372/372] semantic=0.157 depth=0.009
Epoch 160: mIoU=74.748 pix=93.445 abs=0.0147 rel=46.3225 delta=20.847 wall_h=33.491
[161 1/372] semantic=0.132 depth=0.009
[161 25/372] semantic=0.130 depth=0.010
[161 50/372] semantic=0.131 depth=0.008
[161 75/372] semantic=0.138 depth=0.008
[161 100/372] semantic=0.127 depth=0.009
[161 125/372] semantic=0.109 depth=0.008
[161 150/372] semantic=0.130 depth=0.009
[161 175/372] semantic=0.127 depth=0.007
[161 200/372] semantic=0.164 depth=0.010
[161 225/372] semantic=0.144 depth=0.008
[161 250/372] semantic=0.128 depth=0.009
[161 275/372] semantic=0.144 depth=0.009
[161 300/372] semantic=0.119 depth=0.008
[161 325/372] semantic=0.158 depth=0.010
[161 350/372] semantic=0.157 depth=0.010
[161 372/372] semantic=0.128 depth=0.010
Epoch 161: mIoU=74.512 pix=93.427 abs=0.0153 rel=47.0268 delta=22.721 wall_h=33.675
[162 1/372] semantic=0.121 depth=0.008
[162 25/372] semantic=0.113 depth=0.008
[162 50/372] semantic=0.133 depth=0.007
[162 75/372] semantic=0.112 depth=0.008
[162 100/372] semantic=0.122 depth=0.012
[162 125/372] semantic=0.138 depth=0.009
[162 150/372] semantic=0.121 depth=0.008
[162 175/372] semantic=0.103 depth=0.008
[162 200/372] semantic=0.125 depth=0.009
[162 225/372] semantic=0.139 depth=0.008
[162 250/372] semantic=0.120 depth=0.008
[162 275/372] semantic=0.085 depth=0.008
[162 300/372] semantic=0.124 depth=0.010
[162 325/372] semantic=0.149 depth=0.012
[162 350/372] semantic=0.153 depth=0.009
[162 372/372] semantic=0.143 depth=0.009
Epoch 162: mIoU=74.895 pix=93.518 abs=0.0150 rel=45.7295 delta=20.708 wall_h=33.859
[163 1/372] semantic=0.110 depth=0.007
[163 25/372] semantic=0.118 depth=0.009
[163 50/372] semantic=0.129 depth=0.009
[163 75/372] semantic=0.138 depth=0.008
[163 100/372] semantic=0.146 depth=0.009
[163 125/372] semantic=0.116 depth=0.009
[163 150/372] semantic=0.132 depth=0.008
[163 175/372] semantic=0.125 depth=0.009
[163 200/372] semantic=0.121 depth=0.008
[163 225/372] semantic=0.126 depth=0.010
[163 250/372] semantic=0.144 depth=0.010
[163 275/372] semantic=0.129 depth=0.010
[163 300/372] semantic=0.154 depth=0.011
[163 325/372] semantic=0.152 depth=0.011
[163 350/372] semantic=0.121 depth=0.008
[163 372/372] semantic=0.146 depth=0.008
Epoch 163: mIoU=74.643 pix=93.478 abs=0.0138 rel=47.7288 delta=20.202 wall_h=34.044
[164 1/372] semantic=0.170 depth=0.011
[164 25/372] semantic=0.127 depth=0.009
[164 50/372] semantic=0.147 depth=0.009
[164 75/372] semantic=0.119 depth=0.007
[164 100/372] semantic=0.122 depth=0.010
[164 125/372] semantic=0.125 depth=0.010
[164 150/372] semantic=0.124 depth=0.007
[164 175/372] semantic=0.169 depth=0.009
[164 200/372] semantic=0.122 depth=0.010
[164 225/372] semantic=0.164 depth=0.008
[164 250/372] semantic=0.103 depth=0.007
[164 275/372] semantic=0.121 depth=0.008
[164 300/372] semantic=0.160 depth=0.012
[164 325/372] semantic=0.125 depth=0.007
[164 350/372] semantic=0.144 depth=0.007
[164 372/372] semantic=0.183 depth=0.010
Epoch 164: mIoU=74.698 pix=93.528 abs=0.0138 rel=47.3830 delta=20.007 wall_h=34.229
[165 1/372] semantic=0.144 depth=0.008
[165 25/372] semantic=0.149 depth=0.009
[165 50/372] semantic=0.128 depth=0.008
[165 75/372] semantic=0.135 depth=0.009
[165 100/372] semantic=0.153 depth=0.008
[165 125/372] semantic=0.134 depth=0.008
[165 150/372] semantic=0.108 depth=0.008
[165 175/372] semantic=0.131 depth=0.008
[165 200/372] semantic=0.114 depth=0.013
[165 225/372] semantic=0.141 depth=0.008
[165 250/372] semantic=0.123 depth=0.011
[165 275/372] semantic=0.114 depth=0.007
[165 300/372] semantic=0.126 depth=0.008
[165 325/372] semantic=0.126 depth=0.007
[165 350/372] semantic=0.148 depth=0.008
[165 372/372] semantic=0.149 depth=0.009
Epoch 165: mIoU=74.468 pix=93.511 abs=0.0138 rel=48.7494 delta=21.328 wall_h=34.412
[166 1/372] semantic=0.105 depth=0.009
[166 25/372] semantic=0.118 depth=0.009
[166 50/372] semantic=0.160 depth=0.007
[166 75/372] semantic=0.159 depth=0.009
[166 100/372] semantic=0.107 depth=0.009
[166 125/372] semantic=0.158 depth=0.009
[166 150/372] semantic=0.122 depth=0.007
[166 175/372] semantic=0.121 depth=0.009
[166 200/372] semantic=0.128 depth=0.012
[166 225/372] semantic=0.142 depth=0.010
[166 250/372] semantic=0.134 depth=0.010
[166 275/372] semantic=0.126 depth=0.009
[166 300/372] semantic=0.100 depth=0.009
[166 325/372] semantic=0.117 depth=0.010
[166 350/372] semantic=0.156 depth=0.012
[166 372/372] semantic=0.121 depth=0.011
Epoch 166: mIoU=75.052 pix=93.584 abs=0.0188 rel=41.6631 delta=24.623 wall_h=34.597
[167 1/372] semantic=0.114 depth=0.010
[167 25/372] semantic=0.097 depth=0.006
[167 50/372] semantic=0.134 depth=0.014
[167 75/372] semantic=0.139 depth=0.007
[167 100/372] semantic=0.112 depth=0.009
[167 125/372] semantic=0.119 depth=0.006
[167 150/372] semantic=0.129 depth=0.008
[167 175/372] semantic=0.126 depth=0.007
[167 200/372] semantic=0.127 depth=0.010
[167 225/372] semantic=0.127 depth=0.008
[167 250/372] semantic=0.143 depth=0.008
[167 275/372] semantic=0.179 depth=0.009
[167 300/372] semantic=0.112 depth=0.011
[167 325/372] semantic=0.114 depth=0.007
[167 350/372] semantic=0.135 depth=0.008
[167 372/372] semantic=0.147 depth=0.009
Epoch 167: mIoU=74.711 pix=93.524 abs=0.0169 rel=42.7650 delta=22.052 wall_h=34.781
[168 1/372] semantic=0.112 depth=0.010
[168 25/372] semantic=0.120 depth=0.009
[168 50/372] semantic=0.153 depth=0.009
[168 75/372] semantic=0.147 depth=0.008
[168 100/372] semantic=0.153 depth=0.007
[168 125/372] semantic=0.153 depth=0.008
[168 150/372] semantic=0.114 depth=0.008
[168 175/372] semantic=0.111 depth=0.009
[168 200/372] semantic=0.140 depth=0.011
[168 225/372] semantic=0.130 depth=0.008
[168 250/372] semantic=0.162 depth=0.008
[168 275/372] semantic=0.115 depth=0.010
[168 300/372] semantic=0.135 depth=0.008
[168 325/372] semantic=0.139 depth=0.008
[168 350/372] semantic=0.106 depth=0.008
[168 372/372] semantic=0.120 depth=0.008
Epoch 168: mIoU=74.503 pix=93.460 abs=0.0141 rel=47.2687 delta=20.501 wall_h=34.972
[169 1/372] semantic=0.117 depth=0.011
[169 25/372] semantic=0.113 depth=0.009
[169 50/372] semantic=0.123 depth=0.007
[169 75/372] semantic=0.113 depth=0.010
[169 100/372] semantic=0.141 depth=0.008
[169 125/372] semantic=0.120 depth=0.009
[169 150/372] semantic=0.126 depth=0.010
[169 175/372] semantic=0.111 depth=0.011
[169 200/372] semantic=0.117 depth=0.008
[169 225/372] semantic=0.125 depth=0.008
[169 250/372] semantic=0.139 depth=0.008
[169 275/372] semantic=0.114 depth=0.008
[169 300/372] semantic=0.130 depth=0.010
[169 325/372] semantic=0.120 depth=0.012
[169 350/372] semantic=0.123 depth=0.010
[169 372/372] semantic=0.151 depth=0.006
Epoch 169: mIoU=74.900 pix=93.486 abs=0.0155 rel=43.1684 delta=19.528 wall_h=35.171
[170 1/372] semantic=0.124 depth=0.010
[170 25/372] semantic=0.128 depth=0.008
[170 50/372] semantic=0.126 depth=0.009
[170 75/372] semantic=0.120 depth=0.008
[170 100/372] semantic=0.132 depth=0.008
[170 125/372] semantic=0.141 depth=0.010
[170 150/372] semantic=0.133 depth=0.009
[170 175/372] semantic=0.123 depth=0.008
[170 200/372] semantic=0.142 depth=0.010
[170 225/372] semantic=0.127 depth=0.008
[170 250/372] semantic=0.117 depth=0.010
[170 275/372] semantic=0.121 depth=0.007
[170 300/372] semantic=0.111 depth=0.010
[170 325/372] semantic=0.116 depth=0.009
[170 350/372] semantic=0.148 depth=0.010
[170 372/372] semantic=0.120 depth=0.011
Epoch 170: mIoU=74.807 pix=93.496 abs=0.0154 rel=47.9438 delta=23.615 wall_h=35.365
[171 1/372] semantic=0.118 depth=0.009
[171 25/372] semantic=0.119 depth=0.008
[171 50/372] semantic=0.111 depth=0.008
[171 75/372] semantic=0.172 depth=0.008
[171 100/372] semantic=0.152 depth=0.010
[171 125/372] semantic=0.150 depth=0.009
[171 150/372] semantic=0.139 depth=0.007
[171 175/372] semantic=0.124 depth=0.009
[171 200/372] semantic=0.125 depth=0.010
[171 225/372] semantic=0.158 depth=0.008
[171 250/372] semantic=0.148 depth=0.009
[171 275/372] semantic=0.139 depth=0.009
[171 300/372] semantic=0.115 depth=0.008
[171 325/372] semantic=0.131 depth=0.012
[171 350/372] semantic=0.128 depth=0.009
[171 372/372] semantic=0.132 depth=0.010
Epoch 171: mIoU=74.429 pix=93.477 abs=0.0155 rel=49.1300 delta=25.040 wall_h=35.558
[172 1/372] semantic=0.145 depth=0.010
[172 25/372] semantic=0.125 depth=0.009
[172 50/372] semantic=0.128 depth=0.011
[172 75/372] semantic=0.118 depth=0.009
[172 100/372] semantic=0.123 depth=0.007
[172 125/372] semantic=0.121 depth=0.011
[172 150/372] semantic=0.117 depth=0.008
[172 175/372] semantic=0.102 depth=0.006
[172 200/372] semantic=0.142 depth=0.009
[172 225/372] semantic=0.094 depth=0.009
[172 250/372] semantic=0.100 depth=0.009
[172 275/372] semantic=0.138 depth=0.008
[172 300/372] semantic=0.152 depth=0.006
[172 325/372] semantic=0.124 depth=0.011
[172 350/372] semantic=0.110 depth=0.007
[172 372/372] semantic=0.130 depth=0.010
Epoch 172: mIoU=74.585 pix=93.485 abs=0.0143 rel=48.6207 delta=22.145 wall_h=35.747
[173 1/372] semantic=0.120 depth=0.009
[173 25/372] semantic=0.136 depth=0.011
[173 50/372] semantic=0.131 depth=0.008
[173 75/372] semantic=0.114 depth=0.009
[173 100/372] semantic=0.131 depth=0.010
[173 125/372] semantic=0.143 depth=0.008
[173 150/372] semantic=0.140 depth=0.012
[173 175/372] semantic=0.155 depth=0.012
[173 200/372] semantic=0.125 depth=0.009
[173 225/372] semantic=0.113 depth=0.008
[173 250/372] semantic=0.096 depth=0.008
[173 275/372] semantic=0.135 depth=0.009
[173 300/372] semantic=0.130 depth=0.009
[173 325/372] semantic=0.099 depth=0.009
[173 350/372] semantic=0.154 depth=0.008
[173 372/372] semantic=0.126 depth=0.008
Epoch 173: mIoU=74.992 pix=93.551 abs=0.0155 rel=42.0889 delta=18.439 wall_h=35.933
[174 1/372] semantic=0.145 depth=0.010
[174 25/372] semantic=0.173 depth=0.011
[174 50/372] semantic=0.119 depth=0.008
[174 75/372] semantic=0.151 depth=0.011
[174 100/372] semantic=0.111 depth=0.009
[174 125/372] semantic=0.135 depth=0.010
[174 150/372] semantic=0.120 depth=0.011
[174 175/372] semantic=0.137 depth=0.011
[174 200/372] semantic=0.092 depth=0.008
[174 225/372] semantic=0.154 depth=0.009
[174 250/372] semantic=0.120 depth=0.009
[174 275/372] semantic=0.164 depth=0.010
[174 300/372] semantic=0.135 depth=0.008
[174 325/372] semantic=0.123 depth=0.009
[174 350/372] semantic=0.137 depth=0.007
[174 372/372] semantic=0.119 depth=0.008
Epoch 174: mIoU=74.807 pix=93.504 abs=0.0156 rel=41.0844 delta=17.910 wall_h=36.126
[175 1/372] semantic=0.117 depth=0.008
[175 25/372] semantic=0.167 depth=0.008
[175 50/372] semantic=0.128 depth=0.011
[175 75/372] semantic=0.131 depth=0.009
[175 100/372] semantic=0.145 depth=0.008
[175 125/372] semantic=0.118 depth=0.009
[175 150/372] semantic=0.122 depth=0.007
[175 175/372] semantic=0.120 depth=0.011
[175 200/372] semantic=0.120 depth=0.013
[175 225/372] semantic=0.145 depth=0.009
[175 250/372] semantic=0.121 depth=0.008
[175 275/372] semantic=0.140 depth=0.007
[175 300/372] semantic=0.116 depth=0.010
[175 325/372] semantic=0.148 depth=0.009
[175 350/372] semantic=0.138 depth=0.008
[175 372/372] semantic=0.124 depth=0.007
Epoch 175: mIoU=74.704 pix=93.410 abs=0.0142 rel=47.6430 delta=21.066 wall_h=36.319
[176 1/372] semantic=0.146 depth=0.008
[176 25/372] semantic=0.169 depth=0.008
[176 50/372] semantic=0.114 depth=0.010
[176 75/372] semantic=0.145 depth=0.010
[176 100/372] semantic=0.146 depth=0.010
[176 125/372] semantic=0.124 depth=0.007
[176 150/372] semantic=0.136 depth=0.007
[176 175/372] semantic=0.112 depth=0.010
[176 200/372] semantic=0.140 depth=0.010
[176 225/372] semantic=0.141 depth=0.008
[176 250/372] semantic=0.128 depth=0.010
[176 275/372] semantic=0.112 depth=0.009
[176 300/372] semantic=0.127 depth=0.008
[176 325/372] semantic=0.123 depth=0.008
[176 350/372] semantic=0.122 depth=0.008
[176 372/372] semantic=0.108 depth=0.008
Epoch 176: mIoU=74.918 pix=93.502 abs=0.0160 rel=41.7136 delta=19.081 wall_h=36.509
[177 1/372] semantic=0.129 depth=0.008
[177 25/372] semantic=0.110 depth=0.011
[177 50/372] semantic=0.114 depth=0.008
[177 75/372] semantic=0.137 depth=0.007
[177 100/372] semantic=0.110 depth=0.008
[177 125/372] semantic=0.123 depth=0.008
[177 150/372] semantic=0.103 depth=0.011
[177 175/372] semantic=0.101 depth=0.008
[177 200/372] semantic=0.153 depth=0.010
[177 225/372] semantic=0.116 depth=0.006
[177 250/372] semantic=0.121 depth=0.007
[177 275/372] semantic=0.130 depth=0.012
[177 300/372] semantic=0.118 depth=0.006
[177 325/372] semantic=0.116 depth=0.007
[177 350/372] semantic=0.126 depth=0.007
[177 372/372] semantic=0.152 depth=0.010
Epoch 177: mIoU=74.656 pix=93.545 abs=0.0137 rel=48.0833 delta=20.357 wall_h=36.695
[178 1/372] semantic=0.123 depth=0.009
[178 25/372] semantic=0.136 depth=0.010
[178 50/372] semantic=0.121 depth=0.008
[178 75/372] semantic=0.103 depth=0.008
[178 100/372] semantic=0.145 depth=0.008
[178 125/372] semantic=0.121 depth=0.008
[178 150/372] semantic=0.152 depth=0.010
[178 175/372] semantic=0.130 depth=0.008
[178 200/372] semantic=0.098 depth=0.009
[178 225/372] semantic=0.130 depth=0.011
[178 250/372] semantic=0.111 depth=0.011
[178 275/372] semantic=0.127 depth=0.008
[178 300/372] semantic=0.140 depth=0.008
[178 325/372] semantic=0.133 depth=0.008
[178 350/372] semantic=0.115 depth=0.007
[178 372/372] semantic=0.116 depth=0.008
Epoch 178: mIoU=75.341 pix=93.622 abs=0.0153 rel=43.8608 delta=19.562 wall_h=36.884
[179 1/372] semantic=0.145 depth=0.008
[179 25/372] semantic=0.133 depth=0.010
[179 50/372] semantic=0.122 depth=0.007
[179 75/372] semantic=0.133 depth=0.008
[179 100/372] semantic=0.103 depth=0.007
[179 125/372] semantic=0.102 depth=0.009
[179 150/372] semantic=0.147 depth=0.009
[179 175/372] semantic=0.101 depth=0.009
[179 200/372] semantic=0.132 depth=0.007
[179 225/372] semantic=0.089 depth=0.008
[179 250/372] semantic=0.116 depth=0.016
[179 275/372] semantic=0.127 depth=0.009
[179 300/372] semantic=0.137 depth=0.010
[179 325/372] semantic=0.132 depth=0.009
[179 350/372] semantic=0.122 depth=0.008
[179 372/372] semantic=0.114 depth=0.008
Epoch 179: mIoU=74.913 pix=93.528 abs=0.0143 rel=43.8600 delta=17.714 wall_h=37.068
[180 1/372] semantic=0.122 depth=0.008
[180 25/372] semantic=0.140 depth=0.007
[180 50/372] semantic=0.098 depth=0.009
[180 75/372] semantic=0.131 depth=0.007
[180 100/372] semantic=0.132 depth=0.008
[180 125/372] semantic=0.149 depth=0.009
[180 150/372] semantic=0.117 depth=0.010
[180 175/372] semantic=0.111 depth=0.010
[180 200/372] semantic=0.139 depth=0.007
[180 225/372] semantic=0.180 depth=0.008
[180 250/372] semantic=0.090 depth=0.007
[180 275/372] semantic=0.156 depth=0.007
[180 300/372] semantic=0.089 depth=0.008
[180 325/372] semantic=0.109 depth=0.011
[180 350/372] semantic=0.130 depth=0.012
[180 372/372] semantic=0.107 depth=0.010
Epoch 180: mIoU=74.657 pix=93.500 abs=0.0153 rel=45.8128 delta=21.607 wall_h=37.257
[181 1/372] semantic=0.130 depth=0.009
[181 25/372] semantic=0.149 depth=0.007
[181 50/372] semantic=0.110 depth=0.008
[181 75/372] semantic=0.123 depth=0.009
[181 100/372] semantic=0.126 depth=0.009
[181 125/372] semantic=0.095 depth=0.008
[181 150/372] semantic=0.105 depth=0.009
[181 175/372] semantic=0.154 depth=0.012
[181 200/372] semantic=0.140 depth=0.009
[181 225/372] semantic=0.133 depth=0.011
[181 250/372] semantic=0.135 depth=0.010
[181 275/372] semantic=0.137 depth=0.008
[181 300/372] semantic=0.131 depth=0.009
[181 325/372] semantic=0.130 depth=0.011
[181 350/372] semantic=0.110 depth=0.008
[181 372/372] semantic=0.111 depth=0.011
Epoch 181: mIoU=74.922 pix=93.561 abs=0.0147 rel=42.0280 delta=16.867 wall_h=37.437
[182 1/372] semantic=0.129 depth=0.010
[182 25/372] semantic=0.129 depth=0.009
[182 50/372] semantic=0.146 depth=0.007
[182 75/372] semantic=0.144 depth=0.008
[182 100/372] semantic=0.129 depth=0.010
[182 125/372] semantic=0.129 depth=0.007
[182 150/372] semantic=0.098 depth=0.008
[182 175/372] semantic=0.109 depth=0.008
[182 200/372] semantic=0.138 depth=0.009
[182 225/372] semantic=0.136 depth=0.009
[182 250/372] semantic=0.113 depth=0.007
[182 275/372] semantic=0.138 depth=0.010
[182 300/372] semantic=0.139 depth=0.010
[182 325/372] semantic=0.132 depth=0.008
[182 350/372] semantic=0.122 depth=0.010
[182 372/372] semantic=0.145 depth=0.009
Epoch 182: mIoU=74.743 pix=93.487 abs=0.0148 rel=41.9143 delta=17.007 wall_h=37.614
[183 1/372] semantic=0.115 depth=0.008
[183 25/372] semantic=0.122 depth=0.008
[183 50/372] semantic=0.131 depth=0.011
[183 75/372] semantic=0.141 depth=0.009
[183 100/372] semantic=0.108 depth=0.009
[183 125/372] semantic=0.127 depth=0.010
[183 150/372] semantic=0.121 depth=0.007
[183 175/372] semantic=0.130 depth=0.008
[183 200/372] semantic=0.148 depth=0.008
[183 225/372] semantic=0.118 depth=0.009
[183 250/372] semantic=0.162 depth=0.008
[183 275/372] semantic=0.124 depth=0.008
[183 300/372] semantic=0.114 depth=0.006
[183 325/372] semantic=0.114 depth=0.011
[183 350/372] semantic=0.109 depth=0.008
[183 372/372] semantic=0.093 depth=0.008
Epoch 183: mIoU=74.495 pix=93.548 abs=0.0159 rel=39.9886 delta=17.453 wall_h=37.791
[184 1/372] semantic=0.115 depth=0.008
[184 25/372] semantic=0.097 depth=0.010
[184 50/372] semantic=0.153 depth=0.008
[184 75/372] semantic=0.140 depth=0.009
[184 100/372] semantic=0.132 depth=0.007
[184 125/372] semantic=0.131 depth=0.009
[184 150/372] semantic=0.127 depth=0.008
[184 175/372] semantic=0.106 depth=0.010
[184 200/372] semantic=0.115 depth=0.010
[184 225/372] semantic=0.144 depth=0.008
[184 250/372] semantic=0.132 depth=0.007
[184 275/372] semantic=0.176 depth=0.009
[184 300/372] semantic=0.109 depth=0.007
[184 325/372] semantic=0.127 depth=0.008
[184 350/372] semantic=0.111 depth=0.007
[184 372/372] semantic=0.145 depth=0.009
Epoch 184: mIoU=74.689 pix=93.501 abs=0.0155 rel=45.5346 delta=21.667 wall_h=37.973
[185 1/372] semantic=0.118 depth=0.010
[185 25/372] semantic=0.133 depth=0.009
[185 50/372] semantic=0.151 depth=0.009
[185 75/372] semantic=0.133 depth=0.008
[185 100/372] semantic=0.130 depth=0.008
[185 125/372] semantic=0.131 depth=0.008
[185 150/372] semantic=0.111 depth=0.007
[185 175/372] semantic=0.112 depth=0.009
[185 200/372] semantic=0.101 depth=0.010
[185 225/372] semantic=0.155 depth=0.008
[185 250/372] semantic=0.127 depth=0.009
[185 275/372] semantic=0.137 depth=0.010
[185 300/372] semantic=0.122 depth=0.009
[185 325/372] semantic=0.142 depth=0.008
[185 350/372] semantic=0.099 depth=0.008
[185 372/372] semantic=0.139 depth=0.008
Epoch 185: mIoU=75.113 pix=93.586 abs=0.0155 rel=42.5220 delta=18.878 wall_h=38.151
[186 1/372] semantic=0.149 depth=0.009
[186 25/372] semantic=0.130 depth=0.010
[186 50/372] semantic=0.166 depth=0.009
[186 75/372] semantic=0.124 depth=0.007
[186 100/372] semantic=0.125 depth=0.008
[186 125/372] semantic=0.114 depth=0.007
[186 150/372] semantic=0.130 depth=0.009
[186 175/372] semantic=0.117 depth=0.008
[186 200/372] semantic=0.128 depth=0.009
[186 225/372] semantic=0.124 depth=0.010
[186 250/372] semantic=0.126 depth=0.009
[186 275/372] semantic=0.169 depth=0.010
[186 300/372] semantic=0.114 depth=0.008
[186 325/372] semantic=0.126 depth=0.007
[186 350/372] semantic=0.110 depth=0.008
[186 372/372] semantic=0.137 depth=0.008
Epoch 186: mIoU=75.152 pix=93.565 abs=0.0141 rel=45.7383 delta=18.955 wall_h=38.331
[187 1/372] semantic=0.127 depth=0.008
[187 25/372] semantic=0.140 depth=0.008
[187 50/372] semantic=0.142 depth=0.008
[187 75/372] semantic=0.129 depth=0.010
[187 100/372] semantic=0.115 depth=0.007
[187 125/372] semantic=0.121 depth=0.008
[187 150/372] semantic=0.151 depth=0.010
[187 175/372] semantic=0.133 depth=0.009
[187 200/372] semantic=0.162 depth=0.008
[187 225/372] semantic=0.112 depth=0.009
[187 250/372] semantic=0.145 depth=0.010
[187 275/372] semantic=0.143 depth=0.009
[187 300/372] semantic=0.106 depth=0.008
[187 325/372] semantic=0.129 depth=0.010
[187 350/372] semantic=0.110 depth=0.009
[187 372/372] semantic=0.138 depth=0.009
Epoch 187: mIoU=75.031 pix=93.585 abs=0.0156 rel=39.5304 delta=16.239 wall_h=38.509
[188 1/372] semantic=0.137 depth=0.008
[188 25/372] semantic=0.120 depth=0.007
[188 50/372] semantic=0.121 depth=0.009
[188 75/372] semantic=0.125 depth=0.009
[188 100/372] semantic=0.147 depth=0.008
[188 125/372] semantic=0.123 depth=0.010
[188 150/372] semantic=0.132 depth=0.011
[188 175/372] semantic=0.151 depth=0.008
[188 200/372] semantic=0.145 depth=0.008
[188 225/372] semantic=0.113 depth=0.008
[188 250/372] semantic=0.093 depth=0.010
[188 275/372] semantic=0.121 depth=0.010
[188 300/372] semantic=0.132 depth=0.011
[188 325/372] semantic=0.131 depth=0.008
[188 350/372] semantic=0.149 depth=0.007
[188 372/372] semantic=0.126 depth=0.010
Epoch 188: mIoU=75.304 pix=93.507 abs=0.0154 rel=44.1751 delta=20.073 wall_h=38.687
[189 1/372] semantic=0.095 depth=0.008
[189 25/372] semantic=0.130 depth=0.009
[189 50/372] semantic=0.131 depth=0.009
[189 75/372] semantic=0.143 depth=0.009
[189 100/372] semantic=0.161 depth=0.008
[189 125/372] semantic=0.114 depth=0.007
[189 150/372] semantic=0.149 depth=0.008
[189 175/372] semantic=0.146 depth=0.008
[189 200/372] semantic=0.124 depth=0.008
[189 225/372] semantic=0.110 depth=0.008
[189 250/372] semantic=0.107 depth=0.008
[189 275/372] semantic=0.131 depth=0.007
[189 300/372] semantic=0.128 depth=0.010
[189 325/372] semantic=0.144 depth=0.008
[189 350/372] semantic=0.124 depth=0.008
[189 372/372] semantic=0.118 depth=0.008
Epoch 189: mIoU=74.284 pix=93.463 abs=0.0151 rel=45.3617 delta=20.851 wall_h=38.860
[190 1/372] semantic=0.137 depth=0.008
[190 25/372] semantic=0.120 depth=0.009
[190 50/372] semantic=0.129 depth=0.008
[190 75/372] semantic=0.145 depth=0.013
[190 100/372] semantic=0.122 depth=0.007
[190 125/372] semantic=0.123 depth=0.008
[190 150/372] semantic=0.116 depth=0.010
[190 175/372] semantic=0.124 depth=0.008
[190 200/372] semantic=0.147 depth=0.007
[190 225/372] semantic=0.088 depth=0.008
[190 250/372] semantic=0.115 depth=0.010
[190 275/372] semantic=0.192 depth=0.008
[190 300/372] semantic=0.104 depth=0.008
[190 325/372] semantic=0.146 depth=0.007
[190 350/372] semantic=0.115 depth=0.010
[190 372/372] semantic=0.094 depth=0.009
Epoch 190: mIoU=74.520 pix=93.520 abs=0.0151 rel=41.4359 delta=17.250 wall_h=39.032
[191 1/372] semantic=0.136 depth=0.011
[191 25/372] semantic=0.158 depth=0.009
[191 50/372] semantic=0.099 depth=0.009
[191 75/372] semantic=0.115 depth=0.009
[191 100/372] semantic=0.126 depth=0.010
[191 125/372] semantic=0.115 depth=0.009
[191 150/372] semantic=0.123 depth=0.008
[191 175/372] semantic=0.117 depth=0.008
[191 200/372] semantic=0.148 depth=0.008
[191 225/372] semantic=0.148 depth=0.009
[191 250/372] semantic=0.130 depth=0.009
[191 275/372] semantic=0.107 depth=0.008
[191 300/372] semantic=0.128 depth=0.009
[191 325/372] semantic=0.113 depth=0.008
[191 350/372] semantic=0.122 depth=0.008
[191 372/372] semantic=0.126 depth=0.009
Epoch 191: mIoU=74.637 pix=93.526 abs=0.0155 rel=40.5686 delta=17.270 wall_h=39.218
[192 1/372] semantic=0.148 depth=0.012
[192 25/372] semantic=0.108 depth=0.009
[192 50/372] semantic=0.107 depth=0.009
[192 75/372] semantic=0.111 depth=0.010
[192 100/372] semantic=0.122 depth=0.009
[192 125/372] semantic=0.106 depth=0.009
[192 150/372] semantic=0.139 depth=0.007
[192 175/372] semantic=0.122 depth=0.008
[192 200/372] semantic=0.131 depth=0.011
[192 225/372] semantic=0.107 depth=0.009
[192 250/372] semantic=0.122 depth=0.008
[192 275/372] semantic=0.131 depth=0.010
[192 300/372] semantic=0.149 depth=0.007
[192 325/372] semantic=0.138 depth=0.008
[192 350/372] semantic=0.127 depth=0.006
[192 372/372] semantic=0.118 depth=0.010
Epoch 192: mIoU=74.841 pix=93.553 abs=0.0155 rel=42.9016 delta=19.250 wall_h=39.391
[193 1/372] semantic=0.129 depth=0.007
[193 25/372] semantic=0.132 depth=0.010
[193 50/372] semantic=0.123 depth=0.011
[193 75/372] semantic=0.105 depth=0.012
[193 100/372] semantic=0.131 depth=0.009
[193 125/372] semantic=0.109 depth=0.007
[193 150/372] semantic=0.138 depth=0.008
[193 175/372] semantic=0.133 depth=0.007
[193 200/372] semantic=0.114 depth=0.007
[193 225/372] semantic=0.097 depth=0.007
[193 250/372] semantic=0.118 depth=0.008
[193 275/372] semantic=0.141 depth=0.009
[193 300/372] semantic=0.105 depth=0.009
[193 325/372] semantic=0.141 depth=0.008
[193 350/372] semantic=0.150 depth=0.009
[193 372/372] semantic=0.139 depth=0.008
Epoch 193: mIoU=74.733 pix=93.494 abs=0.0148 rel=45.6230 delta=20.386 wall_h=39.564
[194 1/372] semantic=0.146 depth=0.009
[194 25/372] semantic=0.117 depth=0.008
[194 50/372] semantic=0.127 depth=0.008
[194 75/372] semantic=0.135 depth=0.008
[194 100/372] semantic=0.095 depth=0.009
[194 125/372] semantic=0.137 depth=0.009
[194 150/372] semantic=0.109 depth=0.007
[194 175/372] semantic=0.168 depth=0.010
[194 200/372] semantic=0.162 depth=0.008
[194 225/372] semantic=0.148 depth=0.011
[194 250/372] semantic=0.117 depth=0.011
[194 275/372] semantic=0.123 depth=0.007
[194 300/372] semantic=0.121 depth=0.008
[194 325/372] semantic=0.132 depth=0.010
[194 350/372] semantic=0.105 depth=0.008
[194 372/372] semantic=0.120 depth=0.009
Epoch 194: mIoU=74.575 pix=93.404 abs=0.0185 rel=41.2883 delta=23.874 wall_h=39.736
[195 1/372] semantic=0.125 depth=0.007
[195 25/372] semantic=0.104 depth=0.008
[195 50/372] semantic=0.136 depth=0.008
[195 75/372] semantic=0.127 depth=0.008
[195 100/372] semantic=0.120 depth=0.010
[195 125/372] semantic=0.090 depth=0.007
[195 150/372] semantic=0.123 depth=0.007
[195 175/372] semantic=0.109 depth=0.009
[195 200/372] semantic=0.134 depth=0.007
[195 225/372] semantic=0.125 depth=0.009
[195 250/372] semantic=0.104 depth=0.010
[195 275/372] semantic=0.127 depth=0.008
[195 300/372] semantic=0.132 depth=0.010
[195 325/372] semantic=0.123 depth=0.009
[195 350/372] semantic=0.121 depth=0.009
[195 372/372] semantic=0.110 depth=0.008
Epoch 195: mIoU=74.924 pix=93.605 abs=0.0145 rel=43.6047 delta=17.880 wall_h=39.910
[196 1/372] semantic=0.120 depth=0.009
[196 25/372] semantic=0.131 depth=0.007
[196 50/372] semantic=0.136 depth=0.008
[196 75/372] semantic=0.101 depth=0.007
[196 100/372] semantic=0.140 depth=0.007
[196 125/372] semantic=0.110 depth=0.008
[196 150/372] semantic=0.141 depth=0.010
[196 175/372] semantic=0.149 depth=0.008
[196 200/372] semantic=0.107 depth=0.009
[196 225/372] semantic=0.140 depth=0.010
[196 250/372] semantic=0.137 depth=0.008
[196 275/372] semantic=0.126 depth=0.007
[196 300/372] semantic=0.118 depth=0.007
[196 325/372] semantic=0.158 depth=0.008
[196 350/372] semantic=0.132 depth=0.008
[196 372/372] semantic=0.136 depth=0.008
Epoch 196: mIoU=74.653 pix=93.529 abs=0.0150 rel=47.8316 delta=22.829 wall_h=40.084
[197 1/372] semantic=0.128 depth=0.007
[197 25/372] semantic=0.129 depth=0.010
[197 50/372] semantic=0.132 depth=0.007
[197 75/372] semantic=0.177 depth=0.008
[197 100/372] semantic=0.113 depth=0.007
[197 125/372] semantic=0.136 depth=0.009
[197 150/372] semantic=0.144 depth=0.008
[197 175/372] semantic=0.130 depth=0.008
[197 200/372] semantic=0.107 depth=0.008
[197 225/372] semantic=0.137 depth=0.009
[197 250/372] semantic=0.119 depth=0.010
[197 275/372] semantic=0.151 depth=0.010
[197 300/372] semantic=0.137 depth=0.009
[197 325/372] semantic=0.092 depth=0.009
[197 350/372] semantic=0.116 depth=0.010
[197 372/372] semantic=0.100 depth=0.008
Epoch 197: mIoU=75.159 pix=93.546 abs=0.0143 rel=46.7315 delta=20.214 wall_h=40.261
[198 1/372] semantic=0.113 depth=0.008
[198 25/372] semantic=0.099 depth=0.009
[198 50/372] semantic=0.168 depth=0.010
[198 75/372] semantic=0.130 depth=0.008
[198 100/372] semantic=0.117 depth=0.008
[198 125/372] semantic=0.121 depth=0.009
[198 150/372] semantic=0.128 depth=0.008
[198 175/372] semantic=0.130 depth=0.009
[198 200/372] semantic=0.124 depth=0.009
[198 225/372] semantic=0.139 depth=0.009
[198 250/372] semantic=0.135 depth=0.008
[198 275/372] semantic=0.120 depth=0.007
[198 300/372] semantic=0.135 depth=0.009
[198 325/372] semantic=0.129 depth=0.010
[198 350/372] semantic=0.105 depth=0.011
[198 372/372] semantic=0.136 depth=0.008
Epoch 198: mIoU=74.277 pix=93.448 abs=0.0155 rel=44.2739 delta=20.698 wall_h=40.436
[199 1/372] semantic=0.144 depth=0.009
[199 25/372] semantic=0.132 depth=0.008
[199 50/372] semantic=0.115 depth=0.008
[199 75/372] semantic=0.116 depth=0.007
[199 100/372] semantic=0.119 depth=0.009
[199 125/372] semantic=0.111 depth=0.009
[199 150/372] semantic=0.122 depth=0.007
[199 175/372] semantic=0.134 depth=0.009
[199 200/372] semantic=0.089 depth=0.010
[199 225/372] semantic=0.091 depth=0.009
[199 250/372] semantic=0.117 depth=0.008
[199 275/372] semantic=0.114 depth=0.011
[199 300/372] semantic=0.113 depth=0.010
[199 325/372] semantic=0.120 depth=0.008
[199 350/372] semantic=0.137 depth=0.007
[199 372/372] semantic=0.126 depth=0.010
Epoch 199: mIoU=74.465 pix=93.425 abs=0.0142 rel=44.7954 delta=18.455 wall_h=40.610
[200 1/372] semantic=0.129 depth=0.009
[200 25/372] semantic=0.114 depth=0.009
[200 50/372] semantic=0.147 depth=0.010
[200 75/372] semantic=0.123 depth=0.007
[200 100/372] semantic=0.139 depth=0.013
[200 125/372] semantic=0.134 depth=0.009
[200 150/372] semantic=0.083 depth=0.007
[200 175/372] semantic=0.125 depth=0.008
[200 200/372] semantic=0.117 depth=0.008
[200 225/372] semantic=0.120 depth=0.009
[200 250/372] semantic=0.150 depth=0.008
[200 275/372] semantic=0.112 depth=0.008
[200 300/372] semantic=0.109 depth=0.009
[200 325/372] semantic=0.133 depth=0.009
[200 350/372] semantic=0.099 depth=0.009
[200 372/372] semantic=0.107 depth=0.010
Epoch 200: mIoU=74.840 pix=93.553 abs=0.0140 rel=45.4486 delta=18.542 wall_h=40.786
