RUN dataset=nyuv2 method=mgda_warm seed=42 lr=0.0001 batch=2 epochs=200 model=mtan
RESULT /mloscratch/homes/mirrokni/LMO-MOO/results/nyuv2/mgda_warm_sd42.stats
CHECKPOINT /mloscratch/homes/mirrokni/LMO-MOO/results/checkpoints/nyuv2/mgda_warm_sd42.pt
OPTIMIZER Adam lr=0.0001
MGDA-WARM computing full-gradient warm start
MGDA-WARM FULL-GRAD 1/398
MGDA-WARM FULL-GRAD 25/398
MGDA-WARM FULL-GRAD 50/398
MGDA-WARM FULL-GRAD 75/398
MGDA-WARM FULL-GRAD 100/398
MGDA-WARM FULL-GRAD 125/398
MGDA-WARM FULL-GRAD 150/398
MGDA-WARM FULL-GRAD 175/398
MGDA-WARM FULL-GRAD 200/398
MGDA-WARM FULL-GRAD 225/398
MGDA-WARM FULL-GRAD 250/398
MGDA-WARM FULL-GRAD 275/398
MGDA-WARM FULL-GRAD 300/398
MGDA-WARM FULL-GRAD 325/398
MGDA-WARM FULL-GRAD 350/398
MGDA-WARM FULL-GRAD 375/398
MGDA-WARM FULL-GRAD 398/398
MGDA-WARM FULL-GRAM [[0.11741529405117035, -0.09571278095245361, 0.015842380002141], [-0.09571278095245361, 0.8778822422027588, -0.05363547429442406], [0.015842380002141, -0.05363547429442406, 0.5550901293754578]]
MGDA-WARM INIT weights=[0.4834536910057068, 0.2466849833726883, 0.2698613405227661] gram=[[0.11741529405117035, -0.09571278095245361, 0.015842380002141], [-0.09571278095245361, 0.8778822422027588, -0.05363547429442406], [0.015842380002141, -0.05363547429442406, 0.5550901293754578]]
MGDA-WARM warm start complete and checkpointed
MGDA-WARM WEIGHTS step=1 weights=[0.5466426610946655, 0.3763802647590637, 0.07697701454162598]
[1 1/398] semantic=2.807 depth=1.638 normal=1.170
MGDA-WARM WEIGHTS step=2 weights=[0.15322795510292053, 0.4014124572277069, 0.4453595280647278]
MGDA-WARM WEIGHTS step=3 weights=[0.11899173259735107, 0.0, 0.8810081481933594]
MGDA-WARM WEIGHTS step=4 weights=[0.5389551520347595, 0.22286944091320038, 0.2381754368543625]
MGDA-WARM WEIGHTS step=5 weights=[0.4084535539150238, 0.2541463375091553, 0.3374001681804657]
MGDA-WARM WEIGHTS step=6 weights=[0.7005129456520081, 0.26767030358314514, 0.03181671351194382]
MGDA-WARM WEIGHTS step=7 weights=[0.07491985708475113, 0.17628151178359985, 0.748798668384552]
MGDA-WARM WEIGHTS step=8 weights=[0.0, 0.0, 1.0]
MGDA-WARM WEIGHTS step=9 weights=[0.0, 0.0, 1.0]
MGDA-WARM WEIGHTS step=10 weights=[0.0, 0.1788206249475479, 0.8211793899536133]
[1 25/398] semantic=2.428 depth=1.076 normal=0.451
[1 50/398] semantic=2.423 depth=0.608 normal=0.390
[1 75/398] semantic=2.189 depth=0.731 normal=0.373
MGDA-WARM WEIGHTS step=100 weights=[0.320974200963974, 0.4457833468914032, 0.2332424521446228]
[1 100/398] semantic=1.779 depth=0.928 normal=0.476
[1 125/398] semantic=1.556 depth=0.814 normal=0.353
[1 150/398] semantic=1.928 depth=0.974 normal=0.309
[1 175/398] semantic=1.775 depth=0.781 normal=0.330
MGDA-WARM WEIGHTS step=200 weights=[0.3085010051727295, 0.1853344887495041, 0.50616455078125]
[1 200/398] semantic=1.976 depth=0.547 normal=0.320
[1 225/398] semantic=1.802 depth=0.885 normal=0.304
[1 250/398] semantic=1.421 depth=0.933 normal=0.257
[1 275/398] semantic=1.970 depth=1.110 normal=0.265
MGDA-WARM WEIGHTS step=300 weights=[0.3338521122932434, 0.29812607169151306, 0.36802181601524353]
[1 300/398] semantic=1.904 depth=1.103 normal=0.409
[1 325/398] semantic=1.873 depth=1.104 normal=0.305
[1 350/398] semantic=2.245 depth=1.362 normal=0.308
[1 375/398] semantic=2.083 depth=0.720 normal=0.370
[1 398/398] semantic=1.783 depth=0.844 normal=0.352
Epoch 001: mIoU=8.899 pix=39.185 abs=0.8799 rel=0.3268 normal_mean=43.320 delta=62.360 wall_h=0.349
[2 1/398] semantic=1.767 depth=0.827 normal=0.263
MGDA-WARM WEIGHTS step=400 weights=[0.39297616481781006, 0.1752614974975586, 0.43176233768463135]
[2 25/398] semantic=1.713 depth=1.382 normal=0.308
[2 50/398] semantic=1.612 depth=0.882 normal=0.310
[2 75/398] semantic=2.132 depth=1.168 normal=0.397
[2 100/398] semantic=1.856 depth=0.621 normal=0.222
MGDA-WARM WEIGHTS step=500 weights=[0.27723902463912964, 0.3657434284687042, 0.35701754689216614]
[2 125/398] semantic=1.758 depth=1.524 normal=0.274
[2 150/398] semantic=1.565 depth=0.912 normal=0.295
[2 175/398] semantic=1.971 depth=0.577 normal=0.333
[2 200/398] semantic=2.479 depth=1.678 normal=0.391
MGDA-WARM WEIGHTS step=600 weights=[0.22051402926445007, 0.4436693787574768, 0.33581653237342834]
[2 225/398] semantic=1.597 depth=1.101 normal=0.321
[2 250/398] semantic=1.649 depth=1.305 normal=0.275
[2 275/398] semantic=1.807 depth=0.445 normal=0.333
[2 300/398] semantic=2.102 depth=0.984 normal=0.308
MGDA-WARM WEIGHTS step=700 weights=[0.35561603307724, 0.2335502654314041, 0.4108337163925171]
[2 325/398] semantic=1.946 depth=0.979 normal=0.377
[2 350/398] semantic=1.812 depth=0.604 normal=0.359
[2 375/398] semantic=1.767 depth=0.529 normal=0.417
[2 398/398] semantic=1.858 depth=2.124 normal=0.442
Epoch 002: mIoU=10.189 pix=41.591 abs=0.8807 rel=0.3181 normal_mean=41.912 delta=58.970 wall_h=0.650
[3 1/398] semantic=1.771 depth=0.973 normal=0.346
MGDA-WARM WEIGHTS step=800 weights=[0.4257453978061676, 0.27649107575416565, 0.29776352643966675]
[3 25/398] semantic=1.647 depth=0.489 normal=0.190
[3 50/398] semantic=1.904 depth=0.513 normal=0.279
[3 75/398] semantic=2.064 depth=0.729 normal=0.485
[3 100/398] semantic=2.069 depth=0.731 normal=0.286
MGDA-WARM WEIGHTS step=900 weights=[0.33700209856033325, 0.24880504608154297, 0.4141928553581238]
[3 125/398] semantic=1.702 depth=1.087 normal=0.319
[3 150/398] semantic=1.547 depth=0.376 normal=0.316
[3 175/398] semantic=1.867 depth=0.690 normal=0.308
[3 200/398] semantic=1.399 depth=0.430 normal=0.238
MGDA-WARM WEIGHTS step=1000 weights=[0.30131402611732483, 0.3683626353740692, 0.33032330870628357]
[3 225/398] semantic=1.829 depth=0.370 normal=0.217
[3 250/398] semantic=1.580 depth=0.736 normal=0.256
[3 275/398] semantic=1.581 depth=0.868 normal=0.317
[3 300/398] semantic=1.431 depth=0.476 normal=0.318
MGDA-WARM WEIGHTS step=1100 weights=[0.19348904490470886, 0.45542237162590027, 0.35108864307403564]
[3 325/398] semantic=1.668 depth=1.238 normal=0.268
[3 350/398] semantic=1.836 depth=0.589 normal=0.287
[3 375/398] semantic=1.786 depth=0.964 normal=0.316
[3 398/398] semantic=1.990 depth=1.292 normal=0.334
Epoch 003: mIoU=11.476 pix=40.838 abs=0.8124 rel=0.3200 normal_mean=40.374 delta=54.903 wall_h=0.955
[4 1/398] semantic=1.939 depth=0.719 normal=0.342
MGDA-WARM WEIGHTS step=1200 weights=[0.6312891840934753, 0.1325567215681076, 0.23615410923957825]
[4 25/398] semantic=1.807 depth=0.451 normal=0.249
[4 50/398] semantic=2.328 depth=0.925 normal=0.241
[4 75/398] semantic=1.785 depth=1.130 normal=0.375
[4 100/398] semantic=1.404 depth=0.654 normal=0.251
MGDA-WARM WEIGHTS step=1300 weights=[0.2839614450931549, 0.2728748321533203, 0.44316375255584717]
[4 125/398] semantic=1.679 depth=0.959 normal=0.346
[4 150/398] semantic=1.483 depth=0.595 normal=0.274
[4 175/398] semantic=1.222 depth=0.840 normal=0.255
[4 200/398] semantic=1.672 depth=0.547 normal=0.379
MGDA-WARM WEIGHTS step=1400 weights=[0.1327434480190277, 0.5589773654937744, 0.3082791268825531]
[4 225/398] semantic=1.782 depth=0.390 normal=0.263
[4 250/398] semantic=1.771 depth=1.149 normal=0.282
[4 275/398] semantic=1.396 depth=0.578 normal=0.278
[4 300/398] semantic=2.317 depth=0.904 normal=0.334
MGDA-WARM WEIGHTS step=1500 weights=[0.3111949861049652, 0.3659725785255432, 0.3228323757648468]
[4 325/398] semantic=1.771 depth=1.025 normal=0.217
[4 350/398] semantic=1.433 depth=0.425 normal=0.273
[4 375/398] semantic=1.383 depth=0.786 normal=0.337
[4 398/398] semantic=1.258 depth=0.867 normal=0.284
Epoch 004: mIoU=12.296 pix=44.595 abs=0.7985 rel=0.3316 normal_mean=38.609 delta=50.048 wall_h=1.294
[5 1/398] semantic=1.497 depth=0.723 normal=0.300
MGDA-WARM WEIGHTS step=1600 weights=[0.28267478942871094, 0.28207242488861084, 0.435252845287323]
[5 25/398] semantic=1.318 depth=1.451 normal=0.243
[5 50/398] semantic=2.107 depth=1.010 normal=0.317
[5 75/398] semantic=1.914 depth=0.517 normal=0.268
[5 100/398] semantic=1.548 depth=0.335 normal=0.278
MGDA-WARM WEIGHTS step=1700 weights=[0.2501346468925476, 0.3305703401565552, 0.4192950427532196]
[5 125/398] semantic=1.764 depth=0.901 normal=0.354
[5 150/398] semantic=1.415 depth=0.453 normal=0.273
[5 175/398] semantic=2.209 depth=0.596 normal=0.334
[5 200/398] semantic=1.559 depth=1.054 normal=0.191
MGDA-WARM WEIGHTS step=1800 weights=[0.4431232213973999, 0.1323566436767578, 0.4245201349258423]
[5 225/398] semantic=2.248 depth=0.668 normal=0.278
[5 250/398] semantic=1.612 depth=1.146 normal=0.329
[5 275/398] semantic=1.475 depth=0.846 normal=0.311
[5 300/398] semantic=1.530 depth=0.686 normal=0.273
MGDA-WARM WEIGHTS step=1900 weights=[0.3136982023715973, 0.2801983654499054, 0.4061034917831421]
[5 325/398] semantic=1.602 depth=0.864 normal=0.332
[5 350/398] semantic=2.077 depth=0.804 normal=0.291
[5 375/398] semantic=1.935 depth=1.558 normal=0.353
[5 398/398] semantic=1.453 depth=0.653 normal=0.275
Epoch 005: mIoU=12.658 pix=43.875 abs=0.7969 rel=0.3231 normal_mean=38.674 delta=49.627 wall_h=1.591
[6 1/398] semantic=1.434 depth=0.597 normal=0.182
MGDA-WARM WEIGHTS step=2000 weights=[0.4058508276939392, 0.246394544839859, 0.3477546274662018]
[6 25/398] semantic=1.758 depth=0.397 normal=0.260
[6 50/398] semantic=2.227 depth=0.775 normal=0.338
[6 75/398] semantic=1.790 depth=0.681 normal=0.254
[6 100/398] semantic=1.455 depth=1.085 normal=0.289
MGDA-WARM WEIGHTS step=2100 weights=[0.32883158326148987, 0.3405422866344452, 0.33062610030174255]
[6 125/398] semantic=1.416 depth=0.713 normal=0.234
[6 150/398] semantic=1.584 depth=0.739 normal=0.246
[6 175/398] semantic=1.610 depth=0.760 normal=0.270
[6 200/398] semantic=1.759 depth=0.462 normal=0.325
MGDA-WARM WEIGHTS step=2200 weights=[0.40982794761657715, 0.1865939199924469, 0.4035780727863312]
[6 225/398] semantic=1.986 depth=0.885 normal=0.287
[6 250/398] semantic=1.553 depth=1.073 normal=0.285
[6 275/398] semantic=1.777 depth=0.525 normal=0.253
[6 300/398] semantic=1.925 depth=0.530 normal=0.253
MGDA-WARM WEIGHTS step=2300 weights=[0.3271244764328003, 0.2695430517196655, 0.4033324718475342]
[6 325/398] semantic=1.195 depth=0.658 normal=0.266
[6 350/398] semantic=1.499 depth=0.339 normal=0.245
[6 375/398] semantic=1.445 depth=1.287 normal=0.342
[6 398/398] semantic=1.606 depth=0.678 normal=0.375
Epoch 006: mIoU=12.044 pix=43.938 abs=0.7869 rel=0.3114 normal_mean=37.475 delta=46.192 wall_h=1.881
[7 1/398] semantic=1.538 depth=1.078 normal=0.387
MGDA-WARM WEIGHTS step=2400 weights=[0.3456650972366333, 0.30146312713623047, 0.3528718054294586]
[7 25/398] semantic=2.023 depth=0.731 normal=0.247
[7 50/398] semantic=1.312 depth=0.677 normal=0.213
[7 75/398] semantic=1.705 depth=0.743 normal=0.268
[7 100/398] semantic=1.557 depth=0.632 normal=0.261
MGDA-WARM WEIGHTS step=2500 weights=[0.2572990953922272, 0.2767552137374878, 0.4659457206726074]
[7 125/398] semantic=1.959 depth=0.755 normal=0.298
[7 150/398] semantic=1.438 depth=0.826 normal=0.301
[7 175/398] semantic=1.257 depth=0.688 normal=0.273
[7 200/398] semantic=1.299 depth=1.240 normal=0.274
MGDA-WARM WEIGHTS step=2600 weights=[0.3255285620689392, 0.21662333607673645, 0.45784807205200195]
[7 225/398] semantic=1.560 depth=0.928 normal=0.253
[7 250/398] semantic=1.748 depth=0.712 normal=0.226
[7 275/398] semantic=1.453 depth=1.718 normal=0.255
[7 300/398] semantic=1.866 depth=0.763 normal=0.277
MGDA-WARM WEIGHTS step=2700 weights=[0.20530979335308075, 0.4069308638572693, 0.38775935769081116]
[7 325/398] semantic=1.443 depth=0.736 normal=0.330
[7 350/398] semantic=1.767 depth=1.798 normal=0.274
[7 375/398] semantic=2.099 depth=0.880 normal=0.302
[7 398/398] semantic=2.028 depth=0.702 normal=0.306
Epoch 007: mIoU=13.198 pix=43.543 abs=0.8242 rel=0.2989 normal_mean=37.199 delta=46.074 wall_h=2.164
[8 1/398] semantic=1.583 depth=1.147 normal=0.270
MGDA-WARM WEIGHTS step=2800 weights=[0.3227076828479767, 0.36367493867874146, 0.31361740827560425]
[8 25/398] semantic=1.921 depth=0.487 normal=0.314
[8 50/398] semantic=1.576 depth=0.637 normal=0.227
[8 75/398] semantic=1.793 depth=1.019 normal=0.340
[8 100/398] semantic=1.318 depth=1.435 normal=0.241
MGDA-WARM WEIGHTS step=2900 weights=[0.21147862076759338, 0.33865654468536377, 0.44986480474472046]
[8 125/398] semantic=1.565 depth=0.409 normal=0.196
[8 150/398] semantic=1.078 depth=0.547 normal=0.240
[8 175/398] semantic=1.388 depth=0.913 normal=0.273
[8 200/398] semantic=1.505 depth=0.606 normal=0.256
MGDA-WARM WEIGHTS step=3000 weights=[0.2645390033721924, 0.38980570435523987, 0.34565526247024536]
[8 225/398] semantic=1.340 depth=0.628 normal=0.298
[8 250/398] semantic=1.306 depth=0.351 normal=0.285
[8 275/398] semantic=1.535 depth=0.886 normal=0.323
[8 300/398] semantic=1.505 depth=1.939 normal=0.407
MGDA-WARM WEIGHTS step=3100 weights=[0.3613491952419281, 0.38573578000068665, 0.25291499495506287]
[8 325/398] semantic=1.572 depth=1.305 normal=0.273
[8 350/398] semantic=1.261 depth=0.567 normal=0.292
[8 375/398] semantic=1.571 depth=0.690 normal=0.401
[8 398/398] semantic=1.152 depth=0.680 normal=0.272
Epoch 008: mIoU=13.355 pix=45.691 abs=0.7679 rel=0.2950 normal_mean=37.612 delta=46.992 wall_h=2.467
[9 1/398] semantic=1.028 depth=0.464 normal=0.188
MGDA-WARM WEIGHTS step=3200 weights=[0.29172685742378235, 0.377031147480011, 0.3312419652938843]
[9 25/398] semantic=1.400 depth=0.817 normal=0.230
[9 50/398] semantic=1.508 depth=1.320 normal=0.265
[9 75/398] semantic=1.452 depth=0.532 normal=0.260
[9 100/398] semantic=1.867 depth=0.392 normal=0.244
MGDA-WARM WEIGHTS step=3300 weights=[0.3072490096092224, 0.2715151309967041, 0.4212358295917511]
[9 125/398] semantic=1.738 depth=0.854 normal=0.309
[9 150/398] semantic=1.238 depth=0.524 normal=0.249
[9 175/398] semantic=1.034 depth=0.968 normal=0.230
[9 200/398] semantic=1.465 depth=0.719 normal=0.206
MGDA-WARM WEIGHTS step=3400 weights=[0.06240108609199524, 0.6626569032669067, 0.2749420702457428]
[9 225/398] semantic=1.838 depth=0.831 normal=0.264
[9 250/398] semantic=1.490 depth=0.387 normal=0.219
[9 275/398] semantic=1.850 depth=1.139 normal=0.321
[9 300/398] semantic=1.619 depth=0.780 normal=0.340
MGDA-WARM WEIGHTS step=3500 weights=[0.23117361962795258, 0.47839999198913574, 0.2904263436794281]
[9 325/398] semantic=1.809 depth=0.488 normal=0.227
[9 350/398] semantic=2.004 depth=0.529 normal=0.291
[9 375/398] semantic=1.842 depth=1.187 normal=0.254
[9 398/398] semantic=1.345 depth=1.496 normal=0.232
Epoch 009: mIoU=14.944 pix=46.761 abs=0.7465 rel=0.3136 normal_mean=36.810 delta=44.476 wall_h=2.750
[10 1/398] semantic=1.279 depth=1.043 normal=0.228
MGDA-WARM WEIGHTS step=3600 weights=[0.3634824752807617, 0.1839275062084198, 0.4525899887084961]
[10 25/398] semantic=1.948 depth=0.711 normal=0.329
[10 50/398] semantic=1.989 depth=0.624 normal=0.328
[10 75/398] semantic=1.541 depth=0.265 normal=0.220
[10 100/398] semantic=1.708 depth=0.548 normal=0.325
MGDA-WARM WEIGHTS step=3700 weights=[0.46915507316589355, 0.20292285084724426, 0.3279220163822174]
[10 125/398] semantic=1.395 depth=0.877 normal=0.338
[10 150/398] semantic=1.542 depth=2.155 normal=0.247
[10 175/398] semantic=1.468 depth=0.776 normal=0.251
[10 200/398] semantic=2.005 depth=0.639 normal=0.290
MGDA-WARM WEIGHTS step=3800 weights=[0.2846919894218445, 0.3038429617881775, 0.41146498918533325]
[10 225/398] semantic=1.373 depth=0.556 normal=0.281
[10 250/398] semantic=1.516 depth=1.149 normal=0.264
[10 275/398] semantic=1.774 depth=0.722 normal=0.377
[10 300/398] semantic=1.684 depth=0.557 normal=0.198
MGDA-WARM WEIGHTS step=3900 weights=[0.0, 0.4911675453186035, 0.5088324546813965]
[10 325/398] semantic=1.443 depth=0.842 normal=0.235
[10 350/398] semantic=1.883 depth=0.478 normal=0.288
[10 375/398] semantic=1.268 depth=0.581 normal=0.312
[10 398/398] semantic=1.807 depth=0.776 normal=0.368
Epoch 010: mIoU=12.893 pix=44.254 abs=0.8047 rel=0.3052 normal_mean=36.739 delta=44.221 wall_h=3.034
[11 1/398] semantic=1.460 depth=0.764 normal=0.254
MGDA-WARM WEIGHTS step=4000 weights=[0.7518107295036316, 0.18877778947353363, 0.059411436319351196]
[11 25/398] semantic=1.416 depth=0.766 normal=0.245
[11 50/398] semantic=2.517 depth=0.786 normal=0.278
[11 75/398] semantic=1.264 depth=0.866 normal=0.283
[11 100/398] semantic=1.070 depth=0.415 normal=0.183
MGDA-WARM WEIGHTS step=4100 weights=[0.0, 0.41506683826446533, 0.5849331617355347]
[11 125/398] semantic=1.732 depth=1.128 normal=0.258
[11 150/398] semantic=1.479 depth=0.530 normal=0.178
[11 175/398] semantic=1.864 depth=0.531 normal=0.277
[11 200/398] semantic=1.535 depth=0.722 normal=0.263
MGDA-WARM WEIGHTS step=4200 weights=[0.21892493963241577, 0.47656163573265076, 0.30451345443725586]
[11 225/398] semantic=1.466 depth=0.934 normal=0.255
[11 250/398] semantic=1.300 depth=1.105 normal=0.227
[11 275/398] semantic=1.236 depth=0.658 normal=0.184
[11 300/398] semantic=1.393 depth=0.669 normal=0.264
MGDA-WARM WEIGHTS step=4300 weights=[0.5455259084701538, 0.09679107367992401, 0.357683002948761]
[11 325/398] semantic=1.733 depth=0.421 normal=0.200
[11 350/398] semantic=1.234 depth=0.447 normal=0.265
[11 375/398] semantic=1.517 depth=0.658 normal=0.272
[11 398/398] semantic=1.319 depth=0.785 normal=0.245
Epoch 011: mIoU=14.145 pix=45.810 abs=0.7948 rel=0.3064 normal_mean=35.706 delta=42.536 wall_h=3.327
[12 1/398] semantic=1.322 depth=0.729 normal=0.244
MGDA-WARM WEIGHTS step=4400 weights=[0.2831834554672241, 0.2037941813468933, 0.5130224227905273]
[12 25/398] semantic=1.258 depth=0.705 normal=0.225
[12 50/398] semantic=1.605 depth=1.058 normal=0.390
[12 75/398] semantic=1.269 depth=0.647 normal=0.210
[12 100/398] semantic=1.095 depth=0.597 normal=0.275
MGDA-WARM WEIGHTS step=4500 weights=[0.31531763076782227, 0.41758081316947937, 0.26710161566734314]
[12 125/398] semantic=1.280 depth=0.679 normal=0.221
[12 150/398] semantic=1.817 depth=0.564 normal=0.202
[12 175/398] semantic=1.812 depth=0.457 normal=0.257
[12 200/398] semantic=1.482 depth=0.497 normal=0.227
MGDA-WARM WEIGHTS step=4600 weights=[0.07602252811193466, 0.7541148662567139, 0.16986261308193207]
[12 225/398] semantic=1.766 depth=1.150 normal=0.346
[12 250/398] semantic=1.516 depth=1.007 normal=0.268
[12 275/398] semantic=1.509 depth=0.684 normal=0.223
[12 300/398] semantic=1.126 depth=0.591 normal=0.318
MGDA-WARM WEIGHTS step=4700 weights=[0.3436165452003479, 0.24505756795406342, 0.4113258719444275]
[12 325/398] semantic=1.373 depth=0.980 normal=0.235
[12 350/398] semantic=1.464 depth=0.779 normal=0.326
[12 375/398] semantic=1.132 depth=0.709 normal=0.232
[12 398/398] semantic=1.174 depth=0.304 normal=0.150
Epoch 012: mIoU=14.334 pix=48.338 abs=0.8232 rel=0.2885 normal_mean=35.261 delta=40.034 wall_h=3.611
[13 1/398] semantic=1.528 depth=0.499 normal=0.194
MGDA-WARM WEIGHTS step=4800 weights=[0.43380844593048096, 0.30091211199760437, 0.2652794122695923]
[13 25/398] semantic=1.405 depth=0.335 normal=0.198
[13 50/398] semantic=1.621 depth=0.950 normal=0.246
[13 75/398] semantic=1.920 depth=0.873 normal=0.350
[13 100/398] semantic=1.214 depth=0.438 normal=0.178
MGDA-WARM WEIGHTS step=4900 weights=[0.24090272188186646, 0.1733463704586029, 0.585750937461853]
[13 125/398] semantic=1.589 depth=0.533 normal=0.228
[13 150/398] semantic=1.219 depth=1.136 normal=0.245
[13 175/398] semantic=1.490 depth=0.487 normal=0.210
[13 200/398] semantic=1.179 depth=0.529 normal=0.209
MGDA-WARM WEIGHTS step=5000 weights=[0.16368719935417175, 0.45179376006126404, 0.3845190405845642]
[13 225/398] semantic=1.635 depth=0.873 normal=0.236
[13 250/398] semantic=1.286 depth=0.664 normal=0.185
[13 275/398] semantic=1.364 depth=0.617 normal=0.199
[13 300/398] semantic=1.918 depth=0.795 normal=0.243
MGDA-WARM WEIGHTS step=5100 weights=[0.1465132087469101, 0.18520484864711761, 0.6682819724082947]
[13 325/398] semantic=1.288 depth=1.012 normal=0.213
[13 350/398] semantic=1.855 depth=0.914 normal=0.372
[13 375/398] semantic=1.526 depth=1.029 normal=0.176
[13 398/398] semantic=1.810 depth=0.612 normal=0.293
Epoch 013: mIoU=15.690 pix=48.897 abs=0.7429 rel=0.2832 normal_mean=34.550 delta=35.625 wall_h=3.897
[14 1/398] semantic=1.179 depth=0.496 normal=0.214
[14 25/398] semantic=1.636 depth=0.784 normal=0.269
MGDA-WARM WEIGHTS step=5200 weights=[0.513501763343811, 0.158525288105011, 0.32797303795814514]
[14 50/398] semantic=1.528 depth=0.839 normal=0.268
[14 75/398] semantic=1.706 depth=0.678 normal=0.274
[14 100/398] semantic=1.371 depth=0.401 normal=0.249
[14 125/398] semantic=1.792 depth=0.486 normal=0.218
MGDA-WARM WEIGHTS step=5300 weights=[0.31544578075408936, 0.3098033666610718, 0.3747508227825165]
[14 150/398] semantic=1.592 depth=0.925 normal=0.227
[14 175/398] semantic=2.012 depth=0.551 normal=0.380
[14 200/398] semantic=0.816 depth=1.082 normal=0.167
[14 225/398] semantic=1.243 depth=1.143 normal=0.209
MGDA-WARM WEIGHTS step=5400 weights=[0.11761660873889923, 0.47762325406074524, 0.4047601521015167]
[14 250/398] semantic=1.826 depth=1.297 normal=0.312
[14 275/398] semantic=1.007 depth=0.588 normal=0.221
[14 300/398] semantic=1.361 depth=0.924 normal=0.215
[14 325/398] semantic=1.543 depth=1.343 normal=0.314
MGDA-WARM WEIGHTS step=5500 weights=[0.34901368618011475, 0.3209979236125946, 0.32998839020729065]
[14 350/398] semantic=1.323 depth=0.468 normal=0.256
[14 375/398] semantic=1.570 depth=0.553 normal=0.189
[14 398/398] semantic=1.630 depth=0.822 normal=0.332
Epoch 014: mIoU=14.958 pix=47.069 abs=0.8024 rel=0.2870 normal_mean=35.120 delta=39.203 wall_h=4.184
[15 1/398] semantic=1.631 depth=0.740 normal=0.244
[15 25/398] semantic=1.940 depth=1.476 normal=0.247
MGDA-WARM WEIGHTS step=5600 weights=[0.4291651248931885, 0.2166799008846283, 0.35415494441986084]
[15 50/398] semantic=2.051 depth=0.586 normal=0.188
[15 75/398] semantic=1.680 depth=0.861 normal=0.228
[15 100/398] semantic=1.426 depth=0.631 normal=0.236
[15 125/398] semantic=1.374 depth=0.674 normal=0.180
MGDA-WARM WEIGHTS step=5700 weights=[0.3232446610927582, 0.24738115072250366, 0.42937415838241577]
[15 150/398] semantic=0.979 depth=0.600 normal=0.235
[15 175/398] semantic=1.409 depth=0.978 normal=0.202
[15 200/398] semantic=1.396 depth=1.179 normal=0.258
[15 225/398] semantic=1.288 depth=0.548 normal=0.331
MGDA-WARM WEIGHTS step=5800 weights=[0.3405765891075134, 0.11857248097658157, 0.5408509373664856]
[15 250/398] semantic=1.566 depth=0.580 normal=0.278
[15 275/398] semantic=1.831 depth=0.472 normal=0.255
[15 300/398] semantic=2.128 depth=1.534 normal=0.250
[15 325/398] semantic=1.431 depth=0.565 normal=0.246
MGDA-WARM WEIGHTS step=5900 weights=[0.42085859179496765, 0.09914000332355499, 0.48000138998031616]
[15 350/398] semantic=1.848 depth=0.560 normal=0.272
[15 375/398] semantic=1.712 depth=0.450 normal=0.271
[15 398/398] semantic=1.322 depth=0.579 normal=0.256
Epoch 015: mIoU=16.885 pix=49.810 abs=0.7201 rel=0.2903 normal_mean=34.092 delta=34.132 wall_h=4.469
[16 1/398] semantic=2.034 depth=0.610 normal=0.232
[16 25/398] semantic=1.633 depth=0.369 normal=0.281
MGDA-WARM WEIGHTS step=6000 weights=[0.35481858253479004, 0.2163223922252655, 0.42885899543762207]
[16 50/398] semantic=1.953 depth=1.042 normal=0.459
[16 75/398] semantic=2.044 depth=0.683 normal=0.208
[16 100/398] semantic=1.671 depth=0.743 normal=0.213
[16 125/398] semantic=1.366 depth=0.946 normal=0.215
MGDA-WARM WEIGHTS step=6100 weights=[0.5289434194564819, 0.13061124086380005, 0.340445339679718]
[16 150/398] semantic=1.123 depth=0.433 normal=0.193
[16 175/398] semantic=1.725 depth=0.916 normal=0.327
[16 200/398] semantic=0.933 depth=0.438 normal=0.175
[16 225/398] semantic=1.483 depth=0.405 normal=0.193
MGDA-WARM WEIGHTS step=6200 weights=[0.5482627153396606, 0.4353006184101105, 0.016436655074357986]
[16 250/398] semantic=1.110 depth=0.778 normal=0.204
[16 275/398] semantic=1.582 depth=0.810 normal=0.214
[16 300/398] semantic=1.658 depth=0.881 normal=0.276
[16 325/398] semantic=1.833 depth=0.649 normal=0.203
MGDA-WARM WEIGHTS step=6300 weights=[0.18428398668766022, 0.2577250003814697, 0.5579909682273865]
[16 350/398] semantic=1.516 depth=0.940 normal=0.187
[16 375/398] semantic=1.113 depth=0.890 normal=0.261
[16 398/398] semantic=1.497 depth=0.432 normal=0.276
Epoch 016: mIoU=17.921 pix=49.908 abs=0.7457 rel=0.3023 normal_mean=34.246 delta=36.142 wall_h=4.758
[17 1/398] semantic=1.364 depth=0.577 normal=0.273
[17 25/398] semantic=1.325 depth=1.118 normal=0.307
MGDA-WARM WEIGHTS step=6400 weights=[1.0, 0.0, 0.0]
[17 50/398] semantic=1.235 depth=1.071 normal=0.188
[17 75/398] semantic=1.314 depth=0.392 normal=0.229
[17 100/398] semantic=1.510 depth=0.335 normal=0.187
[17 125/398] semantic=1.708 depth=0.499 normal=0.237
MGDA-WARM WEIGHTS step=6500 weights=[0.0, 0.5407460927963257, 0.4592539072036743]
[17 150/398] semantic=1.610 depth=0.478 normal=0.264
[17 175/398] semantic=1.160 depth=0.607 normal=0.198
[17 200/398] semantic=1.171 depth=0.450 normal=0.205
[17 225/398] semantic=1.063 depth=0.853 normal=0.190
MGDA-WARM WEIGHTS step=6600 weights=[0.23185688257217407, 0.2840956449508667, 0.48404744267463684]
[17 250/398] semantic=1.270 depth=1.020 normal=0.257
[17 275/398] semantic=0.965 depth=0.636 normal=0.194
[17 300/398] semantic=1.188 depth=0.803 normal=0.219
[17 325/398] semantic=1.317 depth=0.502 normal=0.183
MGDA-WARM WEIGHTS step=6700 weights=[0.22212772071361542, 0.20682258903980255, 0.571049690246582]
[17 350/398] semantic=1.290 depth=0.486 normal=0.252
[17 375/398] semantic=1.052 depth=1.580 normal=0.202
[17 398/398] semantic=1.829 depth=0.869 normal=0.152
Epoch 017: mIoU=18.240 pix=50.512 abs=0.7239 rel=0.2972 normal_mean=33.960 delta=34.247 wall_h=5.045
[18 1/398] semantic=1.268 depth=0.520 normal=0.183
[18 25/398] semantic=1.483 depth=0.439 normal=0.220
MGDA-WARM WEIGHTS step=6800 weights=[0.146683931350708, 0.5557317733764648, 0.29758429527282715]
[18 50/398] semantic=1.857 depth=0.659 normal=0.253
[18 75/398] semantic=1.630 depth=0.544 normal=0.288
[18 100/398] semantic=1.924 depth=0.999 normal=0.258
[18 125/398] semantic=1.580 depth=0.662 normal=0.217
MGDA-WARM WEIGHTS step=6900 weights=[0.26160895824432373, 0.3500593602657318, 0.38833171129226685]
[18 150/398] semantic=0.952 depth=0.886 normal=0.177
[18 175/398] semantic=1.151 depth=0.921 normal=0.189
[18 200/398] semantic=1.563 depth=0.561 normal=0.201
[18 225/398] semantic=1.446 depth=0.400 normal=0.253
MGDA-WARM WEIGHTS step=7000 weights=[0.2019471675157547, 0.317688912153244, 0.4803638756275177]
[18 250/398] semantic=1.308 depth=0.980 normal=0.239
[18 275/398] semantic=1.665 depth=0.942 normal=0.267
[18 300/398] semantic=1.372 depth=1.142 normal=0.209
[18 325/398] semantic=1.591 depth=0.682 normal=0.248
MGDA-WARM WEIGHTS step=7100 weights=[1.0, 0.0, 0.0]
[18 350/398] semantic=1.742 depth=0.673 normal=0.224
[18 375/398] semantic=2.810 depth=0.789 normal=0.371
[18 398/398] semantic=1.411 depth=0.425 normal=0.270
Epoch 018: mIoU=16.535 pix=47.108 abs=0.7406 rel=0.3034 normal_mean=34.477 delta=36.877 wall_h=5.332
[19 1/398] semantic=1.732 depth=0.567 normal=0.254
[19 25/398] semantic=1.732 depth=0.795 normal=0.218
MGDA-WARM WEIGHTS step=7200 weights=[0.5874404907226562, 0.16266225278377533, 0.24989724159240723]
[19 50/398] semantic=1.288 depth=0.471 normal=0.258
[19 75/398] semantic=1.859 depth=0.748 normal=0.172
[19 100/398] semantic=0.981 depth=0.600 normal=0.271
[19 125/398] semantic=1.731 depth=0.540 normal=0.242
MGDA-WARM WEIGHTS step=7300 weights=[0.7703686952590942, 0.08030248433351517, 0.14932888746261597]
[19 150/398] semantic=1.297 depth=0.531 normal=0.224
[19 175/398] semantic=1.304 depth=0.610 normal=0.229
[19 200/398] semantic=1.421 depth=0.697 normal=0.295
[19 225/398] semantic=1.230 depth=0.542 normal=0.168
MGDA-WARM WEIGHTS step=7400 weights=[0.0, 0.8460187315940857, 0.15398123860359192]
[19 250/398] semantic=1.232 depth=0.473 normal=0.229
[19 275/398] semantic=1.299 depth=0.437 normal=0.139
[19 300/398] semantic=1.868 depth=0.948 normal=0.249
[19 325/398] semantic=1.872 depth=0.993 normal=0.263
MGDA-WARM WEIGHTS step=7500 weights=[0.19433461129665375, 0.44760364294052124, 0.3580617606639862]
[19 350/398] semantic=1.217 depth=0.698 normal=0.182
[19 375/398] semantic=1.540 depth=0.703 normal=0.170
[19 398/398] semantic=1.316 depth=0.423 normal=0.201
Epoch 019: mIoU=19.408 pix=51.532 abs=0.7378 rel=0.2749 normal_mean=32.559 delta=29.635 wall_h=5.633
[20 1/398] semantic=1.122 depth=0.501 normal=0.144
[20 25/398] semantic=1.584 depth=1.055 normal=0.271
MGDA-WARM WEIGHTS step=7600 weights=[0.2884595990180969, 0.3366643488407135, 0.37487611174583435]
[20 50/398] semantic=1.016 depth=0.473 normal=0.235
[20 75/398] semantic=1.281 depth=0.753 normal=0.219
[20 100/398] semantic=1.543 depth=0.347 normal=0.153
[20 125/398] semantic=1.317 depth=0.299 normal=0.207
MGDA-WARM WEIGHTS step=7700 weights=[0.375482976436615, 0.11185043305158615, 0.5126665830612183]
[20 150/398] semantic=1.873 depth=0.575 normal=0.300
[20 175/398] semantic=1.065 depth=0.430 normal=0.174
[20 200/398] semantic=1.434 depth=0.557 normal=0.211
[20 225/398] semantic=1.164 depth=0.463 normal=0.183
MGDA-WARM WEIGHTS step=7800 weights=[0.45578575134277344, 0.10050779581069946, 0.4437064528465271]
[20 250/398] semantic=1.529 depth=0.696 normal=0.292
[20 275/398] semantic=2.684 depth=1.043 normal=0.237
[20 300/398] semantic=1.824 depth=0.544 normal=0.259
[20 325/398] semantic=1.101 depth=0.688 normal=0.179
MGDA-WARM WEIGHTS step=7900 weights=[0.34738099575042725, 0.10429893434047699, 0.5483200550079346]
[20 350/398] semantic=1.717 depth=0.900 normal=0.323
[20 375/398] semantic=1.384 depth=0.749 normal=0.216
[20 398/398] semantic=2.135 depth=0.429 normal=0.205
Epoch 020: mIoU=18.783 pix=50.043 abs=0.7093 rel=0.2751 normal_mean=33.475 delta=32.398 wall_h=5.927
[21 1/398] semantic=1.041 depth=0.475 normal=0.180
[21 25/398] semantic=1.276 depth=0.422 normal=0.225
MGDA-WARM WEIGHTS step=8000 weights=[0.46829307079315186, 0.16019104421138763, 0.37151581048965454]
[21 50/398] semantic=1.663 depth=0.678 normal=0.254
[21 75/398] semantic=1.639 depth=0.449 normal=0.232
[21 100/398] semantic=1.847 depth=0.467 normal=0.257
[21 125/398] semantic=1.630 depth=0.848 normal=0.182
MGDA-WARM WEIGHTS step=8100 weights=[0.28814899921417236, 0.22581060230731964, 0.4860404133796692]
[21 150/398] semantic=1.553 depth=0.617 normal=0.239
[21 175/398] semantic=1.469 depth=0.645 normal=0.317
[21 200/398] semantic=1.236 depth=0.388 normal=0.180
[21 225/398] semantic=1.235 depth=1.523 normal=0.225
MGDA-WARM WEIGHTS step=8200 weights=[0.4146207571029663, 0.06895913928747177, 0.5164201259613037]
[21 250/398] semantic=1.380 depth=0.561 normal=0.218
[21 275/398] semantic=1.715 depth=0.855 normal=0.288
[21 300/398] semantic=1.324 depth=0.566 normal=0.205
[21 325/398] semantic=1.218 depth=0.960 normal=0.312
MGDA-WARM WEIGHTS step=8300 weights=[0.271582692861557, 0.3068949580192566, 0.4215223789215088]
[21 350/398] semantic=1.327 depth=0.532 normal=0.214
[21 375/398] semantic=1.486 depth=0.766 normal=0.189
[21 398/398] semantic=1.709 depth=0.440 normal=0.225
Epoch 021: mIoU=19.004 pix=50.675 abs=0.7625 rel=0.3433 normal_mean=33.953 delta=36.897 wall_h=6.222
[22 1/398] semantic=1.725 depth=0.652 normal=0.172
[22 25/398] semantic=1.354 depth=0.845 normal=0.200
MGDA-WARM WEIGHTS step=8400 weights=[0.5595501661300659, 0.18091490864753723, 0.25953495502471924]
[22 50/398] semantic=2.079 depth=0.892 normal=0.236
[22 75/398] semantic=1.214 depth=0.818 normal=0.257
[22 100/398] semantic=1.283 depth=0.544 normal=0.176
[22 125/398] semantic=1.104 depth=0.311 normal=0.189
MGDA-WARM WEIGHTS step=8500 weights=[0.6803579926490784, 0.03360775113105774, 0.2860342562198639]
[22 150/398] semantic=1.431 depth=0.475 normal=0.200
[22 175/398] semantic=1.674 depth=0.629 normal=0.299
[22 200/398] semantic=1.590 depth=0.822 normal=0.321
[22 225/398] semantic=1.163 depth=0.626 normal=0.231
MGDA-WARM WEIGHTS step=8600 weights=[0.1084459125995636, 0.058562397956848145, 0.8329917192459106]
[22 250/398] semantic=2.062 depth=0.723 normal=0.255
[22 275/398] semantic=1.574 depth=0.516 normal=0.206
[22 300/398] semantic=2.309 depth=0.753 normal=0.301
[22 325/398] semantic=1.328 depth=1.010 normal=0.380
MGDA-WARM WEIGHTS step=8700 weights=[0.3976534605026245, 0.13259673118591309, 0.4697498381137848]
[22 350/398] semantic=1.086 depth=1.013 normal=0.179
[22 375/398] semantic=1.846 depth=0.429 normal=0.242
[22 398/398] semantic=0.929 depth=0.878 normal=0.251
Epoch 022: mIoU=20.006 pix=51.301 abs=0.7770 rel=0.3528 normal_mean=33.639 delta=35.194 wall_h=6.515
[23 1/398] semantic=1.093 depth=0.482 normal=0.181
[23 25/398] semantic=1.339 depth=0.328 normal=0.210
MGDA-WARM WEIGHTS step=8800 weights=[0.37985464930534363, 0.33872562646865845, 0.28141969442367554]
[23 50/398] semantic=1.315 depth=0.455 normal=0.208
[23 75/398] semantic=2.920 depth=1.035 normal=0.213
[23 100/398] semantic=1.372 depth=0.439 normal=0.197
[23 125/398] semantic=1.536 depth=0.655 normal=0.229
MGDA-WARM WEIGHTS step=8900 weights=[0.09946320950984955, 0.5485607385635376, 0.35197606682777405]
[23 150/398] semantic=1.504 depth=0.461 normal=0.289
[23 175/398] semantic=1.006 depth=0.754 normal=0.179
[23 200/398] semantic=0.855 depth=0.805 normal=0.279
[23 225/398] semantic=1.280 depth=0.485 normal=0.231
MGDA-WARM WEIGHTS step=9000 weights=[0.28943055868148804, 0.3378410339355469, 0.3727284371852875]
[23 250/398] semantic=2.126 depth=1.385 normal=0.232
[23 275/398] semantic=1.591 depth=1.074 normal=0.316
[23 300/398] semantic=1.463 depth=0.565 normal=0.202
[23 325/398] semantic=1.523 depth=0.652 normal=0.162
MGDA-WARM WEIGHTS step=9100 weights=[0.25891515612602234, 0.2986930012702942, 0.4423918128013611]
[23 350/398] semantic=1.209 depth=0.878 normal=0.193
[23 375/398] semantic=1.472 depth=1.209 normal=0.272
[23 398/398] semantic=2.145 depth=0.905 normal=0.182
Epoch 023: mIoU=19.497 pix=50.899 abs=0.6826 rel=0.2833 normal_mean=32.395 delta=27.556 wall_h=6.807
[24 1/398] semantic=1.190 depth=0.510 normal=0.243
[24 25/398] semantic=1.779 depth=0.886 normal=0.286
MGDA-WARM WEIGHTS step=9200 weights=[0.5873293280601501, 0.1412939876317978, 0.2713766396045685]
[24 50/398] semantic=1.425 depth=1.390 normal=0.188
[24 75/398] semantic=1.492 depth=0.283 normal=0.215
[24 100/398] semantic=1.783 depth=0.782 normal=0.180
[24 125/398] semantic=2.000 depth=0.480 normal=0.218
MGDA-WARM WEIGHTS step=9300 weights=[0.20734460651874542, 0.29906320571899414, 0.49359217286109924]
[24 150/398] semantic=1.579 depth=0.884 normal=0.223
[24 175/398] semantic=1.286 depth=0.562 normal=0.228
[24 200/398] semantic=1.230 depth=0.654 normal=0.196
[24 225/398] semantic=1.313 depth=0.619 normal=0.209
MGDA-WARM WEIGHTS step=9400 weights=[0.0, 0.3380122780799866, 0.6619876623153687]
[24 250/398] semantic=1.451 depth=1.102 normal=0.197
[24 275/398] semantic=1.785 depth=0.629 normal=0.251
[24 300/398] semantic=1.378 depth=0.878 normal=0.221
[24 325/398] semantic=1.607 depth=0.718 normal=0.241
MGDA-WARM WEIGHTS step=9500 weights=[0.18470335006713867, 0.1667819321155548, 0.6485146880149841]
[24 350/398] semantic=1.324 depth=0.634 normal=0.192
[24 375/398] semantic=1.440 depth=0.725 normal=0.215
[24 398/398] semantic=1.824 depth=0.697 normal=0.211
Epoch 024: mIoU=20.526 pix=53.140 abs=0.6818 rel=0.2828 normal_mean=32.131 delta=25.967 wall_h=7.103
[25 1/398] semantic=1.993 depth=0.778 normal=0.329
[25 25/398] semantic=1.028 depth=0.368 normal=0.166
MGDA-WARM WEIGHTS step=9600 weights=[0.47810816764831543, 0.15219834446907043, 0.36969348788261414]
[25 50/398] semantic=1.890 depth=0.783 normal=0.201
[25 75/398] semantic=1.353 depth=0.703 normal=0.193
[25 100/398] semantic=1.663 depth=0.679 normal=0.208
[25 125/398] semantic=1.419 depth=0.658 normal=0.221
MGDA-WARM WEIGHTS step=9700 weights=[0.2708510160446167, 0.31561046838760376, 0.41353845596313477]
[25 150/398] semantic=1.271 depth=1.273 normal=0.211
[25 175/398] semantic=1.911 depth=0.804 normal=0.193
[25 200/398] semantic=1.375 depth=0.697 normal=0.247
[25 225/398] semantic=1.483 depth=0.539 normal=0.163
MGDA-WARM WEIGHTS step=9800 weights=[0.30489104986190796, 0.2817680537700653, 0.41334086656570435]
[25 250/398] semantic=1.590 depth=1.575 normal=0.182
[25 275/398] semantic=1.529 depth=0.689 normal=0.196
[25 300/398] semantic=1.277 depth=0.428 normal=0.168
[25 325/398] semantic=1.359 depth=0.600 normal=0.230
MGDA-WARM WEIGHTS step=9900 weights=[0.0, 0.9203774333000183, 0.07962259650230408]
[25 350/398] semantic=1.364 depth=0.532 normal=0.167
[25 375/398] semantic=1.759 depth=0.623 normal=0.175
[25 398/398] semantic=1.121 depth=0.668 normal=0.302
Epoch 025: mIoU=21.470 pix=54.090 abs=0.7884 rel=0.2799 normal_mean=32.847 delta=30.635 wall_h=7.393
[26 1/398] semantic=1.107 depth=1.234 normal=0.297
[26 25/398] semantic=0.888 depth=0.504 normal=0.196
MGDA-WARM WEIGHTS step=10000 weights=[0.48422154784202576, 0.14521867036819458, 0.37055978178977966]
[26 50/398] semantic=0.948 depth=0.365 normal=0.171
[26 75/398] semantic=1.386 depth=0.287 normal=0.214
[26 100/398] semantic=1.111 depth=0.491 normal=0.182
[26 125/398] semantic=1.159 depth=1.282 normal=0.215
MGDA-WARM WEIGHTS step=10100 weights=[0.3213421106338501, 0.20644786953926086, 0.4722100496292114]
[26 150/398] semantic=1.166 depth=0.802 normal=0.230
[26 175/398] semantic=1.001 depth=0.601 normal=0.230
[26 200/398] semantic=1.346 depth=0.498 normal=0.217
[26 225/398] semantic=1.991 depth=0.563 normal=0.274
MGDA-WARM WEIGHTS step=10200 weights=[0.0, 0.612486720085144, 0.38751325011253357]
[26 250/398] semantic=1.264 depth=0.577 normal=0.220
[26 275/398] semantic=1.412 depth=0.682 normal=0.247
[26 300/398] semantic=1.235 depth=0.377 normal=0.211
[26 325/398] semantic=1.414 depth=0.508 normal=0.208
MGDA-WARM WEIGHTS step=10300 weights=[0.4745422303676605, 0.13677944242954254, 0.38867831230163574]
[26 350/398] semantic=1.189 depth=0.442 normal=0.218
[26 375/398] semantic=1.453 depth=0.523 normal=0.247
[26 398/398] semantic=1.078 depth=0.438 normal=0.139
Epoch 026: mIoU=21.203 pix=52.320 abs=0.7080 rel=0.2913 normal_mean=32.646 delta=30.034 wall_h=7.691
[27 1/398] semantic=1.421 depth=0.874 normal=0.304
[27 25/398] semantic=1.459 depth=0.769 normal=0.328
[27 50/398] semantic=1.429 depth=0.361 normal=0.155
MGDA-WARM WEIGHTS step=10400 weights=[0.25516512989997864, 0.26243463158607483, 0.4824002683162689]
[27 75/398] semantic=1.128 depth=0.729 normal=0.194
[27 100/398] semantic=1.265 depth=0.633 normal=0.167
[27 125/398] semantic=1.289 depth=0.372 normal=0.187
[27 150/398] semantic=1.439 depth=0.634 normal=0.196
MGDA-WARM WEIGHTS step=10500 weights=[0.2744569778442383, 0.09108205139636993, 0.634460985660553]
[27 175/398] semantic=1.370 depth=0.496 normal=0.227
[27 200/398] semantic=1.376 depth=1.581 normal=0.216
[27 225/398] semantic=1.220 depth=1.150 normal=0.240
[27 250/398] semantic=1.328 depth=0.684 normal=0.178
MGDA-WARM WEIGHTS step=10600 weights=[0.4376424551010132, 0.05436362698674202, 0.5079939365386963]
[27 275/398] semantic=1.007 depth=0.608 normal=0.170
[27 300/398] semantic=1.546 depth=0.435 normal=0.196
[27 325/398] semantic=1.211 depth=0.621 normal=0.215
[27 350/398] semantic=1.253 depth=0.421 normal=0.192
MGDA-WARM WEIGHTS step=10700 weights=[0.5527625679969788, 0.14841718971729279, 0.29882025718688965]
[27 375/398] semantic=1.033 depth=0.334 normal=0.175
[27 398/398] semantic=1.693 depth=0.780 normal=0.229
Epoch 027: mIoU=21.400 pix=53.101 abs=0.6702 rel=0.2678 normal_mean=31.856 delta=25.327 wall_h=7.986
[28 1/398] semantic=1.227 depth=0.714 normal=0.234
[28 25/398] semantic=1.531 depth=0.495 normal=0.231
[28 50/398] semantic=1.336 depth=0.673 normal=0.213
MGDA-WARM WEIGHTS step=10800 weights=[0.5250318646430969, 0.1246400773525238, 0.3503280580043793]
[28 75/398] semantic=1.738 depth=1.014 normal=0.282
[28 100/398] semantic=1.281 depth=0.340 normal=0.222
[28 125/398] semantic=1.001 depth=1.222 normal=0.294
[28 150/398] semantic=1.527 depth=0.499 normal=0.240
MGDA-WARM WEIGHTS step=10900 weights=[0.32485678791999817, 0.0, 0.6751431822776794]
[28 175/398] semantic=1.506 depth=0.303 normal=0.232
[28 200/398] semantic=1.384 depth=0.336 normal=0.156
[28 225/398] semantic=1.128 depth=0.318 normal=0.169
[28 250/398] semantic=1.289 depth=0.456 normal=0.197
MGDA-WARM WEIGHTS step=11000 weights=[0.19102339446544647, 0.3728488087654114, 0.43612778186798096]
[28 275/398] semantic=1.750 depth=0.448 normal=0.177
[28 300/398] semantic=1.248 depth=0.456 normal=0.170
[28 325/398] semantic=2.454 depth=0.579 normal=0.320
[28 350/398] semantic=1.463 depth=0.521 normal=0.250
MGDA-WARM WEIGHTS step=11100 weights=[0.24799463152885437, 0.6159487366676331, 0.13605661690235138]
[28 375/398] semantic=1.299 depth=0.657 normal=0.179
[28 398/398] semantic=1.241 depth=0.746 normal=0.257
Epoch 028: mIoU=21.099 pix=52.300 abs=0.6869 rel=0.2847 normal_mean=33.946 delta=32.845 wall_h=8.286
[29 1/398] semantic=1.430 depth=0.563 normal=0.238
[29 25/398] semantic=1.241 depth=0.864 normal=0.200
[29 50/398] semantic=1.229 depth=0.499 normal=0.190
MGDA-WARM WEIGHTS step=11200 weights=[0.4375542998313904, 0.1662837266921997, 0.3961619734764099]
[29 75/398] semantic=1.162 depth=0.426 normal=0.270
[29 100/398] semantic=0.865 depth=0.331 normal=0.181
[29 125/398] semantic=1.220 depth=0.729 normal=0.240
[29 150/398] semantic=0.789 depth=0.584 normal=0.171
MGDA-WARM WEIGHTS step=11300 weights=[0.4484444558620453, 0.13625329732894897, 0.41530224680900574]
[29 175/398] semantic=1.259 depth=0.591 normal=0.187
[29 200/398] semantic=1.032 depth=0.619 normal=0.168
[29 225/398] semantic=1.573 depth=0.393 normal=0.165
[29 250/398] semantic=1.573 depth=1.505 normal=0.319
MGDA-WARM WEIGHTS step=11400 weights=[0.27495908737182617, 0.23834794759750366, 0.48669296503067017]
[29 275/398] semantic=0.997 depth=0.459 normal=0.148
[29 300/398] semantic=1.283 depth=0.493 normal=0.240
[29 325/398] semantic=1.476 depth=0.486 normal=0.226
[29 350/398] semantic=0.933 depth=0.518 normal=0.244
MGDA-WARM WEIGHTS step=11500 weights=[0.3141901195049286, 0.05125424265861511, 0.6345556974411011]
[29 375/398] semantic=2.148 depth=0.386 normal=0.190
[29 398/398] semantic=0.929 depth=0.346 normal=0.155
Epoch 029: mIoU=24.363 pix=56.330 abs=0.6814 rel=0.3045 normal_mean=31.156 delta=23.763 wall_h=8.589
[30 1/398] semantic=1.470 depth=0.554 normal=0.271
[30 25/398] semantic=1.554 depth=0.705 normal=0.163
[30 50/398] semantic=1.319 depth=0.559 normal=0.189
MGDA-WARM WEIGHTS step=11600 weights=[0.22543206810951233, 0.33105483651161194, 0.4435131549835205]
[30 75/398] semantic=1.569 depth=0.621 normal=0.215
[30 100/398] semantic=1.142 depth=0.412 normal=0.190
[30 125/398] semantic=1.737 depth=0.391 normal=0.182
[30 150/398] semantic=1.226 depth=0.668 normal=0.207
MGDA-WARM WEIGHTS step=11700 weights=[0.6980131268501282, 0.042272087186574936, 0.2597147524356842]
[30 175/398] semantic=1.080 depth=0.318 normal=0.109
[30 200/398] semantic=0.934 depth=0.315 normal=0.170
[30 225/398] semantic=0.920 depth=0.419 normal=0.246
[30 250/398] semantic=1.387 depth=0.550 normal=0.175
MGDA-WARM WEIGHTS step=11800 weights=[0.3754046559333801, 0.20125675201416016, 0.4233386516571045]
[30 275/398] semantic=0.811 depth=0.646 normal=0.168
[30 300/398] semantic=0.599 depth=0.696 normal=0.196
[30 325/398] semantic=1.212 depth=0.822 normal=0.155
[30 350/398] semantic=1.001 depth=0.582 normal=0.124
MGDA-WARM WEIGHTS step=11900 weights=[0.30432939529418945, 0.22292397916316986, 0.4727466106414795]
[30 375/398] semantic=1.499 depth=0.411 normal=0.236
[30 398/398] semantic=1.190 depth=0.696 normal=0.232
Epoch 030: mIoU=22.903 pix=53.996 abs=0.6690 rel=0.2689 normal_mean=31.883 delta=25.642 wall_h=8.892
[31 1/398] semantic=1.718 depth=0.482 normal=0.225
[31 25/398] semantic=1.394 depth=0.689 normal=0.238
[31 50/398] semantic=1.321 depth=0.866 normal=0.208
MGDA-WARM WEIGHTS step=12000 weights=[0.17766323685646057, 0.3277495205402374, 0.494587242603302]
[31 75/398] semantic=2.625 depth=0.514 normal=0.283
[31 100/398] semantic=1.472 depth=1.131 normal=0.188
[31 125/398] semantic=1.035 depth=0.705 normal=0.275
[31 150/398] semantic=1.110 depth=0.371 normal=0.191
MGDA-WARM WEIGHTS step=12100 weights=[0.4752953052520752, 0.24393780529499054, 0.28076693415641785]
[31 175/398] semantic=1.345 depth=0.486 normal=0.288
[31 200/398] semantic=1.916 depth=0.856 normal=0.403
[31 225/398] semantic=1.143 depth=1.139 normal=0.245
[31 250/398] semantic=1.227 depth=0.275 normal=0.166
MGDA-WARM WEIGHTS step=12200 weights=[0.23837077617645264, 0.19384807348251343, 0.5677810907363892]
[31 275/398] semantic=0.952 depth=0.878 normal=0.213
[31 300/398] semantic=1.829 depth=0.510 normal=0.260
[31 325/398] semantic=1.258 depth=0.408 normal=0.136
[31 350/398] semantic=1.268 depth=0.498 normal=0.236
MGDA-WARM WEIGHTS step=12300 weights=[0.2283945083618164, 0.38942381739616394, 0.38218170404434204]
[31 375/398] semantic=1.698 depth=0.817 normal=0.204
[31 398/398] semantic=2.446 depth=0.291 normal=0.247
Epoch 031: mIoU=24.817 pix=55.532 abs=0.6456 rel=0.2787 normal_mean=31.081 delta=22.398 wall_h=9.186
[32 1/398] semantic=1.220 depth=0.405 normal=0.185
[32 25/398] semantic=0.875 depth=0.594 normal=0.125
[32 50/398] semantic=1.012 depth=0.418 normal=0.166
MGDA-WARM WEIGHTS step=12400 weights=[0.19331094622612, 0.28697237372398376, 0.5197166800498962]
[32 75/398] semantic=2.457 depth=0.805 normal=0.227
[32 100/398] semantic=1.210 depth=0.541 normal=0.198
[32 125/398] semantic=1.346 depth=0.642 normal=0.225
[32 150/398] semantic=1.210 depth=0.497 normal=0.192
MGDA-WARM WEIGHTS step=12500 weights=[0.2883419692516327, 0.40326473116874695, 0.30839329957962036]
[32 175/398] semantic=1.302 depth=0.698 normal=0.272
[32 200/398] semantic=1.224 depth=0.483 normal=0.273
[32 225/398] semantic=1.283 depth=0.554 normal=0.188
[32 250/398] semantic=1.258 depth=0.635 normal=0.229
MGDA-WARM WEIGHTS step=12600 weights=[0.21011334657669067, 0.4640704393386841, 0.32581621408462524]
[32 275/398] semantic=1.244 depth=0.898 normal=0.167
[32 300/398] semantic=0.945 depth=0.393 normal=0.175
[32 325/398] semantic=0.884 depth=0.510 normal=0.178
[32 350/398] semantic=1.570 depth=0.468 normal=0.165
MGDA-WARM WEIGHTS step=12700 weights=[0.17740052938461304, 0.3145293593406677, 0.5080701112747192]
[32 375/398] semantic=1.452 depth=0.485 normal=0.196
[32 398/398] semantic=0.879 depth=0.323 normal=0.141
Epoch 032: mIoU=24.775 pix=55.078 abs=0.6742 rel=0.2741 normal_mean=31.687 delta=24.622 wall_h=9.482
[33 1/398] semantic=1.418 depth=0.560 normal=0.260
[33 25/398] semantic=1.149 depth=0.508 normal=0.231
[33 50/398] semantic=1.182 depth=1.060 normal=0.237
MGDA-WARM WEIGHTS step=12800 weights=[0.0, 0.29615581035614014, 0.7038441896438599]
[33 75/398] semantic=1.256 depth=0.733 normal=0.222
[33 100/398] semantic=1.135 depth=0.560 normal=0.224
[33 125/398] semantic=1.546 depth=0.747 normal=0.247
[33 150/398] semantic=1.417 depth=0.574 normal=0.249
MGDA-WARM WEIGHTS step=12900 weights=[0.0, 0.6957104802131653, 0.3042895495891571]
[33 175/398] semantic=2.383 depth=0.256 normal=0.266
[33 200/398] semantic=1.692 depth=0.697 normal=0.281
[33 225/398] semantic=1.254 depth=0.327 normal=0.177
[33 250/398] semantic=1.471 depth=0.397 normal=0.200
MGDA-WARM WEIGHTS step=13000 weights=[0.46445393562316895, 0.25356122851371765, 0.2819848954677582]
[33 275/398] semantic=1.008 depth=1.166 normal=0.213
[33 300/398] semantic=1.095 depth=0.323 normal=0.228
[33 325/398] semantic=1.763 depth=0.521 normal=0.312
[33 350/398] semantic=1.237 depth=0.346 normal=0.180
MGDA-WARM WEIGHTS step=13100 weights=[0.1971687525510788, 0.5120050311088562, 0.2908262312412262]
[33 375/398] semantic=1.344 depth=0.505 normal=0.144
[33 398/398] semantic=1.551 depth=1.271 normal=0.201
Epoch 033: mIoU=25.953 pix=55.580 abs=0.7863 rel=0.2910 normal_mean=31.562 delta=26.693 wall_h=9.781
[34 1/398] semantic=1.758 depth=0.332 normal=0.210
[34 25/398] semantic=1.437 depth=0.768 normal=0.216
[34 50/398] semantic=1.115 depth=0.943 normal=0.128
MGDA-WARM WEIGHTS step=13200 weights=[0.16922913491725922, 0.5084909796714783, 0.3222799301147461]
[34 75/398] semantic=0.939 depth=0.371 normal=0.185
[34 100/398] semantic=1.103 depth=0.736 normal=0.236
[34 125/398] semantic=1.258 depth=0.566 normal=0.182
[34 150/398] semantic=1.068 depth=0.451 normal=0.208
MGDA-WARM WEIGHTS step=13300 weights=[0.3478996753692627, 0.14265458285808563, 0.5094457268714905]
[34 175/398] semantic=1.135 depth=0.337 normal=0.211
[34 200/398] semantic=1.140 depth=0.303 normal=0.141
[34 225/398] semantic=1.159 depth=0.653 normal=0.280
[34 250/398] semantic=1.234 depth=0.361 normal=0.195
MGDA-WARM WEIGHTS step=13400 weights=[0.09958958625793457, 0.4094485640525818, 0.4909619092941284]
[34 275/398] semantic=0.699 depth=0.792 normal=0.210
[34 300/398] semantic=2.088 depth=0.382 normal=0.262
[34 325/398] semantic=1.165 depth=0.352 normal=0.196
[34 350/398] semantic=1.053 depth=1.034 normal=0.194
MGDA-WARM WEIGHTS step=13500 weights=[0.24120455980300903, 0.28671693801879883, 0.47207850217819214]
[34 375/398] semantic=1.459 depth=0.360 normal=0.172
[34 398/398] semantic=0.860 depth=0.377 normal=0.119
Epoch 034: mIoU=22.912 pix=53.492 abs=0.6692 rel=0.2633 normal_mean=32.063 delta=25.809 wall_h=10.086
[35 1/398] semantic=1.167 depth=0.304 normal=0.120
[35 25/398] semantic=1.756 depth=0.682 normal=0.192
[35 50/398] semantic=1.168 depth=0.303 normal=0.163
MGDA-WARM WEIGHTS step=13600 weights=[0.0, 0.5957443714141846, 0.40425556898117065]
[35 75/398] semantic=1.472 depth=0.511 normal=0.231
[35 100/398] semantic=1.386 depth=0.599 normal=0.218
[35 125/398] semantic=1.089 depth=0.470 normal=0.150
[35 150/398] semantic=1.468 depth=0.755 normal=0.328
MGDA-WARM WEIGHTS step=13700 weights=[0.0, 0.517600417137146, 0.4823995530605316]
[35 175/398] semantic=1.468 depth=1.011 normal=0.269
[35 200/398] semantic=1.226 depth=0.711 normal=0.254
[35 225/398] semantic=1.337 depth=0.673 normal=0.268
[35 250/398] semantic=1.078 depth=0.434 normal=0.186
MGDA-WARM WEIGHTS step=13800 weights=[0.3004894256591797, 0.4913254976272583, 0.20818503201007843]
[35 275/398] semantic=0.869 depth=0.472 normal=0.179
[35 300/398] semantic=1.049 depth=0.318 normal=0.161
[35 325/398] semantic=1.051 depth=0.434 normal=0.206
[35 350/398] semantic=1.110 depth=0.637 normal=0.197
MGDA-WARM WEIGHTS step=13900 weights=[0.5058062076568604, 0.0, 0.4941938519477844]
[35 375/398] semantic=1.333 depth=0.491 normal=0.235
[35 398/398] semantic=2.088 depth=0.869 normal=0.197
Epoch 035: mIoU=22.439 pix=54.914 abs=0.7955 rel=0.3507 normal_mean=31.641 delta=29.652 wall_h=10.382
[36 1/398] semantic=1.516 depth=0.542 normal=0.225
[36 25/398] semantic=1.740 depth=0.853 normal=0.290
[36 50/398] semantic=1.189 depth=0.644 normal=0.167
MGDA-WARM WEIGHTS step=14000 weights=[0.0, 0.23039866983890533, 0.7696013450622559]
[36 75/398] semantic=1.440 depth=0.583 normal=0.192
[36 100/398] semantic=0.727 depth=0.391 normal=0.126
[36 125/398] semantic=0.913 depth=0.344 normal=0.207
[36 150/398] semantic=1.135 depth=0.361 normal=0.181
MGDA-WARM WEIGHTS step=14100 weights=[0.8672186732292175, 0.0, 0.13278138637542725]
[36 175/398] semantic=1.064 depth=0.413 normal=0.268
[36 200/398] semantic=1.346 depth=0.686 normal=0.169
[36 225/398] semantic=1.198 depth=0.595 normal=0.205
[36 250/398] semantic=1.563 depth=0.604 normal=0.250
MGDA-WARM WEIGHTS step=14200 weights=[0.39862874150276184, 0.16949176788330078, 0.4318794310092926]
[36 275/398] semantic=1.232 depth=0.390 normal=0.191
[36 300/398] semantic=1.708 depth=0.451 normal=0.220
[36 325/398] semantic=0.973 depth=0.612 normal=0.235
[36 350/398] semantic=0.965 depth=0.475 normal=0.163
MGDA-WARM WEIGHTS step=14300 weights=[0.0, 0.6463577747344971, 0.35364219546318054]
[36 375/398] semantic=1.157 depth=0.323 normal=0.130
[36 398/398] semantic=1.415 depth=0.752 normal=0.324
Epoch 036: mIoU=26.586 pix=55.340 abs=0.7361 rel=0.3273 normal_mean=31.463 delta=26.630 wall_h=10.678
[37 1/398] semantic=1.721 depth=0.428 normal=0.324
[37 25/398] semantic=1.519 depth=0.820 normal=0.319
[37 50/398] semantic=1.250 depth=0.599 normal=0.132
MGDA-WARM WEIGHTS step=14400 weights=[0.09132090210914612, 0.21557459235191345, 0.6931045055389404]
[37 75/398] semantic=1.249 depth=0.536 normal=0.192
[37 100/398] semantic=1.074 depth=0.526 normal=0.178
[37 125/398] semantic=1.945 depth=0.791 normal=0.235
[37 150/398] semantic=1.657 depth=0.394 normal=0.174
MGDA-WARM WEIGHTS step=14500 weights=[0.24876198172569275, 0.49337881803512573, 0.2578592598438263]
[37 175/398] semantic=1.158 depth=0.614 normal=0.168
[37 200/398] semantic=1.141 depth=0.680 normal=0.194
[37 225/398] semantic=1.146 depth=0.615 normal=0.185
[37 250/398] semantic=1.312 depth=0.704 normal=0.255
MGDA-WARM WEIGHTS step=14600 weights=[0.08864365518093109, 0.376192182302475, 0.5351641774177551]
[37 275/398] semantic=1.243 depth=0.660 normal=0.240
[37 300/398] semantic=1.218 depth=0.507 normal=0.204
[37 325/398] semantic=1.652 depth=0.386 normal=0.295
[37 350/398] semantic=1.635 depth=0.782 normal=0.188
MGDA-WARM WEIGHTS step=14700 weights=[0.2283431738615036, 0.2440386265516281, 0.5276181101799011]
[37 375/398] semantic=1.273 depth=0.517 normal=0.184
[37 398/398] semantic=1.115 depth=0.813 normal=0.230
Epoch 037: mIoU=25.043 pix=54.427 abs=0.6820 rel=0.2929 normal_mean=32.696 delta=28.785 wall_h=10.975
[38 1/398] semantic=1.159 depth=0.781 normal=0.192
[38 25/398] semantic=1.396 depth=0.443 normal=0.201
[38 50/398] semantic=0.792 depth=0.505 normal=0.136
MGDA-WARM WEIGHTS step=14800 weights=[0.5164047479629517, 0.0, 0.48359525203704834]
[38 75/398] semantic=1.088 depth=0.513 normal=0.169
[38 100/398] semantic=1.064 depth=0.610 normal=0.168
[38 125/398] semantic=0.788 depth=0.315 normal=0.185
[38 150/398] semantic=0.848 depth=0.503 normal=0.251
MGDA-WARM WEIGHTS step=14900 weights=[0.2894637882709503, 0.16234402358531952, 0.5481922030448914]
[38 175/398] semantic=0.988 depth=0.506 normal=0.155
[38 200/398] semantic=1.170 depth=0.296 normal=0.181
[38 225/398] semantic=1.730 depth=0.717 normal=0.192
[38 250/398] semantic=1.349 depth=0.566 normal=0.161
MGDA-WARM WEIGHTS step=15000 weights=[0.03207361698150635, 0.2652144134044647, 0.7027119398117065]
[38 275/398] semantic=1.295 depth=0.957 normal=0.294
[38 300/398] semantic=1.470 depth=0.534 normal=0.219
[38 325/398] semantic=0.893 depth=0.457 normal=0.204
[38 350/398] semantic=1.593 depth=0.508 normal=0.174
MGDA-WARM WEIGHTS step=15100 weights=[0.21726737916469574, 0.25995784997940063, 0.5227747559547424]
[38 375/398] semantic=1.366 depth=0.399 normal=0.264
[38 398/398] semantic=2.190 depth=0.458 normal=0.336
Epoch 038: mIoU=27.977 pix=57.978 abs=0.6998 rel=0.3134 normal_mean=30.902 delta=23.246 wall_h=11.273
[39 1/398] semantic=1.277 depth=0.426 normal=0.153
[39 25/398] semantic=1.945 depth=0.867 normal=0.317
[39 50/398] semantic=1.420 depth=0.610 normal=0.192
[39 75/398] semantic=2.050 depth=0.411 normal=0.202
MGDA-WARM WEIGHTS step=15200 weights=[0.11974657326936722, 0.3533928692340851, 0.5268605351448059]
[39 100/398] semantic=1.163 depth=0.524 normal=0.224
[39 125/398] semantic=0.905 depth=0.648 normal=0.280
[39 150/398] semantic=1.344 depth=0.440 normal=0.177
[39 175/398] semantic=1.004 depth=0.284 normal=0.201
MGDA-WARM WEIGHTS step=15300 weights=[0.0, 0.32197123765945435, 0.6780287027359009]
[39 200/398] semantic=0.547 depth=0.648 normal=0.145
[39 225/398] semantic=0.826 depth=0.454 normal=0.196
[39 250/398] semantic=1.780 depth=0.756 normal=0.327
[39 275/398] semantic=1.363 depth=0.493 normal=0.239
MGDA-WARM WEIGHTS step=15400 weights=[0.1575814038515091, 0.25216948986053467, 0.5902491211891174]
[39 300/398] semantic=1.532 depth=0.872 normal=0.179
[39 325/398] semantic=1.618 depth=0.778 normal=0.237
[39 350/398] semantic=1.132 depth=1.094 normal=0.171
[39 375/398] semantic=2.471 depth=0.493 normal=0.285
MGDA-WARM WEIGHTS step=15500 weights=[1.0, 0.0, 0.0]
[39 398/398] semantic=2.024 depth=1.064 normal=0.235
Epoch 039: mIoU=28.181 pix=56.362 abs=0.6492 rel=0.2568 normal_mean=30.919 delta=19.957 wall_h=11.578
[40 1/398] semantic=1.170 depth=0.802 normal=0.305
[40 25/398] semantic=1.332 depth=0.499 normal=0.180
[40 50/398] semantic=1.069 depth=0.593 normal=0.184
[40 75/398] semantic=1.142 depth=0.701 normal=0.177
MGDA-WARM WEIGHTS step=15600 weights=[0.04238051176071167, 0.9576195478439331, 0.0]
[40 100/398] semantic=0.999 depth=0.770 normal=0.194
[40 125/398] semantic=1.176 depth=0.390 normal=0.181
[40 150/398] semantic=0.928 depth=0.422 normal=0.154
[40 175/398] semantic=1.041 depth=0.323 normal=0.169
MGDA-WARM WEIGHTS step=15700 weights=[0.6781554222106934, 0.3218446373939514, 0.0]
[40 200/398] semantic=1.202 depth=0.360 normal=0.209
[40 225/398] semantic=1.037 depth=0.536 normal=0.194
[40 250/398] semantic=1.270 depth=0.488 normal=0.200
[40 275/398] semantic=0.983 depth=0.774 normal=0.174
MGDA-WARM WEIGHTS step=15800 weights=[1.0, 0.0, 0.0]
[40 300/398] semantic=1.097 depth=0.529 normal=0.170
[40 325/398] semantic=1.083 depth=0.600 normal=0.198
[40 350/398] semantic=1.410 depth=0.467 normal=0.172
[40 375/398] semantic=1.255 depth=0.385 normal=0.243
MGDA-WARM WEIGHTS step=15900 weights=[0.2997744381427765, 0.40293261408805847, 0.2972929775714874]
[40 398/398] semantic=0.656 depth=0.353 normal=0.170
Epoch 040: mIoU=27.245 pix=56.673 abs=0.6771 rel=0.2785 normal_mean=31.442 delta=23.464 wall_h=11.876
[41 1/398] semantic=0.685 depth=0.532 normal=0.142
[41 25/398] semantic=1.323 depth=0.447 normal=0.190
[41 50/398] semantic=0.878 depth=0.746 normal=0.158
[41 75/398] semantic=1.105 depth=0.597 normal=0.226
MGDA-WARM WEIGHTS step=16000 weights=[0.19876547157764435, 0.3429020643234253, 0.45833247900009155]
[41 100/398] semantic=1.235 depth=0.379 normal=0.221
[41 125/398] semantic=1.743 depth=1.019 normal=0.226
[41 150/398] semantic=1.062 depth=0.565 normal=0.191
[41 175/398] semantic=0.771 depth=0.474 normal=0.249
MGDA-WARM WEIGHTS step=16100 weights=[0.11979445070028305, 0.8518420457839966, 0.028363531455397606]
[41 200/398] semantic=1.545 depth=0.613 normal=0.241
[41 225/398] semantic=1.274 depth=0.470 normal=0.228
[41 250/398] semantic=2.025 depth=0.454 normal=0.213
[41 275/398] semantic=1.109 depth=0.520 normal=0.244
MGDA-WARM WEIGHTS step=16200 weights=[0.24663949012756348, 0.05225891247391701, 0.7011016607284546]
[41 300/398] semantic=0.851 depth=0.519 normal=0.190
[41 325/398] semantic=0.943 depth=0.520 normal=0.176
[41 350/398] semantic=1.643 depth=0.925 normal=0.241
[41 375/398] semantic=1.399 depth=0.456 normal=0.158
MGDA-WARM WEIGHTS step=16300 weights=[0.943759560585022, 0.0, 0.05624045059084892]
[41 398/398] semantic=1.482 depth=0.796 normal=0.178
Epoch 041: mIoU=26.473 pix=56.144 abs=0.6666 rel=0.2968 normal_mean=30.732 delta=22.254 wall_h=12.177
[42 1/398] semantic=1.321 depth=0.450 normal=0.206
[42 25/398] semantic=1.077 depth=0.266 normal=0.183
[42 50/398] semantic=1.574 depth=0.377 normal=0.188
[42 75/398] semantic=1.029 depth=0.522 normal=0.149
MGDA-WARM WEIGHTS step=16400 weights=[0.3072178065776825, 0.24854286015033722, 0.4442393183708191]
[42 100/398] semantic=1.261 depth=0.326 normal=0.178
[42 125/398] semantic=1.257 depth=0.540 normal=0.201
[42 150/398] semantic=0.995 depth=0.948 normal=0.151
[42 175/398] semantic=1.126 depth=0.410 normal=0.174
MGDA-WARM WEIGHTS step=16500 weights=[0.2564973533153534, 0.42849695682525635, 0.31500571966171265]
[42 200/398] semantic=1.319 depth=0.486 normal=0.228
[42 225/398] semantic=0.987 depth=0.496 normal=0.168
[42 250/398] semantic=1.183 depth=0.669 normal=0.253
[42 275/398] semantic=1.119 depth=0.887 normal=0.242
MGDA-WARM WEIGHTS step=16600 weights=[0.7738444209098816, 0.0, 0.2261555790901184]
[42 300/398] semantic=1.636 depth=0.809 normal=0.216
[42 325/398] semantic=1.471 depth=0.485 normal=0.324
[42 350/398] semantic=1.072 depth=0.687 normal=0.204
[42 375/398] semantic=1.389 depth=0.805 normal=0.266
MGDA-WARM WEIGHTS step=16700 weights=[0.13261044025421143, 0.5756136178970337, 0.2917759418487549]
[42 398/398] semantic=1.663 depth=0.698 normal=0.184
Epoch 042: mIoU=29.270 pix=58.580 abs=0.6789 rel=0.3008 normal_mean=30.679 delta=21.057 wall_h=12.477
[43 1/398] semantic=1.164 depth=0.658 normal=0.166
[43 25/398] semantic=1.151 depth=0.528 normal=0.198
[43 50/398] semantic=1.222 depth=0.441 normal=0.211
[43 75/398] semantic=1.196 depth=0.366 normal=0.213
MGDA-WARM WEIGHTS step=16800 weights=[0.07408435642719269, 0.438183069229126, 0.48773258924484253]
[43 100/398] semantic=0.878 depth=0.369 normal=0.166
[43 125/398] semantic=0.907 depth=0.564 normal=0.197
[43 150/398] semantic=0.904 depth=0.400 normal=0.144
[43 175/398] semantic=1.285 depth=0.367 normal=0.199
MGDA-WARM WEIGHTS step=16900 weights=[0.0, 0.28481799364089966, 0.7151820659637451]
[43 200/398] semantic=1.022 depth=0.559 normal=0.217
[43 225/398] semantic=1.067 depth=0.334 normal=0.174
[43 250/398] semantic=1.032 depth=0.537 normal=0.163
[43 275/398] semantic=1.067 depth=0.833 normal=0.158
MGDA-WARM WEIGHTS step=17000 weights=[0.2742481827735901, 0.16818901896476746, 0.5575628280639648]
[43 300/398] semantic=1.211 depth=0.547 normal=0.251
[43 325/398] semantic=1.114 depth=0.627 normal=0.187
[43 350/398] semantic=0.996 depth=0.555 normal=0.249
[43 375/398] semantic=1.055 depth=0.383 normal=0.185
MGDA-WARM WEIGHTS step=17100 weights=[0.3495642840862274, 0.44414833188056946, 0.20628733932971954]
[43 398/398] semantic=0.786 depth=0.421 normal=0.179
Epoch 043: mIoU=28.150 pix=58.106 abs=0.6395 rel=0.2713 normal_mean=30.769 delta=20.267 wall_h=12.782
[44 1/398] semantic=1.520 depth=0.417 normal=0.193
[44 25/398] semantic=1.517 depth=1.006 normal=0.261
[44 50/398] semantic=0.789 depth=0.288 normal=0.187
[44 75/398] semantic=0.942 depth=0.368 normal=0.182
MGDA-WARM WEIGHTS step=17200 weights=[0.8206981420516968, 0.0, 0.17930181324481964]
[44 100/398] semantic=1.640 depth=0.346 normal=0.280
[44 125/398] semantic=1.257 depth=0.392 normal=0.189
[44 150/398] semantic=1.584 depth=0.405 normal=0.172
[44 175/398] semantic=1.089 depth=0.598 normal=0.171
MGDA-WARM WEIGHTS step=17300 weights=[0.3680000305175781, 0.16128157079219818, 0.4707183837890625]
[44 200/398] semantic=1.518 depth=0.406 normal=0.240
[44 225/398] semantic=0.804 depth=0.506 normal=0.121
[44 250/398] semantic=2.198 depth=0.505 normal=0.162
[44 275/398] semantic=1.101 depth=0.310 normal=0.161
MGDA-WARM WEIGHTS step=17400 weights=[0.0, 0.2678350806236267, 0.7321649789810181]
[44 300/398] semantic=0.697 depth=0.658 normal=0.211
[44 325/398] semantic=1.141 depth=0.759 normal=0.223
[44 350/398] semantic=0.918 depth=0.818 normal=0.192
[44 375/398] semantic=1.147 depth=0.314 normal=0.132
MGDA-WARM WEIGHTS step=17500 weights=[0.3309516906738281, 0.31636863946914673, 0.35267966985702515]
[44 398/398] semantic=1.613 depth=0.531 normal=0.348
Epoch 044: mIoU=30.011 pix=57.714 abs=0.6402 rel=0.2563 normal_mean=30.314 delta=17.914 wall_h=13.082
[45 1/398] semantic=1.776 depth=0.346 normal=0.312
[45 25/398] semantic=0.852 depth=0.287 normal=0.173
[45 50/398] semantic=1.213 depth=0.470 normal=0.134
[45 75/398] semantic=1.071 depth=0.486 normal=0.195
MGDA-WARM WEIGHTS step=17600 weights=[0.3554236590862274, 0.20570246875286102, 0.43887385725975037]
[45 100/398] semantic=1.072 depth=0.420 normal=0.173
[45 125/398] semantic=1.308 depth=0.576 normal=0.205
[45 150/398] semantic=1.104 depth=0.570 normal=0.175
[45 175/398] semantic=0.895 depth=0.422 normal=0.156
MGDA-WARM WEIGHTS step=17700 weights=[0.3088361918926239, 0.024655837565660477, 0.6665079593658447]
[45 200/398] semantic=1.108 depth=0.381 normal=0.185
[45 225/398] semantic=1.377 depth=0.670 normal=0.214
[45 250/398] semantic=0.714 depth=0.343 normal=0.135
[45 275/398] semantic=0.875 depth=0.424 normal=0.275
MGDA-WARM WEIGHTS step=17800 weights=[0.15529096126556396, 0.2418108582496643, 0.6028982400894165]
[45 300/398] semantic=1.054 depth=0.539 normal=0.219
[45 325/398] semantic=1.052 depth=0.419 normal=0.305
[45 350/398] semantic=0.739 depth=0.345 normal=0.165
[45 375/398] semantic=1.305 depth=0.614 normal=0.234
MGDA-WARM WEIGHTS step=17900 weights=[0.0, 0.5649895668029785, 0.4350104331970215]
[45 398/398] semantic=2.067 depth=0.451 normal=0.182
Epoch 045: mIoU=29.073 pix=55.829 abs=0.6864 rel=0.3067 normal_mean=30.401 delta=21.128 wall_h=13.378
[46 1/398] semantic=1.309 depth=0.803 normal=0.245
[46 25/398] semantic=1.685 depth=0.557 normal=0.247
[46 50/398] semantic=0.955 depth=0.632 normal=0.191
[46 75/398] semantic=1.189 depth=0.658 normal=0.176
MGDA-WARM WEIGHTS step=18000 weights=[0.05969133973121643, 0.5633757710456848, 0.376932829618454]
[46 100/398] semantic=1.675 depth=0.521 normal=0.206
[46 125/398] semantic=0.907 depth=0.633 normal=0.212
[46 150/398] semantic=1.203 depth=0.915 normal=0.198
[46 175/398] semantic=2.396 depth=0.430 normal=0.250
MGDA-WARM WEIGHTS step=18100 weights=[0.07031925022602081, 0.3696534037590027, 0.5600273609161377]
[46 200/398] semantic=1.269 depth=0.487 normal=0.202
[46 225/398] semantic=0.633 depth=0.477 normal=0.145
[46 250/398] semantic=1.085 depth=0.352 normal=0.133
[46 275/398] semantic=1.250 depth=0.666 normal=0.172
MGDA-WARM WEIGHTS step=18200 weights=[0.3579081594944, 0.2399231493473053, 0.40216875076293945]
[46 300/398] semantic=0.862 depth=0.351 normal=0.188
[46 325/398] semantic=0.864 depth=0.358 normal=0.178
[46 350/398] semantic=1.508 depth=0.498 normal=0.200
[46 375/398] semantic=1.360 depth=0.552 normal=0.188
MGDA-WARM WEIGHTS step=18300 weights=[0.3977447748184204, 0.1430356651544571, 0.45921948552131653]
[46 398/398] semantic=1.404 depth=0.363 normal=0.187
Epoch 046: mIoU=27.630 pix=56.298 abs=0.6389 rel=0.2679 normal_mean=31.171 delta=21.772 wall_h=13.680
[47 1/398] semantic=1.932 depth=0.332 normal=0.182
[47 25/398] semantic=1.363 depth=0.541 normal=0.150
[47 50/398] semantic=1.152 depth=0.428 normal=0.183
[47 75/398] semantic=1.336 depth=0.523 normal=0.208
MGDA-WARM WEIGHTS step=18400 weights=[0.23895087838172913, 0.0988173633813858, 0.6622317433357239]
[47 100/398] semantic=1.029 depth=0.377 normal=0.177
[47 125/398] semantic=0.982 depth=0.572 normal=0.164
[47 150/398] semantic=1.263 depth=0.794 normal=0.194
[47 175/398] semantic=1.156 depth=0.483 normal=0.157
MGDA-WARM WEIGHTS step=18500 weights=[0.34936705231666565, 0.09499285370111465, 0.5556401014328003]
[47 200/398] semantic=1.432 depth=0.779 normal=0.192
[47 225/398] semantic=0.935 depth=0.484 normal=0.179
[47 250/398] semantic=1.018 depth=0.749 normal=0.218
[47 275/398] semantic=0.914 depth=0.283 normal=0.122
MGDA-WARM WEIGHTS step=18600 weights=[0.014325886964797974, 0.24176523089408875, 0.7439088821411133]
[47 300/398] semantic=2.389 depth=1.300 normal=0.175
[47 325/398] semantic=1.225 depth=0.379 normal=0.202
[47 350/398] semantic=0.877 depth=0.742 normal=0.236
[47 375/398] semantic=1.070 depth=0.461 normal=0.161
MGDA-WARM WEIGHTS step=18700 weights=[0.0, 0.500029444694519, 0.49997061491012573]
[47 398/398] semantic=0.577 depth=0.257 normal=0.192
Epoch 047: mIoU=29.476 pix=58.405 abs=0.6297 rel=0.2691 normal_mean=30.484 delta=18.982 wall_h=13.982
[48 1/398] semantic=0.506 depth=0.363 normal=0.172
[48 25/398] semantic=1.009 depth=0.369 normal=0.164
[48 50/398] semantic=1.425 depth=0.393 normal=0.154
[48 75/398] semantic=1.647 depth=0.290 normal=0.146
MGDA-WARM WEIGHTS step=18800 weights=[1.0, 0.0, 0.0]
[48 100/398] semantic=0.981 depth=0.333 normal=0.257
[48 125/398] semantic=0.961 depth=0.492 normal=0.246
[48 150/398] semantic=0.814 depth=0.435 normal=0.201
[48 175/398] semantic=1.346 depth=0.539 normal=0.280
MGDA-WARM WEIGHTS step=18900 weights=[0.0, 0.5383683443069458, 0.4616316854953766]
[48 200/398] semantic=1.284 depth=0.246 normal=0.137
[48 225/398] semantic=0.950 depth=0.456 normal=0.347
[48 250/398] semantic=1.221 depth=0.733 normal=0.239
[48 275/398] semantic=0.985 depth=0.562 normal=0.159
MGDA-WARM WEIGHTS step=19000 weights=[0.0, 0.4397656321525574, 0.5602343082427979]
[48 300/398] semantic=1.217 depth=0.291 normal=0.166
[48 325/398] semantic=0.691 depth=0.324 normal=0.162
[48 350/398] semantic=1.289 depth=0.275 normal=0.141
[48 375/398] semantic=0.985 depth=0.496 normal=0.183
MGDA-WARM WEIGHTS step=19100 weights=[0.2857159674167633, 0.5876013040542603, 0.12668274343013763]
[48 398/398] semantic=0.624 depth=0.617 normal=0.098
Epoch 048: mIoU=28.643 pix=57.491 abs=0.6640 rel=0.2973 normal_mean=30.606 delta=21.078 wall_h=14.285
[49 1/398] semantic=1.340 depth=0.800 normal=0.167
[49 25/398] semantic=0.757 depth=0.619 normal=0.188
[49 50/398] semantic=0.535 depth=0.474 normal=0.158
[49 75/398] semantic=0.613 depth=0.395 normal=0.138
MGDA-WARM WEIGHTS step=19200 weights=[0.28153741359710693, 0.2226644903421402, 0.49579811096191406]
[49 100/398] semantic=1.492 depth=0.513 normal=0.198
[49 125/398] semantic=1.148 depth=0.537 normal=0.141
[49 150/398] semantic=0.728 depth=0.380 normal=0.165
[49 175/398] semantic=1.065 depth=0.914 normal=0.182
MGDA-WARM WEIGHTS step=19300 weights=[0.162417933344841, 0.33459407091140747, 0.5029879808425903]
[49 200/398] semantic=0.895 depth=0.552 normal=0.175
[49 225/398] semantic=1.595 depth=0.434 normal=0.236
[49 250/398] semantic=1.151 depth=0.829 normal=0.266
[49 275/398] semantic=1.383 depth=0.882 normal=0.197
MGDA-WARM WEIGHTS step=19400 weights=[0.04433991014957428, 0.38573700189590454, 0.5699231624603271]
[49 300/398] semantic=0.888 depth=1.455 normal=0.185
[49 325/398] semantic=1.727 depth=1.019 normal=0.173
[49 350/398] semantic=2.376 depth=0.535 normal=0.277
[49 375/398] semantic=1.362 depth=0.372 normal=0.187
MGDA-WARM WEIGHTS step=19500 weights=[0.29072558879852295, 0.27551499009132385, 0.4337593615055084]
[49 398/398] semantic=1.319 depth=0.404 normal=0.227
Epoch 049: mIoU=29.582 pix=59.305 abs=0.7629 rel=0.2635 normal_mean=31.567 delta=23.274 wall_h=14.586
[50 1/398] semantic=1.204 depth=0.365 normal=0.167
[50 25/398] semantic=1.246 depth=0.410 normal=0.220
[50 50/398] semantic=1.114 depth=0.631 normal=0.254
[50 75/398] semantic=1.733 depth=0.272 normal=0.159
MGDA-WARM WEIGHTS step=19600 weights=[0.15767134726047516, 0.345586895942688, 0.49674177169799805]
[50 100/398] semantic=0.795 depth=0.352 normal=0.198
[50 125/398] semantic=0.978 depth=0.494 normal=0.270
[50 150/398] semantic=1.214 depth=0.607 normal=0.201
[50 175/398] semantic=0.974 depth=0.518 normal=0.211
MGDA-WARM WEIGHTS step=19700 weights=[0.5094441771507263, 0.23428627848625183, 0.25626951456069946]
[50 200/398] semantic=1.192 depth=0.683 normal=0.189
[50 225/398] semantic=1.083 depth=0.304 normal=0.138
[50 250/398] semantic=0.923 depth=0.693 normal=0.210
[50 275/398] semantic=0.869 depth=0.526 normal=0.294
MGDA-WARM WEIGHTS step=19800 weights=[0.4930483102798462, 0.2639714479446411, 0.24298027157783508]
[50 300/398] semantic=1.214 depth=0.758 normal=0.259
[50 325/398] semantic=1.304 depth=0.643 normal=0.208
[50 350/398] semantic=0.995 depth=0.429 normal=0.139
[50 375/398] semantic=1.038 depth=0.804 normal=0.235
MGDA-WARM WEIGHTS step=19900 weights=[0.32159584760665894, 0.6062003970146179, 0.07220368087291718]
[50 398/398] semantic=1.377 depth=0.525 normal=0.216
Epoch 050: mIoU=29.377 pix=59.030 abs=0.6651 rel=0.2605 normal_mean=29.663 delta=16.580 wall_h=14.890
[51 1/398] semantic=2.054 depth=0.474 normal=0.224
[51 25/398] semantic=1.585 depth=0.655 normal=0.290
[51 50/398] semantic=0.754 depth=0.327 normal=0.244
[51 75/398] semantic=1.205 depth=0.636 normal=0.187
MGDA-WARM WEIGHTS step=20000 weights=[0.0, 0.42622217535972595, 0.5737777948379517]
[51 100/398] semantic=2.033 depth=0.341 normal=0.226
[51 125/398] semantic=0.731 depth=0.381 normal=0.120
[51 150/398] semantic=1.258 depth=0.745 normal=0.129
[51 175/398] semantic=1.018 depth=0.582 normal=0.170
MGDA-WARM WEIGHTS step=20100 weights=[0.16514910757541656, 0.2595774531364441, 0.5752733945846558]
[51 200/398] semantic=1.196 depth=0.709 normal=0.244
[51 225/398] semantic=1.228 depth=0.785 normal=0.271
[51 250/398] semantic=0.931 depth=0.444 normal=0.176
[51 275/398] semantic=1.124 depth=0.803 normal=0.196
MGDA-WARM WEIGHTS step=20200 weights=[0.056707561016082764, 0.40831896662712097, 0.5349733829498291]
[51 300/398] semantic=1.465 depth=1.134 normal=0.228
[51 325/398] semantic=1.224 depth=0.699 normal=0.242
[51 350/398] semantic=1.039 depth=0.413 normal=0.193
[51 375/398] semantic=1.065 depth=0.371 normal=0.198
[51 398/398] semantic=1.415 depth=0.889 normal=0.279
Epoch 051: mIoU=30.955 pix=58.217 abs=0.6802 rel=0.3076 normal_mean=29.901 delta=19.174 wall_h=15.191
[52 1/398] semantic=1.852 depth=0.551 normal=0.232
MGDA-WARM WEIGHTS step=20300 weights=[0.3865654468536377, 0.2254910171031952, 0.3879435658454895]
[52 25/398] semantic=1.183 depth=0.654 normal=0.160
[52 50/398] semantic=1.515 depth=0.439 normal=0.278
[52 75/398] semantic=1.352 depth=0.580 normal=0.201
[52 100/398] semantic=1.528 depth=0.718 normal=0.327
MGDA-WARM WEIGHTS step=20400 weights=[0.5306242108345032, 0.0, 0.4693757891654968]
[52 125/398] semantic=1.687 depth=0.658 normal=0.132
[52 150/398] semantic=1.034 depth=0.322 normal=0.196
[52 175/398] semantic=1.462 depth=0.646 normal=0.143
[52 200/398] semantic=0.955 depth=0.520 normal=0.165
MGDA-WARM WEIGHTS step=20500 weights=[0.44638070464134216, 0.20192691683769226, 0.3516923487186432]
[52 225/398] semantic=1.051 depth=0.539 normal=0.177
[52 250/398] semantic=1.066 depth=0.768 normal=0.221
[52 275/398] semantic=0.926 depth=0.491 normal=0.165
[52 300/398] semantic=0.994 depth=0.790 normal=0.205
MGDA-WARM WEIGHTS step=20600 weights=[0.2106896936893463, 0.2214963287115097, 0.5678139925003052]
[52 325/398] semantic=0.916 depth=0.352 normal=0.201
[52 350/398] semantic=1.500 depth=0.458 normal=0.217
[52 375/398] semantic=0.981 depth=0.728 normal=0.165
[52 398/398] semantic=0.811 depth=0.719 normal=0.212
Epoch 052: mIoU=28.123 pix=58.798 abs=0.7330 rel=0.2596 normal_mean=30.383 delta=19.713 wall_h=15.493
[53 1/398] semantic=1.540 depth=0.320 normal=0.172
MGDA-WARM WEIGHTS step=20700 weights=[0.6492249965667725, 0.19102153182029724, 0.15975342690944672]
[53 25/398] semantic=0.714 depth=0.342 normal=0.116
[53 50/398] semantic=0.676 depth=0.430 normal=0.160
[53 75/398] semantic=1.135 depth=0.342 normal=0.151
[53 100/398] semantic=0.878 depth=0.483 normal=0.147
MGDA-WARM WEIGHTS step=20800 weights=[0.31809183955192566, 0.38038134574890137, 0.30152687430381775]
[53 125/398] semantic=1.115 depth=0.370 normal=0.204
[53 150/398] semantic=0.774 depth=0.495 normal=0.192
[53 175/398] semantic=0.911 depth=0.620 normal=0.330
[53 200/398] semantic=1.465 depth=0.524 normal=0.225
MGDA-WARM WEIGHTS step=20900 weights=[0.13340061902999878, 0.8665993213653564, 0.0]
[53 225/398] semantic=0.986 depth=0.599 normal=0.189
[53 250/398] semantic=1.257 depth=0.680 normal=0.235
[53 275/398] semantic=1.138 depth=0.539 normal=0.182
[53 300/398] semantic=0.830 depth=0.253 normal=0.151
MGDA-WARM WEIGHTS step=21000 weights=[0.44550666213035583, 0.12300948053598404, 0.43148380517959595]
[53 325/398] semantic=1.494 depth=0.520 normal=0.209
[53 350/398] semantic=0.835 depth=0.463 normal=0.191
[53 375/398] semantic=1.227 depth=0.307 normal=0.171
[53 398/398] semantic=0.651 depth=0.472 normal=0.137
Epoch 053: mIoU=29.314 pix=58.726 abs=0.6283 rel=0.2595 normal_mean=31.339 delta=20.525 wall_h=15.800
[54 1/398] semantic=0.907 depth=0.413 normal=0.238
MGDA-WARM WEIGHTS step=21100 weights=[0.37456539273262024, 0.035379163920879364, 0.5900554060935974]
[54 25/398] semantic=0.803 depth=0.514 normal=0.172
[54 50/398] semantic=0.423 depth=0.314 normal=0.117
[54 75/398] semantic=0.998 depth=0.594 normal=0.141
[54 100/398] semantic=1.220 depth=0.416 normal=0.187
MGDA-WARM WEIGHTS step=21200 weights=[0.0, 0.23772308230400085, 0.7622769474983215]
[54 125/398] semantic=1.645 depth=0.297 normal=0.178
[54 150/398] semantic=1.318 depth=0.581 normal=0.208
[54 175/398] semantic=1.112 depth=0.466 normal=0.186
[54 200/398] semantic=1.078 depth=0.486 normal=0.166
MGDA-WARM WEIGHTS step=21300 weights=[0.252128005027771, 0.43305760622024536, 0.31481438875198364]
[54 225/398] semantic=0.974 depth=0.533 normal=0.153
[54 250/398] semantic=0.850 depth=0.412 normal=0.140
[54 275/398] semantic=0.958 depth=0.273 normal=0.252
[54 300/398] semantic=1.064 depth=0.770 normal=0.211
MGDA-WARM WEIGHTS step=21400 weights=[0.6262248754501343, 0.0, 0.3737751245498657]
[54 325/398] semantic=0.769 depth=0.431 normal=0.160
[54 350/398] semantic=0.688 depth=0.460 normal=0.101
[54 375/398] semantic=1.222 depth=0.430 normal=0.205
[54 398/398] semantic=1.157 depth=0.280 normal=0.133
Epoch 054: mIoU=29.689 pix=57.546 abs=0.6353 rel=0.2607 normal_mean=30.272 delta=18.272 wall_h=16.099
[55 1/398] semantic=2.647 depth=0.591 normal=0.219
MGDA-WARM WEIGHTS step=21500 weights=[0.19930757582187653, 0.44026973843574524, 0.36042264103889465]
[55 25/398] semantic=1.088 depth=0.517 normal=0.185
[55 50/398] semantic=1.263 depth=0.303 normal=0.171
[55 75/398] semantic=0.974 depth=0.212 normal=0.200
[55 100/398] semantic=0.757 depth=0.546 normal=0.149
MGDA-WARM WEIGHTS step=21600 weights=[0.15777647495269775, 0.16123437881469727, 0.680989146232605]
[55 125/398] semantic=0.916 depth=0.449 normal=0.166
[55 150/398] semantic=0.805 depth=0.335 normal=0.151
[55 175/398] semantic=0.852 depth=0.365 normal=0.189
[55 200/398] semantic=1.142 depth=0.705 normal=0.232
MGDA-WARM WEIGHTS step=21700 weights=[0.5320104360580444, 0.16719947755336761, 0.30079007148742676]
[55 225/398] semantic=0.865 depth=0.685 normal=0.175
[55 250/398] semantic=1.045 depth=0.345 normal=0.195
[55 275/398] semantic=0.568 depth=0.501 normal=0.194
[55 300/398] semantic=1.229 depth=0.399 normal=0.244
MGDA-WARM WEIGHTS step=21800 weights=[0.34898629784584045, 0.0, 0.6510137319564819]
[55 325/398] semantic=1.768 depth=0.470 normal=0.155
[55 350/398] semantic=1.072 depth=0.570 normal=0.157
[55 375/398] semantic=1.081 depth=0.731 normal=0.181
[55 398/398] semantic=1.542 depth=0.584 normal=0.292
Epoch 055: mIoU=30.438 pix=58.496 abs=0.6214 rel=0.2679 normal_mean=29.900 delta=16.990 wall_h=16.389
[56 1/398] semantic=0.891 depth=0.283 normal=0.162
MGDA-WARM WEIGHTS step=21900 weights=[0.0, 0.5267695188522339, 0.4732305109500885]
[56 25/398] semantic=0.865 depth=0.505 normal=0.121
[56 50/398] semantic=1.720 depth=0.708 normal=0.251
[56 75/398] semantic=1.190 depth=0.473 normal=0.217
[56 100/398] semantic=2.320 depth=0.387 normal=0.329
MGDA-WARM WEIGHTS step=22000 weights=[0.5514636039733887, 0.06718713790178299, 0.38134926557540894]
[56 125/398] semantic=1.045 depth=0.360 normal=0.128
[56 150/398] semantic=0.994 depth=0.517 normal=0.232
[56 175/398] semantic=1.311 depth=0.304 normal=0.171
[56 200/398] semantic=1.176 depth=1.064 normal=0.231
MGDA-WARM WEIGHTS step=22100 weights=[0.01635139435529709, 0.31579142808914185, 0.6678571105003357]
[56 225/398] semantic=1.038 depth=0.539 normal=0.181
[56 250/398] semantic=0.894 depth=0.395 normal=0.126
[56 275/398] semantic=1.133 depth=0.664 normal=0.160
[56 300/398] semantic=0.929 depth=0.428 normal=0.145
MGDA-WARM WEIGHTS step=22200 weights=[0.0, 0.6814688444137573, 0.3185311555862427]
[56 325/398] semantic=0.978 depth=0.597 normal=0.208
[56 350/398] semantic=1.404 depth=0.737 normal=0.192
[56 375/398] semantic=1.602 depth=0.416 normal=0.213
[56 398/398] semantic=0.866 depth=0.619 normal=0.171
Epoch 056: mIoU=29.322 pix=59.116 abs=0.6697 rel=0.2862 normal_mean=30.335 delta=19.241 wall_h=16.740
[57 1/398] semantic=1.111 depth=0.291 normal=0.203
MGDA-WARM WEIGHTS step=22300 weights=[0.4789891541004181, 0.0, 0.5210108757019043]
[57 25/398] semantic=1.251 depth=0.616 normal=0.181
[57 50/398] semantic=0.720 depth=0.588 normal=0.168
[57 75/398] semantic=1.070 depth=0.330 normal=0.209
[57 100/398] semantic=1.761 depth=0.449 normal=0.232
MGDA-WARM WEIGHTS step=22400 weights=[0.5167088508605957, 0.23697683215141296, 0.24631425738334656]
[57 125/398] semantic=1.414 depth=0.448 normal=0.223
[57 150/398] semantic=1.295 depth=0.574 normal=0.175
[57 175/398] semantic=1.352 depth=0.293 normal=0.205
[57 200/398] semantic=0.803 depth=0.495 normal=0.196
MGDA-WARM WEIGHTS step=22500 weights=[0.20351484417915344, 0.4180176556110382, 0.37846753001213074]
[57 225/398] semantic=1.050 depth=0.430 normal=0.136
[57 250/398] semantic=0.936 depth=0.388 normal=0.226
[57 275/398] semantic=0.994 depth=0.866 normal=0.190
[57 300/398] semantic=1.497 depth=0.453 normal=0.150
MGDA-WARM WEIGHTS step=22600 weights=[0.1772998571395874, 0.3739318251609802, 0.44876837730407715]
[57 325/398] semantic=0.693 depth=0.504 normal=0.198
[57 350/398] semantic=0.754 depth=0.701 normal=0.113
[57 375/398] semantic=0.767 depth=0.461 normal=0.188
[57 398/398] semantic=0.854 depth=0.327 normal=0.132
Epoch 057: mIoU=31.936 pix=58.185 abs=0.6147 rel=0.2574 normal_mean=29.939 delta=16.385 wall_h=17.124
[58 1/398] semantic=0.989 depth=0.471 normal=0.282
MGDA-WARM WEIGHTS step=22700 weights=[0.24033206701278687, 0.13944339752197266, 0.6202244758605957]
[58 25/398] semantic=0.718 depth=0.428 normal=0.103
[58 50/398] semantic=0.767 depth=0.396 normal=0.156
[58 75/398] semantic=0.867 depth=0.722 normal=0.222
[58 100/398] semantic=1.206 depth=0.833 normal=0.344
MGDA-WARM WEIGHTS step=22800 weights=[0.43544894456863403, 0.0, 0.5645509958267212]
[58 125/398] semantic=1.262 depth=0.348 normal=0.165
[58 150/398] semantic=0.795 depth=0.354 normal=0.144
[58 175/398] semantic=1.187 depth=0.644 normal=0.200
[58 200/398] semantic=1.472 depth=1.716 normal=0.284
MGDA-WARM WEIGHTS step=22900 weights=[0.653484582901001, 0.0, 0.3465154767036438]
[58 225/398] semantic=1.141 depth=0.684 normal=0.176
[58 250/398] semantic=1.231 depth=0.462 normal=0.126
[58 275/398] semantic=1.641 depth=0.531 normal=0.208
[58 300/398] semantic=1.113 depth=0.519 normal=0.242
MGDA-WARM WEIGHTS step=23000 weights=[0.04961623251438141, 0.3201485574245453, 0.6302352547645569]
[58 325/398] semantic=1.440 depth=0.234 normal=0.199
[58 350/398] semantic=1.081 depth=0.852 normal=0.203
[58 375/398] semantic=1.398 depth=0.437 normal=0.187
[58 398/398] semantic=1.235 depth=0.905 normal=0.191
Epoch 058: mIoU=30.066 pix=59.479 abs=0.6469 rel=0.2507 normal_mean=29.482 delta=14.366 wall_h=17.499
[59 1/398] semantic=1.201 depth=0.490 normal=0.211
MGDA-WARM WEIGHTS step=23100 weights=[0.14585638046264648, 0.22925978899002075, 0.624883770942688]
[59 25/398] semantic=1.426 depth=0.320 normal=0.193
[59 50/398] semantic=1.275 depth=0.440 normal=0.219
[59 75/398] semantic=0.820 depth=0.322 normal=0.154
[59 100/398] semantic=1.128 depth=0.306 normal=0.170
MGDA-WARM WEIGHTS step=23200 weights=[0.5045382380485535, 0.0, 0.49546176195144653]
[59 125/398] semantic=0.807 depth=0.437 normal=0.119
[59 150/398] semantic=1.152 depth=0.573 normal=0.169
[59 175/398] semantic=0.824 depth=0.443 normal=0.099
[59 200/398] semantic=1.112 depth=0.479 normal=0.156
MGDA-WARM WEIGHTS step=23300 weights=[0.8093818426132202, 0.042584456503391266, 0.1480337381362915]
[59 225/398] semantic=1.158 depth=1.638 normal=0.225
[59 250/398] semantic=2.168 depth=1.074 normal=0.218
[59 275/398] semantic=1.358 depth=0.362 normal=0.175
[59 300/398] semantic=1.272 depth=0.349 normal=0.212
MGDA-WARM WEIGHTS step=23400 weights=[0.2643181085586548, 0.2714976668357849, 0.4641841650009155]
[59 325/398] semantic=1.217 depth=0.561 normal=0.227
[59 350/398] semantic=0.663 depth=0.565 normal=0.150
[59 375/398] semantic=0.950 depth=1.183 normal=0.214
[59 398/398] semantic=0.968 depth=0.420 normal=0.243
Epoch 059: mIoU=32.151 pix=58.317 abs=0.6530 rel=0.2830 normal_mean=29.566 delta=15.863 wall_h=17.879
[60 1/398] semantic=0.953 depth=0.486 normal=0.179
MGDA-WARM WEIGHTS step=23500 weights=[0.13917222619056702, 0.0, 0.8608278036117554]
[60 25/398] semantic=1.010 depth=0.878 normal=0.231
[60 50/398] semantic=1.359 depth=0.288 normal=0.206
[60 75/398] semantic=1.057 depth=0.357 normal=0.148
[60 100/398] semantic=1.021 depth=0.386 normal=0.201
MGDA-WARM WEIGHTS step=23600 weights=[0.6928838491439819, 0.0, 0.3071161210536957]
[60 125/398] semantic=0.676 depth=0.262 normal=0.105
[60 150/398] semantic=0.817 depth=0.411 normal=0.130
[60 175/398] semantic=1.432 depth=0.320 normal=0.227
[60 200/398] semantic=0.822 depth=0.549 normal=0.154
MGDA-WARM WEIGHTS step=23700 weights=[0.09289015829563141, 0.39199167490005493, 0.5151181817054749]
[60 225/398] semantic=0.891 depth=0.339 normal=0.142
[60 250/398] semantic=1.227 depth=0.480 normal=0.175
[60 275/398] semantic=0.986 depth=0.301 normal=0.157
[60 300/398] semantic=1.181 depth=0.334 normal=0.254
MGDA-WARM WEIGHTS step=23800 weights=[0.0, 0.49732211232185364, 0.502677857875824]
[60 325/398] semantic=1.045 depth=0.295 normal=0.255
[60 350/398] semantic=0.794 depth=0.400 normal=0.150
[60 375/398] semantic=1.214 depth=0.925 normal=0.170
[60 398/398] semantic=1.641 depth=0.645 normal=0.356
Epoch 060: mIoU=27.450 pix=56.837 abs=0.6523 rel=0.2811 normal_mean=29.901 delta=18.487 wall_h=18.264
[61 1/398] semantic=1.059 depth=0.515 normal=0.152
MGDA-WARM WEIGHTS step=23900 weights=[0.5144122242927551, 0.11795225739479065, 0.3676355183124542]
[61 25/398] semantic=1.187 depth=0.460 normal=0.155
[61 50/398] semantic=1.024 depth=0.288 normal=0.162
[61 75/398] semantic=1.354 depth=0.424 normal=0.199
[61 100/398] semantic=1.462 depth=0.804 normal=0.219
MGDA-WARM WEIGHTS step=24000 weights=[0.6831969022750854, 0.0, 0.31680312752723694]
[61 125/398] semantic=0.693 depth=0.393 normal=0.150
[61 150/398] semantic=1.344 depth=0.569 normal=0.142
[61 175/398] semantic=1.049 depth=0.468 normal=0.183
[61 200/398] semantic=0.697 depth=0.441 normal=0.170
MGDA-WARM WEIGHTS step=24100 weights=[0.24061591923236847, 0.2802109122276306, 0.4791731834411621]
[61 225/398] semantic=1.162 depth=0.545 normal=0.178
[61 250/398] semantic=0.807 depth=0.667 normal=0.120
[61 275/398] semantic=1.337 depth=0.364 normal=0.174
[61 300/398] semantic=1.003 depth=0.329 normal=0.143
MGDA-WARM WEIGHTS step=24200 weights=[0.3120637536048889, 0.2716774642467499, 0.416258841753006]
[61 325/398] semantic=1.080 depth=0.392 normal=0.148
[61 350/398] semantic=0.727 depth=0.439 normal=0.169
[61 375/398] semantic=0.719 depth=0.423 normal=0.121
[61 398/398] semantic=0.929 depth=0.398 normal=0.158
Epoch 061: mIoU=32.196 pix=60.055 abs=0.6278 rel=0.2510 normal_mean=30.371 delta=16.637 wall_h=18.640
[62 1/398] semantic=1.076 depth=0.536 normal=0.167
MGDA-WARM WEIGHTS step=24300 weights=[0.43811437487602234, 0.30353108048439026, 0.2583545744419098]
[62 25/398] semantic=1.116 depth=0.431 normal=0.147
[62 50/398] semantic=1.203 depth=0.466 normal=0.207
[62 75/398] semantic=1.052 depth=0.518 normal=0.163
[62 100/398] semantic=0.769 depth=0.491 normal=0.191
MGDA-WARM WEIGHTS step=24400 weights=[0.40125882625579834, 0.4336225986480713, 0.16511857509613037]
[62 125/398] semantic=1.789 depth=0.337 normal=0.192
[62 150/398] semantic=1.045 depth=0.644 normal=0.200
[62 175/398] semantic=1.243 depth=0.352 normal=0.154
[62 200/398] semantic=1.249 depth=0.352 normal=0.196
MGDA-WARM WEIGHTS step=24500 weights=[0.0, 0.5814269781112671, 0.4185730218887329]
[62 225/398] semantic=0.777 depth=0.508 normal=0.186
[62 250/398] semantic=0.965 depth=0.412 normal=0.149
[62 275/398] semantic=1.194 depth=0.528 normal=0.305
[62 300/398] semantic=1.697 depth=0.803 normal=0.194
MGDA-WARM WEIGHTS step=24600 weights=[0.5830355882644653, 0.0, 0.41696444153785706]
[62 325/398] semantic=1.064 depth=0.472 normal=0.194
[62 350/398] semantic=0.886 depth=0.481 normal=0.140
[62 375/398] semantic=0.780 depth=0.778 normal=0.164
[62 398/398] semantic=1.377 depth=0.580 normal=0.192
Epoch 062: mIoU=32.503 pix=60.530 abs=0.6053 rel=0.2593 normal_mean=29.482 delta=14.197 wall_h=19.019
[63 1/398] semantic=0.584 depth=0.500 normal=0.159
MGDA-WARM WEIGHTS step=24700 weights=[0.2968086004257202, 0.05920912325382233, 0.6439822316169739]
[63 25/398] semantic=0.994 depth=0.412 normal=0.153
[63 50/398] semantic=0.882 depth=0.456 normal=0.107
[63 75/398] semantic=0.921 depth=0.246 normal=0.125
[63 100/398] semantic=0.656 depth=0.765 normal=0.180
MGDA-WARM WEIGHTS step=24800 weights=[0.06905804574489594, 0.10737015306949615, 0.8235718011856079]
[63 125/398] semantic=0.689 depth=0.495 normal=0.173
[63 150/398] semantic=1.254 depth=0.346 normal=0.187
[63 175/398] semantic=0.785 depth=0.771 normal=0.183
[63 200/398] semantic=0.931 depth=0.293 normal=0.127
MGDA-WARM WEIGHTS step=24900 weights=[0.05729354918003082, 0.8445394039154053, 0.09816710650920868]
[63 225/398] semantic=1.274 depth=0.375 normal=0.250
[63 250/398] semantic=1.134 depth=0.548 normal=0.139
[63 275/398] semantic=1.120 depth=0.525 normal=0.205
[63 300/398] semantic=0.823 depth=0.768 normal=0.153
MGDA-WARM WEIGHTS step=25000 weights=[0.0, 0.14481401443481445, 0.8551859855651855]
[63 325/398] semantic=0.898 depth=0.606 normal=0.273
[63 350/398] semantic=1.203 depth=0.551 normal=0.234
[63 375/398] semantic=1.048 depth=0.639 normal=0.208
[63 398/398] semantic=1.472 depth=0.454 normal=0.313
Epoch 063: mIoU=32.782 pix=59.607 abs=0.6385 rel=0.2862 normal_mean=29.845 delta=16.449 wall_h=19.401
[64 1/398] semantic=0.646 depth=0.384 normal=0.149
[64 25/398] semantic=1.217 depth=0.456 normal=0.208
MGDA-WARM WEIGHTS step=25100 weights=[0.23572511970996857, 0.44870060682296753, 0.3155742287635803]
[64 50/398] semantic=2.358 depth=0.683 normal=0.269
[64 75/398] semantic=0.906 depth=0.394 normal=0.139
[64 100/398] semantic=1.297 depth=0.302 normal=0.195
[64 125/398] semantic=1.131 depth=0.477 normal=0.244
MGDA-WARM WEIGHTS step=25200 weights=[0.028837017714977264, 0.12742888927459717, 0.8437341451644897]
[64 150/398] semantic=1.032 depth=0.604 normal=0.177
[64 175/398] semantic=0.969 depth=0.581 normal=0.179
[64 200/398] semantic=1.130 depth=0.351 normal=0.232
[64 225/398] semantic=1.511 depth=0.498 normal=0.198
MGDA-WARM WEIGHTS step=25300 weights=[0.3418639302253723, 0.5122610926628113, 0.1458750218153]
[64 250/398] semantic=1.017 depth=0.471 normal=0.215
[64 275/398] semantic=1.032 depth=0.748 normal=0.265
[64 300/398] semantic=1.245 depth=0.433 normal=0.263
[64 325/398] semantic=0.695 depth=0.423 normal=0.161
MGDA-WARM WEIGHTS step=25400 weights=[0.6691935062408447, 0.12135861814022064, 0.20944784581661224]
[64 350/398] semantic=0.849 depth=0.561 normal=0.181
[64 375/398] semantic=1.094 depth=0.357 normal=0.179
[64 398/398] semantic=1.827 depth=0.844 normal=0.221
Epoch 064: mIoU=30.839 pix=59.428 abs=0.7049 rel=0.2519 normal_mean=30.726 delta=19.618 wall_h=19.788
[65 1/398] semantic=0.974 depth=0.447 normal=0.156
[65 25/398] semantic=1.056 depth=0.476 normal=0.145
MGDA-WARM WEIGHTS step=25500 weights=[0.0, 0.4882800281047821, 0.5117199420928955]
[65 50/398] semantic=1.390 depth=0.437 normal=0.139
[65 75/398] semantic=1.144 depth=0.330 normal=0.166
[65 100/398] semantic=1.019 depth=0.417 normal=0.144
[65 125/398] semantic=0.831 depth=0.495 normal=0.168
MGDA-WARM WEIGHTS step=25600 weights=[0.18936023116111755, 0.01400642842054367, 0.7966333627700806]
[65 150/398] semantic=1.153 depth=0.588 normal=0.168
[65 175/398] semantic=0.795 depth=0.378 normal=0.131
[65 200/398] semantic=1.056 depth=0.807 normal=0.209
[65 225/398] semantic=1.091 depth=0.434 normal=0.164
MGDA-WARM WEIGHTS step=25700 weights=[0.28740474581718445, 0.24702546000480652, 0.46556973457336426]
[65 250/398] semantic=0.896 depth=0.442 normal=0.153
[65 275/398] semantic=0.652 depth=0.547 normal=0.203
[65 300/398] semantic=0.898 depth=0.388 normal=0.241
[65 325/398] semantic=0.519 depth=0.260 normal=0.121
MGDA-WARM WEIGHTS step=25800 weights=[0.07114183902740479, 0.2204609513282776, 0.7083972692489624]
[65 350/398] semantic=0.542 depth=0.520 normal=0.137
[65 375/398] semantic=0.672 depth=0.500 normal=0.118
[65 398/398] semantic=0.788 depth=0.411 normal=0.165
Epoch 065: mIoU=31.957 pix=59.909 abs=0.6216 rel=0.2355 normal_mean=29.933 delta=15.108 wall_h=20.238
[66 1/398] semantic=0.533 depth=0.333 normal=0.104
[66 25/398] semantic=1.072 depth=0.765 normal=0.202
MGDA-WARM WEIGHTS step=25900 weights=[0.0, 0.3578304350376129, 0.6421695351600647]
[66 50/398] semantic=0.695 depth=0.534 normal=0.182
[66 75/398] semantic=1.336 depth=0.368 normal=0.183
[66 100/398] semantic=0.853 depth=0.370 normal=0.172
[66 125/398] semantic=1.332 depth=0.438 normal=0.247
MGDA-WARM WEIGHTS step=26000 weights=[0.19791287183761597, 0.09621905535459518, 0.7058680653572083]
[66 150/398] semantic=1.374 depth=0.430 normal=0.206
[66 175/398] semantic=0.620 depth=0.377 normal=0.156
[66 200/398] semantic=1.024 depth=0.428 normal=0.197
[66 225/398] semantic=0.855 depth=0.358 normal=0.151
MGDA-WARM WEIGHTS step=26100 weights=[0.0, 0.3079105615615845, 0.6920894384384155]
[66 250/398] semantic=1.220 depth=0.577 normal=0.231
[66 275/398] semantic=0.693 depth=0.339 normal=0.212
[66 300/398] semantic=0.950 depth=0.508 normal=0.151
[66 325/398] semantic=1.497 depth=0.716 normal=0.192
MGDA-WARM WEIGHTS step=26200 weights=[0.2997836470603943, 0.07385307550430298, 0.6263633370399475]
[66 350/398] semantic=0.754 depth=0.359 normal=0.183
[66 375/398] semantic=1.015 depth=0.408 normal=0.171
[66 398/398] semantic=0.993 depth=0.420 normal=0.171
Epoch 066: mIoU=30.143 pix=57.606 abs=0.6423 rel=0.2746 normal_mean=29.670 delta=16.982 wall_h=20.837
[67 1/398] semantic=1.204 depth=0.470 normal=0.171
[67 25/398] semantic=1.594 depth=0.518 normal=0.179
MGDA-WARM WEIGHTS step=26300 weights=[0.5833642482757568, 0.06642642617225647, 0.3502093553543091]
[67 50/398] semantic=1.091 depth=0.372 normal=0.135
[67 75/398] semantic=0.641 depth=0.328 normal=0.148
[67 100/398] semantic=1.085 depth=0.574 normal=0.254
[67 125/398] semantic=1.593 depth=0.503 normal=0.203
MGDA-WARM WEIGHTS step=26400 weights=[0.1630212962627411, 0.35281533002853394, 0.4841633439064026]
[67 150/398] semantic=0.950 depth=0.513 normal=0.149
[67 175/398] semantic=0.616 depth=0.569 normal=0.118
[67 200/398] semantic=0.888 depth=0.272 normal=0.145
[67 225/398] semantic=1.756 depth=0.321 normal=0.200
MGDA-WARM WEIGHTS step=26500 weights=[0.1201397180557251, 0.1375984102487564, 0.7422618269920349]
[67 250/398] semantic=1.279 depth=0.195 normal=0.158
[67 275/398] semantic=1.142 depth=0.651 normal=0.275
[67 300/398] semantic=1.947 depth=0.411 normal=0.213
[67 325/398] semantic=0.759 depth=0.691 normal=0.191
MGDA-WARM WEIGHTS step=26600 weights=[0.8672040104866028, 0.0, 0.13279597461223602]
[67 350/398] semantic=1.369 depth=0.923 normal=0.182
[67 375/398] semantic=0.744 depth=0.348 normal=0.198
[67 398/398] semantic=3.460 depth=0.674 normal=0.148
Epoch 067: mIoU=32.317 pix=60.877 abs=0.6118 rel=0.2390 normal_mean=29.392 delta=13.067 wall_h=21.408
[68 1/398] semantic=0.857 depth=0.553 normal=0.174
[68 25/398] semantic=2.073 depth=0.464 normal=0.175
MGDA-WARM WEIGHTS step=26700 weights=[0.47196218371391296, 0.11917729675769806, 0.4088605046272278]
[68 50/398] semantic=1.436 depth=0.487 normal=0.170
[68 75/398] semantic=1.410 depth=0.659 normal=0.204
[68 100/398] semantic=1.249 depth=0.291 normal=0.160
[68 125/398] semantic=0.904 depth=0.377 normal=0.166
MGDA-WARM WEIGHTS step=26800 weights=[0.34980860352516174, 0.23490048944950104, 0.41529083251953125]
[68 150/398] semantic=1.051 depth=0.696 normal=0.209
[68 175/398] semantic=1.328 depth=0.563 normal=0.174
[68 200/398] semantic=1.014 depth=0.330 normal=0.171
[68 225/398] semantic=0.883 depth=0.529 normal=0.121
MGDA-WARM WEIGHTS step=26900 weights=[1.0, 0.0, 0.0]
[68 250/398] semantic=1.291 depth=0.641 normal=0.149
[68 275/398] semantic=1.151 depth=0.663 normal=0.238
[68 300/398] semantic=0.918 depth=0.510 normal=0.171
[68 325/398] semantic=0.882 depth=0.413 normal=0.181
MGDA-WARM WEIGHTS step=27000 weights=[0.09098649770021439, 0.3982256352901459, 0.5107879042625427]
[68 350/398] semantic=1.184 depth=0.362 normal=0.227
[68 375/398] semantic=0.525 depth=0.430 normal=0.142
[68 398/398] semantic=2.150 depth=1.080 normal=0.259
Epoch 068: mIoU=30.931 pix=60.727 abs=0.6270 rel=0.2718 normal_mean=29.456 delta=15.589 wall_h=21.974
[69 1/398] semantic=0.809 depth=0.613 normal=0.168
[69 25/398] semantic=1.181 depth=0.301 normal=0.213
MGDA-WARM WEIGHTS step=27100 weights=[0.0, 0.39844197034835815, 0.6015580892562866]
[69 50/398] semantic=0.908 depth=0.577 normal=0.153
[69 75/398] semantic=0.920 depth=0.424 normal=0.127
[69 100/398] semantic=0.699 depth=0.364 normal=0.163
[69 125/398] semantic=0.969 depth=0.441 normal=0.248
MGDA-WARM WEIGHTS step=27200 weights=[0.338923841714859, 0.24866677820682526, 0.41240936517715454]
[69 150/398] semantic=1.251 depth=0.303 normal=0.163
[69 175/398] semantic=1.564 depth=0.967 normal=0.228
[69 200/398] semantic=1.089 depth=0.391 normal=0.165
[69 225/398] semantic=1.367 depth=0.605 normal=0.214
MGDA-WARM WEIGHTS step=27300 weights=[0.0, 1.0, 0.0]
[69 250/398] semantic=0.821 depth=0.564 normal=0.201
[69 275/398] semantic=0.761 depth=0.601 normal=0.144
[69 300/398] semantic=0.738 depth=0.378 normal=0.135
[69 325/398] semantic=0.904 depth=0.635 normal=0.140
MGDA-WARM WEIGHTS step=27400 weights=[0.5947396159172058, 0.07789537310600281, 0.3273650109767914]
[69 350/398] semantic=1.509 depth=0.687 normal=0.226
[69 375/398] semantic=1.193 depth=0.382 normal=0.213
[69 398/398] semantic=1.796 depth=0.412 normal=0.325
Epoch 069: mIoU=32.589 pix=60.151 abs=0.5969 rel=0.2429 normal_mean=30.133 delta=15.245 wall_h=22.550
[70 1/398] semantic=0.568 depth=0.434 normal=0.129
[70 25/398] semantic=1.029 depth=0.347 normal=0.105
MGDA-WARM WEIGHTS step=27500 weights=[0.13173261284828186, 0.1575315296649933, 0.7107358574867249]
[70 50/398] semantic=1.118 depth=0.591 normal=0.165
[70 75/398] semantic=0.861 depth=0.566 normal=0.205
[70 100/398] semantic=1.611 depth=0.395 normal=0.194
[70 125/398] semantic=0.803 depth=0.562 normal=0.213
MGDA-WARM WEIGHTS step=27600 weights=[0.0, 0.7332419157028198, 0.2667580246925354]
[70 150/398] semantic=1.170 depth=0.621 normal=0.202
[70 175/398] semantic=1.104 depth=0.354 normal=0.116
[70 200/398] semantic=0.783 depth=0.400 normal=0.170
[70 225/398] semantic=0.927 depth=0.735 normal=0.164
MGDA-WARM WEIGHTS step=27700 weights=[0.9398155212402344, 0.0, 0.06018442660570145]
[70 250/398] semantic=1.028 depth=0.241 normal=0.126
[70 275/398] semantic=2.034 depth=0.544 normal=0.285
[70 300/398] semantic=1.778 depth=0.927 normal=0.169
[70 325/398] semantic=1.451 depth=0.837 normal=0.272
MGDA-WARM WEIGHTS step=27800 weights=[0.007764875888824463, 0.1230131983757019, 0.8692220449447632]
[70 350/398] semantic=1.832 depth=0.389 normal=0.195
[70 375/398] semantic=0.803 depth=0.397 normal=0.177
[70 398/398] semantic=0.954 depth=0.503 normal=0.185
Epoch 070: mIoU=33.103 pix=60.395 abs=0.5975 rel=0.2454 normal_mean=29.445 delta=13.562 wall_h=23.197
[71 1/398] semantic=0.858 depth=0.458 normal=0.166
[71 25/398] semantic=0.801 depth=0.405 normal=0.152
MGDA-WARM WEIGHTS step=27900 weights=[0.3230876624584198, 0.18481633067131042, 0.4920960068702698]
[71 50/398] semantic=1.017 depth=0.527 normal=0.187
[71 75/398] semantic=1.514 depth=0.476 normal=0.159
[71 100/398] semantic=0.770 depth=0.408 normal=0.139
[71 125/398] semantic=0.753 depth=0.453 normal=0.172
MGDA-WARM WEIGHTS step=28000 weights=[0.7247934341430664, 0.0, 0.27520662546157837]
[71 150/398] semantic=1.928 depth=0.344 normal=0.195
[71 175/398] semantic=1.101 depth=0.840 normal=0.263
[71 200/398] semantic=1.373 depth=0.472 normal=0.178
[71 225/398] semantic=0.848 depth=0.393 normal=0.178
MGDA-WARM WEIGHTS step=28100 weights=[0.3822344243526459, 0.1635247766971588, 0.4542408585548401]
[71 250/398] semantic=1.317 depth=0.709 normal=0.296
[71 275/398] semantic=0.834 depth=0.651 normal=0.164
[71 300/398] semantic=0.547 depth=0.340 normal=0.130
[71 325/398] semantic=1.273 depth=0.770 normal=0.200
MGDA-WARM WEIGHTS step=28200 weights=[0.0, 0.5635924339294434, 0.43640759587287903]
[71 350/398] semantic=1.168 depth=0.478 normal=0.181
[71 375/398] semantic=1.141 depth=0.524 normal=0.198
[71 398/398] semantic=1.120 depth=0.357 normal=0.133
Epoch 071: mIoU=32.213 pix=59.356 abs=0.6832 rel=0.2465 normal_mean=30.652 delta=18.272 wall_h=23.847
[72 1/398] semantic=0.974 depth=0.659 normal=0.248
[72 25/398] semantic=0.858 depth=0.293 normal=0.178
MGDA-WARM WEIGHTS step=28300 weights=[0.5974956154823303, 0.29631325602531433, 0.10619112849235535]
[72 50/398] semantic=0.950 depth=0.329 normal=0.173
[72 75/398] semantic=0.927 depth=0.674 normal=0.186
[72 100/398] semantic=1.037 depth=0.532 normal=0.187
[72 125/398] semantic=1.240 depth=0.399 normal=0.211
MGDA-WARM WEIGHTS step=28400 weights=[0.21566756069660187, 0.2183244824409485, 0.5660079717636108]
[72 150/398] semantic=0.717 depth=0.386 normal=0.128
[72 175/398] semantic=1.294 depth=0.458 normal=0.231
[72 200/398] semantic=1.420 depth=0.286 normal=0.173
[72 225/398] semantic=1.013 depth=0.587 normal=0.258
MGDA-WARM WEIGHTS step=28500 weights=[0.4662301540374756, 0.12004122883081436, 0.41372862458229065]
[72 250/398] semantic=1.051 depth=0.592 normal=0.214
[72 275/398] semantic=1.059 depth=0.464 normal=0.145
[72 300/398] semantic=0.942 depth=0.312 normal=0.165
[72 325/398] semantic=0.874 depth=0.928 normal=0.156
MGDA-WARM WEIGHTS step=28600 weights=[0.30777424573898315, 0.0, 0.6922256946563721]
[72 350/398] semantic=1.065 depth=0.805 normal=0.145
[72 375/398] semantic=0.948 depth=0.351 normal=0.118
[72 398/398] semantic=1.290 depth=0.356 normal=0.149
Epoch 072: mIoU=32.353 pix=60.952 abs=0.6048 rel=0.2589 normal_mean=29.723 delta=15.103 wall_h=24.496
[73 1/398] semantic=1.388 depth=0.400 normal=0.188
[73 25/398] semantic=1.204 depth=1.128 normal=0.235
MGDA-WARM WEIGHTS step=28700 weights=[0.0668024867773056, 0.5570262670516968, 0.3761712312698364]
[73 50/398] semantic=1.020 depth=0.453 normal=0.185
[73 75/398] semantic=1.061 depth=0.423 normal=0.240
[73 100/398] semantic=1.288 depth=0.405 normal=0.192
[73 125/398] semantic=1.120 depth=0.621 normal=0.188
MGDA-WARM WEIGHTS step=28800 weights=[0.2084280550479889, 0.07966956496238708, 0.7119024991989136]
[73 150/398] semantic=1.284 depth=0.374 normal=0.170
[73 175/398] semantic=0.753 depth=0.645 normal=0.184
[73 200/398] semantic=0.863 depth=0.221 normal=0.196
[73 225/398] semantic=0.630 depth=0.315 normal=0.202
MGDA-WARM WEIGHTS step=28900 weights=[0.19487136602401733, 0.512062132358551, 0.29306644201278687]
[73 250/398] semantic=1.041 depth=0.405 normal=0.183
[73 275/398] semantic=0.591 depth=0.381 normal=0.140
[73 300/398] semantic=0.906 depth=0.393 normal=0.194
[73 325/398] semantic=0.577 depth=0.587 normal=0.112
MGDA-WARM WEIGHTS step=29000 weights=[0.30072152614593506, 0.04896511137485504, 0.6503133177757263]
[73 350/398] semantic=1.418 depth=0.830 normal=0.253
[73 375/398] semantic=0.511 depth=0.423 normal=0.148
[73 398/398] semantic=1.063 depth=0.252 normal=0.143
Epoch 073: mIoU=34.240 pix=60.807 abs=0.6198 rel=0.2430 normal_mean=29.239 delta=12.623 wall_h=25.025
[74 1/398] semantic=1.333 depth=0.922 normal=0.207
[74 25/398] semantic=0.867 depth=0.661 normal=0.188
MGDA-WARM WEIGHTS step=29100 weights=[0.7433080673217773, 0.25669193267822266, 0.0]
[74 50/398] semantic=0.870 depth=0.562 normal=0.152
[74 75/398] semantic=1.171 depth=0.400 normal=0.208
[74 100/398] semantic=1.237 depth=0.545 normal=0.142
[74 125/398] semantic=1.000 depth=0.397 normal=0.237
MGDA-WARM WEIGHTS step=29200 weights=[0.11378878355026245, 0.7341266870498657, 0.15208454430103302]
[74 150/398] semantic=0.570 depth=0.268 normal=0.134
[74 175/398] semantic=1.189 depth=0.470 normal=0.215
[74 200/398] semantic=0.627 depth=0.310 normal=0.132
[74 225/398] semantic=0.743 depth=0.622 normal=0.194
MGDA-WARM WEIGHTS step=29300 weights=[0.5335832238197327, 0.23428207635879517, 0.23213475942611694]
[74 250/398] semantic=1.031 depth=0.492 normal=0.163
[74 275/398] semantic=1.155 depth=1.214 normal=0.182
[74 300/398] semantic=1.238 depth=0.737 normal=0.292
[74 325/398] semantic=1.143 depth=0.376 normal=0.227
MGDA-WARM WEIGHTS step=29400 weights=[0.3328200578689575, 0.0, 0.6671799421310425]
[74 350/398] semantic=1.013 depth=0.369 normal=0.218
[74 375/398] semantic=0.708 depth=0.596 normal=0.187
[74 398/398] semantic=0.744 depth=0.650 normal=0.274
Epoch 074: mIoU=33.437 pix=60.561 abs=0.5847 rel=0.2450 normal_mean=29.759 delta=13.626 wall_h=25.367
[75 1/398] semantic=1.038 depth=0.287 normal=0.186
[75 25/398] semantic=0.937 depth=0.524 normal=0.145
MGDA-WARM WEIGHTS step=29500 weights=[0.0, 0.5033925771713257, 0.49660739302635193]
[75 50/398] semantic=0.624 depth=0.584 normal=0.213
[75 75/398] semantic=0.908 depth=0.392 normal=0.165
[75 100/398] semantic=0.681 depth=0.427 normal=0.187
[75 125/398] semantic=0.946 depth=0.428 normal=0.167
MGDA-WARM WEIGHTS step=29600 weights=[0.6386896371841431, 0.0, 0.36131030321121216]
[75 150/398] semantic=0.764 depth=0.412 normal=0.141
[75 175/398] semantic=1.002 depth=0.503 normal=0.198
[75 200/398] semantic=0.950 depth=0.431 normal=0.204
[75 225/398] semantic=1.037 depth=0.415 normal=0.167
MGDA-WARM WEIGHTS step=29700 weights=[0.18169741332530975, 0.27539682388305664, 0.5429058074951172]
[75 250/398] semantic=0.738 depth=0.663 normal=0.176
[75 275/398] semantic=0.914 depth=0.689 normal=0.175
[75 300/398] semantic=1.163 depth=0.728 normal=0.261
[75 325/398] semantic=0.707 depth=0.509 normal=0.195
MGDA-WARM WEIGHTS step=29800 weights=[0.3187786936759949, 0.33803796768188477, 0.3431832790374756]
[75 350/398] semantic=1.316 depth=0.331 normal=0.238
[75 375/398] semantic=1.560 depth=0.378 normal=0.197
[75 398/398] semantic=0.961 depth=0.886 normal=0.147
Epoch 075: mIoU=32.147 pix=60.777 abs=0.5847 rel=0.2466 normal_mean=30.042 delta=14.673 wall_h=25.691
[76 1/398] semantic=1.222 depth=0.460 normal=0.239
[76 25/398] semantic=0.826 depth=0.596 normal=0.124
MGDA-WARM WEIGHTS step=29900 weights=[0.06969648599624634, 0.43443864583969116, 0.4958648681640625]
[76 50/398] semantic=0.918 depth=0.411 normal=0.186
[76 75/398] semantic=0.693 depth=0.364 normal=0.133
[76 100/398] semantic=1.374 depth=0.751 normal=0.189
[76 125/398] semantic=1.235 depth=0.602 normal=0.132
MGDA-WARM WEIGHTS step=30000 weights=[0.186846062541008, 0.22990567982196808, 0.5832482576370239]
[76 150/398] semantic=0.800 depth=0.701 normal=0.232
[76 175/398] semantic=1.064 depth=0.597 normal=0.208
[76 200/398] semantic=0.837 depth=0.451 normal=0.207
[76 225/398] semantic=1.189 depth=0.591 normal=0.210
MGDA-WARM WEIGHTS step=30100 weights=[0.2568274140357971, 0.20581169426441193, 0.5373609066009521]
[76 250/398] semantic=0.784 depth=0.280 normal=0.158
[76 275/398] semantic=0.589 depth=0.374 normal=0.157
[76 300/398] semantic=0.812 depth=0.368 normal=0.199
[76 325/398] semantic=0.934 depth=0.779 normal=0.306
MGDA-WARM WEIGHTS step=30200 weights=[0.10511510074138641, 0.3226480484008789, 0.5722368955612183]
[76 350/398] semantic=1.004 depth=0.291 normal=0.153
[76 375/398] semantic=1.148 depth=0.632 normal=0.234
[76 398/398] semantic=1.051 depth=0.547 normal=0.186
Epoch 076: mIoU=34.120 pix=60.053 abs=0.5855 rel=0.2352 normal_mean=29.681 delta=13.176 wall_h=26.042
[77 1/398] semantic=0.947 depth=0.329 normal=0.192
[77 25/398] semantic=1.990 depth=0.760 normal=0.212
[77 50/398] semantic=1.636 depth=0.443 normal=0.184
MGDA-WARM WEIGHTS step=30300 weights=[0.08209429681301117, 0.23864345252513885, 0.6792622208595276]
[77 75/398] semantic=0.804 depth=0.697 normal=0.241
[77 100/398] semantic=0.821 depth=0.622 normal=0.148
[77 125/398] semantic=0.642 depth=0.542 normal=0.208
[77 150/398] semantic=0.947 depth=0.499 normal=0.213
MGDA-WARM WEIGHTS step=30400 weights=[0.2898513972759247, 0.3507101535797119, 0.3594384491443634]
[77 175/398] semantic=0.624 depth=0.357 normal=0.138
[77 200/398] semantic=0.724 depth=0.423 normal=0.163
[77 225/398] semantic=1.263 depth=0.717 normal=0.255
[77 250/398] semantic=0.919 depth=0.687 normal=0.266
MGDA-WARM WEIGHTS step=30500 weights=[0.2385936826467514, 0.3286391496658325, 0.4327670931816101]
[77 275/398] semantic=1.096 depth=0.548 normal=0.211
[77 300/398] semantic=0.851 depth=0.556 normal=0.164
[77 325/398] semantic=0.819 depth=0.638 normal=0.163
[77 350/398] semantic=0.773 depth=0.585 normal=0.168
MGDA-WARM WEIGHTS step=30600 weights=[0.2770165801048279, 0.1455967277288437, 0.5773866772651672]
[77 375/398] semantic=1.143 depth=0.435 normal=0.237
[77 398/398] semantic=0.976 depth=0.594 normal=0.224
Epoch 077: mIoU=34.008 pix=59.792 abs=0.6022 rel=0.2339 normal_mean=30.322 delta=14.916 wall_h=26.389
[78 1/398] semantic=0.356 depth=0.494 normal=0.108
[78 25/398] semantic=1.002 depth=0.389 normal=0.217
[78 50/398] semantic=0.671 depth=0.602 normal=0.107
MGDA-WARM WEIGHTS step=30700 weights=[0.5137938261032104, 0.2304978221654892, 0.25570833683013916]
[78 75/398] semantic=1.107 depth=0.520 normal=0.211
[78 100/398] semantic=1.061 depth=0.333 normal=0.175
[78 125/398] semantic=0.837 depth=0.538 normal=0.181
[78 150/398] semantic=0.834 depth=0.385 normal=0.140
MGDA-WARM WEIGHTS step=30800 weights=[0.18643462657928467, 0.46646183729171753, 0.3471035659313202]
[78 175/398] semantic=0.980 depth=0.611 normal=0.204
[78 200/398] semantic=0.885 depth=0.460 normal=0.168
[78 225/398] semantic=0.906 depth=0.323 normal=0.161
[78 250/398] semantic=0.743 depth=0.547 normal=0.182
MGDA-WARM WEIGHTS step=30900 weights=[0.12479587644338608, 0.3438493609428406, 0.5313547849655151]
[78 275/398] semantic=0.866 depth=0.370 normal=0.158
[78 300/398] semantic=0.811 depth=0.279 normal=0.127
[78 325/398] semantic=0.965 depth=0.397 normal=0.225
[78 350/398] semantic=1.018 depth=0.508 normal=0.175
MGDA-WARM WEIGHTS step=31000 weights=[0.053577765822410583, 0.42964649200439453, 0.5167757868766785]
[78 375/398] semantic=1.249 depth=0.290 normal=0.114
[78 398/398] semantic=0.718 depth=0.307 normal=0.098
Epoch 078: mIoU=34.013 pix=61.214 abs=0.6155 rel=0.2671 normal_mean=29.184 delta=13.063 wall_h=26.724
[79 1/398] semantic=0.907 depth=0.380 normal=0.139
[79 25/398] semantic=1.160 depth=0.708 normal=0.279
[79 50/398] semantic=0.664 depth=0.426 normal=0.141
MGDA-WARM WEIGHTS step=31100 weights=[0.039520420134067535, 0.7212282419204712, 0.23925134539604187]
[79 75/398] semantic=0.832 depth=0.489 normal=0.196
[79 100/398] semantic=0.914 depth=0.321 normal=0.186
[79 125/398] semantic=0.573 depth=0.366 normal=0.112
[79 150/398] semantic=0.600 depth=0.526 normal=0.190
MGDA-WARM WEIGHTS step=31200 weights=[0.45624247193336487, 0.08813448250293732, 0.4556230306625366]
[79 175/398] semantic=1.517 depth=0.324 normal=0.223
[79 200/398] semantic=0.733 depth=0.369 normal=0.173
[79 225/398] semantic=0.839 depth=0.424 normal=0.164
[79 250/398] semantic=0.953 depth=0.351 normal=0.126
MGDA-WARM WEIGHTS step=31300 weights=[0.2521539032459259, 0.4662037491798401, 0.2816423177719116]
[79 275/398] semantic=0.972 depth=0.346 normal=0.153
[79 300/398] semantic=1.150 depth=0.431 normal=0.202
[79 325/398] semantic=1.081 depth=0.508 normal=0.142
[79 350/398] semantic=0.786 depth=0.869 normal=0.250
MGDA-WARM WEIGHTS step=31400 weights=[0.6515493392944336, 0.06107834726572037, 0.28737232089042664]
[79 375/398] semantic=0.431 depth=0.564 normal=0.155
[79 398/398] semantic=1.853 depth=0.413 normal=0.207
RUN dataset=nyuv2 method=mgda_warm seed=42 lr=0.0001 batch=2 epochs=200 model=mtan
RESULT /mloscratch/homes/mirrokni/LMO-MOO/results/nyuv2/mgda_warm_sd42.stats
CHECKPOINT /mloscratch/homes/mirrokni/LMO-MOO/results/checkpoints/nyuv2/mgda_warm_sd42.pt
OPTIMIZER Adam lr=0.0001
RESUME epoch=79 phase=evaluate next_batch=299/327
Epoch 079: mIoU=30.829 pix=58.209 abs=0.5977 rel=0.2374 normal_mean=30.391 delta=16.651 wall_h=27.100
[80 1/398] semantic=1.079 depth=0.588 normal=0.187
[80 25/398] semantic=0.575 depth=0.420 normal=0.138
[80 50/398] semantic=0.741 depth=0.368 normal=0.201
MGDA-WARM WEIGHTS step=31500 weights=[0.40625494718551636, 0.2260647416114807, 0.36768031120300293]
[80 75/398] semantic=1.074 depth=0.455 normal=0.300
[80 100/398] semantic=0.730 depth=0.487 normal=0.130
[80 125/398] semantic=2.170 depth=0.488 normal=0.214
[80 150/398] semantic=0.700 depth=0.723 normal=0.160
MGDA-WARM WEIGHTS step=31600 weights=[0.46483540534973145, 0.14901646971702576, 0.3861481249332428]
[80 175/398] semantic=1.859 depth=0.502 normal=0.242
[80 200/398] semantic=0.738 depth=0.432 normal=0.198
[80 225/398] semantic=1.088 depth=0.240 normal=0.158
[80 250/398] semantic=0.922 depth=0.372 normal=0.162
MGDA-WARM WEIGHTS step=31700 weights=[0.2861447036266327, 0.31599488854408264, 0.3978603780269623]
[80 275/398] semantic=0.988 depth=0.308 normal=0.167
[80 300/398] semantic=0.826 depth=0.601 normal=0.174
[80 325/398] semantic=0.593 depth=0.747 normal=0.124
[80 350/398] semantic=1.178 depth=0.381 normal=0.170
MGDA-WARM WEIGHTS step=31800 weights=[0.35009104013442993, 0.0, 0.6499089002609253]
[80 375/398] semantic=1.186 depth=0.724 normal=0.228
[80 398/398] semantic=3.678 depth=0.926 normal=0.247
Epoch 080: mIoU=30.266 pix=57.287 abs=0.6830 rel=0.2654 normal_mean=31.598 delta=22.916 wall_h=27.657
[81 1/398] semantic=0.939 depth=0.385 normal=0.160
[81 25/398] semantic=0.615 depth=0.302 normal=0.148
[81 50/398] semantic=0.996 depth=0.918 normal=0.132
MGDA-WARM WEIGHTS step=31900 weights=[0.808720588684082, 0.0, 0.19127941131591797]
[81 75/398] semantic=1.305 depth=0.331 normal=0.167
[81 100/398] semantic=1.052 depth=0.301 normal=0.167
[81 125/398] semantic=1.140 depth=0.519 normal=0.177
[81 150/398] semantic=0.483 depth=0.539 normal=0.187
MGDA-WARM WEIGHTS step=32000 weights=[0.2240295708179474, 0.2928854823112488, 0.48308488726615906]
[81 175/398] semantic=1.631 depth=0.493 normal=0.274
[81 200/398] semantic=0.950 depth=0.544 normal=0.141
[81 225/398] semantic=0.781 depth=0.391 normal=0.147
[81 250/398] semantic=1.002 depth=0.366 normal=0.177
MGDA-WARM WEIGHTS step=32100 weights=[0.0, 0.2722857594490051, 0.7277143001556396]
[81 275/398] semantic=1.153 depth=0.976 normal=0.279
[81 300/398] semantic=0.718 depth=0.313 normal=0.239
[81 325/398] semantic=0.988 depth=0.505 normal=0.156
[81 350/398] semantic=0.685 depth=0.625 normal=0.175
MGDA-WARM WEIGHTS step=32200 weights=[0.24372561275959015, 0.3906528949737549, 0.36562153697013855]
[81 375/398] semantic=0.795 depth=0.330 normal=0.185
[81 398/398] semantic=1.207 depth=0.396 normal=0.136
Epoch 081: mIoU=33.176 pix=61.979 abs=0.6631 rel=0.2515 normal_mean=30.702 delta=17.573 wall_h=28.108
[82 1/398] semantic=1.199 depth=0.726 normal=0.206
[82 25/398] semantic=1.076 depth=0.372 normal=0.299
[82 50/398] semantic=1.425 depth=0.451 normal=0.213
MGDA-WARM WEIGHTS step=32300 weights=[0.0, 0.0, 1.0]
[82 75/398] semantic=0.856 depth=0.718 normal=0.277
[82 100/398] semantic=0.740 depth=0.240 normal=0.128
[82 125/398] semantic=1.073 depth=0.452 normal=0.132
[82 150/398] semantic=1.105 depth=0.529 normal=0.193
MGDA-WARM WEIGHTS step=32400 weights=[0.3219035863876343, 0.657364547252655, 0.020731907337903976]
[82 175/398] semantic=1.376 depth=0.339 normal=0.166
[82 200/398] semantic=0.778 depth=0.483 normal=0.103
[82 225/398] semantic=1.022 depth=0.529 normal=0.255
[82 250/398] semantic=1.020 depth=0.605 normal=0.176
MGDA-WARM WEIGHTS step=32500 weights=[0.04992742836475372, 0.14005976915359497, 0.8100128173828125]
[82 275/398] semantic=0.641 depth=0.800 normal=0.199
[82 300/398] semantic=0.757 depth=0.511 normal=0.156
[82 325/398] semantic=1.001 depth=0.280 normal=0.114
[82 350/398] semantic=0.727 depth=0.793 normal=0.173
MGDA-WARM WEIGHTS step=32600 weights=[0.0, 0.9619753956794739, 0.03802463412284851]
[82 375/398] semantic=0.907 depth=0.497 normal=0.206
[82 398/398] semantic=0.614 depth=0.454 normal=0.188
Epoch 082: mIoU=32.802 pix=59.356 abs=0.5905 rel=0.2347 normal_mean=30.407 delta=15.858 wall_h=28.524
[83 1/398] semantic=0.920 depth=0.486 normal=0.164
[83 25/398] semantic=0.855 depth=0.571 normal=0.143
[83 50/398] semantic=0.604 depth=0.549 normal=0.248
MGDA-WARM WEIGHTS step=32700 weights=[0.0, 0.8605815172195435, 0.13941845297813416]
[83 75/398] semantic=1.159 depth=0.410 normal=0.166
[83 100/398] semantic=0.637 depth=0.398 normal=0.073
[83 125/398] semantic=1.316 depth=0.849 normal=0.236
[83 150/398] semantic=0.962 depth=0.271 normal=0.153
MGDA-WARM WEIGHTS step=32800 weights=[0.37216630578041077, 0.06197299063205719, 0.5658606886863708]
[83 175/398] semantic=1.179 depth=0.488 normal=0.210
[83 200/398] semantic=0.928 depth=0.507 normal=0.155
[83 225/398] semantic=1.471 depth=0.381 normal=0.209
[83 250/398] semantic=0.508 depth=0.397 normal=0.201
MGDA-WARM WEIGHTS step=32900 weights=[0.0, 0.4780375063419342, 0.5219625234603882]
[83 275/398] semantic=0.977 depth=0.442 normal=0.165
[83 300/398] semantic=0.898 depth=0.272 normal=0.152
[83 325/398] semantic=0.868 depth=0.541 normal=0.130
[83 350/398] semantic=1.003 depth=0.693 normal=0.214
MGDA-WARM WEIGHTS step=33000 weights=[0.1408635675907135, 0.2174871265888214, 0.6416493058204651]
[83 375/398] semantic=1.383 depth=0.528 normal=0.230
[83 398/398] semantic=0.820 depth=0.540 normal=0.170
Epoch 083: mIoU=35.158 pix=62.979 abs=0.5975 rel=0.2533 normal_mean=28.785 delta=10.700 wall_h=28.934
[84 1/398] semantic=1.009 depth=0.696 normal=0.250
[84 25/398] semantic=0.878 depth=0.262 normal=0.145
[84 50/398] semantic=0.980 depth=0.355 normal=0.135
MGDA-WARM WEIGHTS step=33100 weights=[0.4747057855129242, 0.2402617186307907, 0.2850324809551239]
[84 75/398] semantic=1.354 depth=0.563 normal=0.179
[84 100/398] semantic=0.953 depth=0.573 normal=0.157
[84 125/398] semantic=0.784 depth=0.413 normal=0.162
[84 150/398] semantic=0.867 depth=0.313 normal=0.175
MGDA-WARM WEIGHTS step=33200 weights=[0.1266612410545349, 0.3194378614425659, 0.553900957107544]
[84 175/398] semantic=0.887 depth=0.384 normal=0.179
[84 200/398] semantic=0.772 depth=0.444 normal=0.143
[84 225/398] semantic=0.797 depth=0.357 normal=0.107
[84 250/398] semantic=1.033 depth=0.692 normal=0.226
MGDA-WARM WEIGHTS step=33300 weights=[0.0, 0.7950292825698853, 0.20497068762779236]
[84 275/398] semantic=1.222 depth=0.407 normal=0.135
[84 300/398] semantic=1.327 depth=0.664 normal=0.222
[84 325/398] semantic=0.993 depth=0.581 normal=0.176
[84 350/398] semantic=0.923 depth=0.602 normal=0.182
MGDA-WARM WEIGHTS step=33400 weights=[0.38056278228759766, 0.0322527140378952, 0.5871845483779907]
[84 375/398] semantic=0.732 depth=0.304 normal=0.137
[84 398/398] semantic=0.943 depth=0.576 normal=0.256
Epoch 084: mIoU=36.081 pix=61.943 abs=0.6024 rel=0.2486 normal_mean=29.104 delta=11.686 wall_h=29.344
[85 1/398] semantic=0.819 depth=0.452 normal=0.142
[85 25/398] semantic=1.073 depth=0.754 normal=0.220
[85 50/398] semantic=0.932 depth=0.309 normal=0.141
MGDA-WARM WEIGHTS step=33500 weights=[0.4510583281517029, 0.0578751266002655, 0.491066575050354]
[85 75/398] semantic=0.727 depth=0.963 normal=0.202
[85 100/398] semantic=0.837 depth=0.464 normal=0.164
[85 125/398] semantic=0.768 depth=0.447 normal=0.204
[85 150/398] semantic=1.459 depth=0.327 normal=0.197
MGDA-WARM WEIGHTS step=33600 weights=[0.4787712097167969, 0.07477959990501404, 0.4464491605758667]
[85 175/398] semantic=0.510 depth=0.369 normal=0.123
[85 200/398] semantic=0.714 depth=0.495 normal=0.141
[85 225/398] semantic=0.750 depth=0.488 normal=0.204
[85 250/398] semantic=1.087 depth=0.470 normal=0.184
MGDA-WARM WEIGHTS step=33700 weights=[0.27044057846069336, 0.15140831470489502, 0.5781511068344116]
[85 275/398] semantic=1.353 depth=0.554 normal=0.255
[85 300/398] semantic=0.590 depth=0.368 normal=0.138
[85 325/398] semantic=0.977 depth=0.534 normal=0.155
[85 350/398] semantic=0.680 depth=0.271 normal=0.161
MGDA-WARM WEIGHTS step=33800 weights=[0.14757275581359863, 0.3160664737224579, 0.5363608002662659]
[85 375/398] semantic=0.598 depth=0.288 normal=0.127
[85 398/398] semantic=0.728 depth=0.194 normal=0.150
Epoch 085: mIoU=36.426 pix=62.688 abs=0.5889 rel=0.2471 normal_mean=28.801 delta=9.891 wall_h=29.751
[86 1/398] semantic=0.665 depth=0.385 normal=0.161
[86 25/398] semantic=0.901 depth=0.254 normal=0.121
[86 50/398] semantic=0.863 depth=0.548 normal=0.192
MGDA-WARM WEIGHTS step=33900 weights=[0.0, 0.621147096157074, 0.3788529336452484]
[86 75/398] semantic=1.151 depth=0.417 normal=0.195
[86 100/398] semantic=0.894 depth=0.683 normal=0.175
[86 125/398] semantic=1.732 depth=0.373 normal=0.227
[86 150/398] semantic=1.144 depth=0.938 normal=0.183
MGDA-WARM WEIGHTS step=34000 weights=[0.08014678955078125, 0.5868470668792725, 0.3330061435699463]
[86 175/398] semantic=0.777 depth=0.410 normal=0.243
[86 200/398] semantic=1.106 depth=0.405 normal=0.228
[86 225/398] semantic=0.935 depth=0.356 normal=0.112
[86 250/398] semantic=0.691 depth=0.425 normal=0.176
MGDA-WARM WEIGHTS step=34100 weights=[0.09810691326856613, 0.47223037481307983, 0.4296627342700958]
[86 275/398] semantic=0.902 depth=0.650 normal=0.125
[86 300/398] semantic=1.369 depth=0.919 normal=0.218
[86 325/398] semantic=0.851 depth=0.814 normal=0.151
[86 350/398] semantic=1.082 depth=0.574 normal=0.195
MGDA-WARM WEIGHTS step=34200 weights=[0.5626014471054077, 0.38655972480773926, 0.0508388876914978]
[86 375/398] semantic=0.782 depth=0.535 normal=0.182
[86 398/398] semantic=0.877 depth=0.200 normal=0.171
Epoch 086: mIoU=33.864 pix=60.376 abs=0.5898 rel=0.2530 normal_mean=28.947 delta=11.933 wall_h=30.180
[87 1/398] semantic=1.165 depth=0.389 normal=0.179
[87 25/398] semantic=0.719 depth=0.436 normal=0.177
[87 50/398] semantic=0.525 depth=0.485 normal=0.188
MGDA-WARM WEIGHTS step=34300 weights=[0.43634867668151855, 0.23459503054618835, 0.3290562629699707]
[87 75/398] semantic=0.932 depth=0.431 normal=0.163
[87 100/398] semantic=1.117 depth=0.664 normal=0.239
[87 125/398] semantic=0.705 depth=0.376 normal=0.177
[87 150/398] semantic=0.746 depth=0.443 normal=0.122
MGDA-WARM WEIGHTS step=34400 weights=[0.04135435074567795, 0.6890633702278137, 0.26958221197128296]
[87 175/398] semantic=0.919 depth=0.426 normal=0.172
[87 200/398] semantic=1.235 depth=0.493 normal=0.200
[87 225/398] semantic=1.116 depth=0.753 normal=0.228
[87 250/398] semantic=0.972 depth=0.593 normal=0.218
MGDA-WARM WEIGHTS step=34500 weights=[0.36204469203948975, 0.012864187359809875, 0.6250910758972168]
[87 275/398] semantic=0.834 depth=0.309 normal=0.168
[87 300/398] semantic=0.982 depth=0.445 normal=0.212
[87 325/398] semantic=1.133 depth=0.586 normal=0.189
[87 350/398] semantic=1.533 depth=0.665 normal=0.169
MGDA-WARM WEIGHTS step=34600 weights=[0.0, 0.6385449767112732, 0.3614550530910492]
[87 375/398] semantic=2.367 depth=0.291 normal=0.222
[87 398/398] semantic=0.326 depth=0.288 normal=0.083
Epoch 087: mIoU=34.929 pix=60.837 abs=0.5918 rel=0.2503 normal_mean=29.438 delta=13.410 wall_h=30.620
[88 1/398] semantic=1.292 depth=0.413 normal=0.166
[88 25/398] semantic=1.274 depth=0.293 normal=0.148
[88 50/398] semantic=0.820 depth=0.373 normal=0.151
MGDA-WARM WEIGHTS step=34700 weights=[0.33104056119918823, 0.5655652284622192, 0.10339421778917313]
[88 75/398] semantic=0.991 depth=0.449 normal=0.161
[88 100/398] semantic=1.013 depth=0.354 normal=0.226
[88 125/398] semantic=0.531 depth=0.634 normal=0.194
[88 150/398] semantic=1.103 depth=0.519 normal=0.110
MGDA-WARM WEIGHTS step=34800 weights=[0.46277284622192383, 0.5372271537780762, 0.0]
[88 175/398] semantic=0.664 depth=0.404 normal=0.168
[88 200/398] semantic=1.545 depth=0.551 normal=0.232
[88 225/398] semantic=0.976 depth=0.848 normal=0.255
[88 250/398] semantic=0.891 depth=0.463 normal=0.206
MGDA-WARM WEIGHTS step=34900 weights=[0.2437741756439209, 0.22654767334461212, 0.5296781063079834]
[88 275/398] semantic=0.950 depth=0.299 normal=0.212
[88 300/398] semantic=1.088 depth=0.686 normal=0.184
[88 325/398] semantic=1.366 depth=0.671 normal=0.178
[88 350/398] semantic=0.819 depth=0.373 normal=0.140
MGDA-WARM WEIGHTS step=35000 weights=[1.0, 0.0, 0.0]
[88 375/398] semantic=1.225 depth=0.725 normal=0.182
[88 398/398] semantic=0.951 depth=0.373 normal=0.238
Epoch 088: mIoU=36.487 pix=61.910 abs=0.6313 rel=0.2763 normal_mean=29.770 delta=14.804 wall_h=31.061
[89 1/398] semantic=0.846 depth=0.405 normal=0.147
[89 25/398] semantic=1.142 depth=0.599 normal=0.158
[89 50/398] semantic=1.124 depth=0.512 normal=0.180
[89 75/398] semantic=0.790 depth=0.268 normal=0.168
MGDA-WARM WEIGHTS step=35100 weights=[0.46363091468811035, 0.030964553356170654, 0.505404531955719]
[89 100/398] semantic=1.105 depth=0.513 normal=0.131
[89 125/398] semantic=0.760 depth=0.441 normal=0.226
[89 150/398] semantic=0.885 depth=0.611 normal=0.196
[89 175/398] semantic=0.807 depth=0.558 normal=0.158
MGDA-WARM WEIGHTS step=35200 weights=[0.29338181018829346, 0.15381817519664764, 0.5527999997138977]
[89 200/398] semantic=0.859 depth=0.353 normal=0.093
[89 225/398] semantic=0.791 depth=0.616 normal=0.183
[89 250/398] semantic=1.046 depth=0.476 normal=0.220
[89 275/398] semantic=0.834 depth=0.219 normal=0.145
MGDA-WARM WEIGHTS step=35300 weights=[0.3841038942337036, 0.17167367041110992, 0.44422245025634766]
[89 300/398] semantic=0.517 depth=0.374 normal=0.183
[89 325/398] semantic=0.984 depth=0.521 normal=0.133
[89 350/398] semantic=0.945 depth=0.235 normal=0.152
[89 375/398] semantic=1.275 depth=0.868 normal=0.219
MGDA-WARM WEIGHTS step=35400 weights=[0.4504188001155853, 0.0, 0.5495811700820923]
[89 398/398] semantic=0.667 depth=0.332 normal=0.156
Epoch 089: mIoU=36.179 pix=62.307 abs=0.6452 rel=0.2820 normal_mean=28.909 delta=12.863 wall_h=31.477
[90 1/398] semantic=0.453 depth=0.270 normal=0.129
[90 25/398] semantic=0.782 depth=0.553 normal=0.145
[90 50/398] semantic=0.879 depth=0.598 normal=0.182
[90 75/398] semantic=1.135 depth=0.730 normal=0.152
MGDA-WARM WEIGHTS step=35500 weights=[0.14204688370227814, 0.10533800721168518, 0.7526150941848755]
[90 100/398] semantic=1.096 depth=0.391 normal=0.195
[90 125/398] semantic=1.337 depth=0.266 normal=0.144
[90 150/398] semantic=0.819 depth=0.217 normal=0.120
[90 175/398] semantic=2.415 depth=0.378 normal=0.172
MGDA-WARM WEIGHTS step=35600 weights=[1.0, 0.0, 0.0]
[90 200/398] semantic=0.732 depth=0.296 normal=0.167
[90 225/398] semantic=0.930 depth=0.401 normal=0.243
[90 250/398] semantic=0.640 depth=0.418 normal=0.143
[90 275/398] semantic=0.706 depth=0.342 normal=0.120
MGDA-WARM WEIGHTS step=35700 weights=[0.23654793202877045, 0.10974734276533127, 0.6537047028541565]
[90 300/398] semantic=0.752 depth=0.339 normal=0.139
[90 325/398] semantic=0.867 depth=0.415 normal=0.189
[90 350/398] semantic=0.848 depth=0.590 normal=0.156
[90 375/398] semantic=0.989 depth=0.677 normal=0.236
MGDA-WARM WEIGHTS step=35800 weights=[0.19945359230041504, 0.30626580119132996, 0.4942805767059326]
[90 398/398] semantic=2.576 depth=0.664 normal=0.145
Epoch 090: mIoU=34.915 pix=61.545 abs=0.6164 rel=0.2730 normal_mean=29.226 delta=13.601 wall_h=31.896
[91 1/398] semantic=0.803 depth=0.427 normal=0.225
[91 25/398] semantic=1.091 depth=0.841 normal=0.236
[91 50/398] semantic=0.898 depth=0.367 normal=0.221
[91 75/398] semantic=0.753 depth=0.450 normal=0.165
MGDA-WARM WEIGHTS step=35900 weights=[0.002273477613925934, 0.6157336235046387, 0.3819929361343384]
[91 100/398] semantic=1.191 depth=0.603 normal=0.226
[91 125/398] semantic=0.862 depth=0.403 normal=0.193
[91 150/398] semantic=1.049 depth=0.494 normal=0.249
[91 175/398] semantic=0.736 depth=0.288 normal=0.152
MGDA-WARM WEIGHTS step=36000 weights=[0.15713921189308167, 0.052644528448581696, 0.7902162671089172]
[91 200/398] semantic=1.302 depth=0.517 normal=0.245
[91 225/398] semantic=0.886 depth=0.308 normal=0.177
[91 250/398] semantic=0.837 depth=0.544 normal=0.176
[91 275/398] semantic=1.614 depth=0.405 normal=0.171
MGDA-WARM WEIGHTS step=36100 weights=[0.27051210403442383, 0.09062547981739044, 0.6388623714447021]
[91 300/398] semantic=0.971 depth=0.364 normal=0.195
[91 325/398] semantic=0.710 depth=0.251 normal=0.150
[91 350/398] semantic=0.882 depth=0.683 normal=0.219
[91 375/398] semantic=0.891 depth=0.663 normal=0.174
MGDA-WARM WEIGHTS step=36200 weights=[0.745612382888794, 0.0, 0.25438767671585083]
[91 398/398] semantic=0.818 depth=0.428 normal=0.139
Epoch 091: mIoU=35.334 pix=60.893 abs=0.6670 rel=0.2413 normal_mean=29.125 delta=13.413 wall_h=32.305
[92 1/398] semantic=1.119 depth=0.749 normal=0.222
[92 25/398] semantic=1.041 depth=0.268 normal=0.181
[92 50/398] semantic=1.578 depth=0.459 normal=0.132
[92 75/398] semantic=1.200 depth=0.418 normal=0.199
MGDA-WARM WEIGHTS step=36300 weights=[0.6591652631759644, 0.0, 0.34083473682403564]
[92 100/398] semantic=0.956 depth=0.536 normal=0.170
[92 125/398] semantic=0.976 depth=0.479 normal=0.150
[92 150/398] semantic=1.143 depth=0.340 normal=0.145
[92 175/398] semantic=0.668 depth=0.541 normal=0.184
MGDA-WARM WEIGHTS step=36400 weights=[0.4657200574874878, 0.46870195865631104, 0.06557803601026535]
[92 200/398] semantic=1.381 depth=0.209 normal=0.197
[92 225/398] semantic=0.934 depth=0.522 normal=0.209
[92 250/398] semantic=0.779 depth=0.448 normal=0.084
[92 275/398] semantic=0.908 depth=0.648 normal=0.229
MGDA-WARM WEIGHTS step=36500 weights=[0.1859256625175476, 0.3036579191684723, 0.5104163885116577]
[92 300/398] semantic=1.099 depth=0.585 normal=0.185
[92 325/398] semantic=0.943 depth=0.317 normal=0.164
[92 350/398] semantic=0.721 depth=0.386 normal=0.158
[92 375/398] semantic=0.939 depth=0.778 normal=0.196
MGDA-WARM WEIGHTS step=36600 weights=[0.0, 0.8403087854385376, 0.1596912145614624]
[92 398/398] semantic=0.853 depth=0.327 normal=0.192
Epoch 092: mIoU=34.415 pix=61.751 abs=0.6307 rel=0.2683 normal_mean=30.122 delta=16.257 wall_h=32.702
[93 1/398] semantic=1.105 depth=0.778 normal=0.163
[93 25/398] semantic=1.473 depth=0.503 normal=0.183
[93 50/398] semantic=0.992 depth=0.693 normal=0.232
[93 75/398] semantic=1.236 depth=0.843 normal=0.211
MGDA-WARM WEIGHTS step=36700 weights=[0.21602648496627808, 0.5118451714515686, 0.2721283435821533]
[93 100/398] semantic=1.285 depth=0.497 normal=0.237
[93 125/398] semantic=0.865 depth=0.244 normal=0.179
[93 150/398] semantic=1.101 depth=0.567 normal=0.191
[93 175/398] semantic=0.649 depth=0.370 normal=0.150
MGDA-WARM WEIGHTS step=36800 weights=[0.32543909549713135, 0.19000831246376038, 0.48455262184143066]
[93 200/398] semantic=0.772 depth=0.472 normal=0.160
[93 225/398] semantic=0.819 depth=0.344 normal=0.168
[93 250/398] semantic=0.797 depth=0.341 normal=0.177
[93 275/398] semantic=0.938 depth=0.293 normal=0.149
MGDA-WARM WEIGHTS step=36900 weights=[0.23588700592517853, 0.1567901223897934, 0.6073228716850281]
[93 300/398] semantic=0.795 depth=0.603 normal=0.148
[93 325/398] semantic=0.855 depth=0.282 normal=0.110
[93 350/398] semantic=0.725 depth=0.346 normal=0.143
[93 375/398] semantic=0.993 depth=0.333 normal=0.125
MGDA-WARM WEIGHTS step=37000 weights=[0.1846645027399063, 0.30666568875312805, 0.5086698532104492]
[93 398/398] semantic=0.574 depth=0.356 normal=0.212
Epoch 093: mIoU=34.460 pix=61.835 abs=0.5657 rel=0.2353 normal_mean=30.129 delta=13.866 wall_h=33.117
[94 1/398] semantic=0.875 depth=0.536 normal=0.155
[94 25/398] semantic=0.568 depth=0.439 normal=0.119
[94 50/398] semantic=0.553 depth=0.294 normal=0.148
[94 75/398] semantic=0.755 depth=0.333 normal=0.092
MGDA-WARM WEIGHTS step=37100 weights=[0.09763514995574951, 0.7148795127868652, 0.18748533725738525]
[94 100/398] semantic=0.831 depth=0.259 normal=0.166
[94 125/398] semantic=0.894 depth=0.702 normal=0.182
[94 150/398] semantic=0.551 depth=0.711 normal=0.098
[94 175/398] semantic=0.635 depth=0.421 normal=0.130
MGDA-WARM WEIGHTS step=37200 weights=[0.3211655020713806, 0.2631637454032898, 0.415670782327652]
[94 200/398] semantic=0.867 depth=0.379 normal=0.187
[94 225/398] semantic=0.992 depth=0.362 normal=0.173
[94 250/398] semantic=0.621 depth=0.570 normal=0.182
[94 275/398] semantic=0.928 depth=0.360 normal=0.182
MGDA-WARM WEIGHTS step=37300 weights=[0.4244483709335327, 0.012232527136802673, 0.5633191466331482]
[94 300/398] semantic=0.668 depth=0.294 normal=0.155
[94 325/398] semantic=0.430 depth=0.354 normal=0.115
[94 350/398] semantic=0.821 depth=0.495 normal=0.278
[94 375/398] semantic=0.591 depth=0.429 normal=0.130
MGDA-WARM WEIGHTS step=37400 weights=[0.06137380003929138, 0.2196483016014099, 0.7189779281616211]
[94 398/398] semantic=0.969 depth=0.675 normal=0.194
Epoch 094: mIoU=33.982 pix=59.550 abs=0.6134 rel=0.2724 normal_mean=29.617 delta=15.390 wall_h=33.527
[95 1/398] semantic=0.597 depth=0.422 normal=0.133
[95 25/398] semantic=0.631 depth=0.275 normal=0.141
[95 50/398] semantic=0.610 depth=0.289 normal=0.147
[95 75/398] semantic=1.064 depth=0.399 normal=0.205
MGDA-WARM WEIGHTS step=37500 weights=[0.3451439440250397, 0.0, 0.6548560857772827]
[95 100/398] semantic=1.036 depth=0.464 normal=0.109
[95 125/398] semantic=0.788 depth=0.332 normal=0.127
[95 150/398] semantic=0.958 depth=0.699 normal=0.145
[95 175/398] semantic=0.806 depth=0.345 normal=0.163
MGDA-WARM WEIGHTS step=37600 weights=[0.33577701449394226, 0.0, 0.6642229557037354]
[95 200/398] semantic=1.244 depth=0.321 normal=0.167
[95 225/398] semantic=1.399 depth=0.453 normal=0.144
[95 250/398] semantic=0.915 depth=0.334 normal=0.150
[95 275/398] semantic=1.407 depth=0.410 normal=0.161
MGDA-WARM WEIGHTS step=37700 weights=[0.06658383458852768, 0.34258419275283813, 0.5908319354057312]
[95 300/398] semantic=0.811 depth=0.264 normal=0.138
[95 325/398] semantic=1.401 depth=0.430 normal=0.173
[95 350/398] semantic=0.758 depth=0.502 normal=0.169
[95 375/398] semantic=0.813 depth=0.504 normal=0.139
MGDA-WARM WEIGHTS step=37800 weights=[0.3891277015209198, 0.33649948239326477, 0.27437272667884827]
[95 398/398] semantic=1.005 depth=0.319 normal=0.108
Epoch 095: mIoU=34.757 pix=62.432 abs=0.6257 rel=0.2447 normal_mean=29.213 delta=12.780 wall_h=33.922
[96 1/398] semantic=0.806 depth=0.506 normal=0.125
[96 25/398] semantic=0.624 depth=0.449 normal=0.178
[96 50/398] semantic=0.707 depth=0.311 normal=0.155
[96 75/398] semantic=0.438 depth=0.316 normal=0.165
MGDA-WARM WEIGHTS step=37900 weights=[0.2745417654514313, 0.1947774887084961, 0.530680775642395]
[96 100/398] semantic=0.967 depth=0.513 normal=0.125
[96 125/398] semantic=0.849 depth=0.440 normal=0.183
[96 150/398] semantic=0.841 depth=0.279 normal=0.135
[96 175/398] semantic=0.865 depth=0.290 normal=0.155
MGDA-WARM WEIGHTS step=38000 weights=[1.0, 0.0, 0.0]
[96 200/398] semantic=1.219 depth=0.327 normal=0.154
[96 225/398] semantic=1.045 depth=0.326 normal=0.181
[96 250/398] semantic=0.824 depth=0.453 normal=0.204
[96 275/398] semantic=0.922 depth=0.567 normal=0.160
MGDA-WARM WEIGHTS step=38100 weights=[0.35226723551750183, 0.3481953740119934, 0.29953742027282715]
[96 300/398] semantic=0.701 depth=0.288 normal=0.105
[96 325/398] semantic=1.134 depth=0.571 normal=0.172
[96 350/398] semantic=0.900 depth=0.273 normal=0.155
[96 375/398] semantic=0.922 depth=0.390 normal=0.145
MGDA-WARM WEIGHTS step=38200 weights=[0.13723526895046234, 0.2551059424877167, 0.6076588034629822]
[96 398/398] semantic=1.554 depth=0.743 normal=0.385
Epoch 096: mIoU=34.912 pix=61.182 abs=0.6038 rel=0.2475 normal_mean=30.242 delta=15.385 wall_h=34.330
[97 1/398] semantic=0.648 depth=0.363 normal=0.155
[97 25/398] semantic=0.925 depth=0.379 normal=0.125
[97 50/398] semantic=0.990 depth=0.395 normal=0.150
[97 75/398] semantic=0.854 depth=0.401 normal=0.156
MGDA-WARM WEIGHTS step=38300 weights=[0.008228644728660583, 0.5855118632316589, 0.4062595069408417]
[97 100/398] semantic=0.958 depth=0.349 normal=0.158
[97 125/398] semantic=0.950 depth=0.293 normal=0.217
[97 150/398] semantic=0.969 depth=0.628 normal=0.270
[97 175/398] semantic=0.926 depth=0.443 normal=0.194
MGDA-WARM WEIGHTS step=38400 weights=[0.7649495601654053, 0.025794297456741333, 0.2092561423778534]
[97 200/398] semantic=0.865 depth=0.379 normal=0.181
[97 225/398] semantic=1.300 depth=0.709 normal=0.285
[97 250/398] semantic=0.787 depth=0.402 normal=0.177
[97 275/398] semantic=1.064 depth=0.274 normal=0.149
MGDA-WARM WEIGHTS step=38500 weights=[0.14903992414474487, 0.4304262697696686, 0.42053383588790894]
[97 300/398] semantic=1.409 depth=0.683 normal=0.236
[97 325/398] semantic=0.992 depth=0.319 normal=0.210
[97 350/398] semantic=1.021 depth=0.362 normal=0.168
[97 375/398] semantic=0.780 depth=0.259 normal=0.114
MGDA-WARM WEIGHTS step=38600 weights=[0.09422506392002106, 0.17448392510414124, 0.7312909960746765]
[97 398/398] semantic=1.118 depth=0.660 normal=0.268
Epoch 097: mIoU=35.386 pix=62.391 abs=0.6902 rel=0.3065 normal_mean=28.608 delta=14.245 wall_h=34.740
[98 1/398] semantic=1.183 depth=0.559 normal=0.165
[98 25/398] semantic=0.649 depth=0.280 normal=0.246
[98 50/398] semantic=0.723 depth=0.377 normal=0.138
[98 75/398] semantic=0.818 depth=0.454 normal=0.206
MGDA-WARM WEIGHTS step=38700 weights=[0.895344078540802, 0.0, 0.10465596616268158]
[98 100/398] semantic=0.967 depth=0.533 normal=0.193
[98 125/398] semantic=0.832 depth=0.734 normal=0.130
[98 150/398] semantic=1.021 depth=0.337 normal=0.142
[98 175/398] semantic=0.537 depth=0.420 normal=0.161
MGDA-WARM WEIGHTS step=38800 weights=[0.7760096788406372, 0.10285210609436035, 0.12113815546035767]
[98 200/398] semantic=1.111 depth=0.427 normal=0.188
[98 225/398] semantic=1.330 depth=0.328 normal=0.139
[98 250/398] semantic=1.101 depth=0.850 normal=0.192
[98 275/398] semantic=1.127 depth=0.393 normal=0.249
MGDA-WARM WEIGHTS step=38900 weights=[0.16249234974384308, 0.32189449667930603, 0.5156131982803345]
[98 300/398] semantic=0.720 depth=0.423 normal=0.207
[98 325/398] semantic=0.425 depth=0.367 normal=0.112
[98 350/398] semantic=1.020 depth=0.681 normal=0.221
[98 375/398] semantic=0.755 depth=0.532 normal=0.144
MGDA-WARM WEIGHTS step=39000 weights=[0.49301132559776306, 0.2660863697528839, 0.24090231955051422]
[98 398/398] semantic=0.798 depth=0.352 normal=0.092
Epoch 098: mIoU=36.589 pix=63.221 abs=0.6449 rel=0.2901 normal_mean=28.986 delta=13.450 wall_h=35.146
[99 1/398] semantic=1.131 depth=0.318 normal=0.114
[99 25/398] semantic=0.948 depth=0.401 normal=0.201
[99 50/398] semantic=0.565 depth=0.363 normal=0.100
[99 75/398] semantic=0.787 depth=0.458 normal=0.150
MGDA-WARM WEIGHTS step=39100 weights=[0.4729366898536682, 0.14854633808135986, 0.37851691246032715]
[99 100/398] semantic=1.800 depth=0.561 normal=0.152
[99 125/398] semantic=0.812 depth=0.435 normal=0.128
[99 150/398] semantic=0.562 depth=0.406 normal=0.110
[99 175/398] semantic=0.832 depth=0.320 normal=0.131
MGDA-WARM WEIGHTS step=39200 weights=[0.16325882077217102, 0.22923173010349274, 0.607509434223175]
[99 200/398] semantic=0.984 depth=0.516 normal=0.180
[99 225/398] semantic=1.029 depth=0.421 normal=0.166
[99 250/398] semantic=0.529 depth=0.536 normal=0.118
[99 275/398] semantic=0.814 depth=0.399 normal=0.142
MGDA-WARM WEIGHTS step=39300 weights=[0.27475762367248535, 0.274003803730011, 0.45123857259750366]
[99 300/398] semantic=0.606 depth=0.310 normal=0.146
[99 325/398] semantic=0.757 depth=0.395 normal=0.152
[99 350/398] semantic=0.851 depth=0.539 normal=0.183
[99 375/398] semantic=0.441 depth=0.374 normal=0.128
MGDA-WARM WEIGHTS step=39400 weights=[0.003790535032749176, 0.8091537356376648, 0.18705573678016663]
[99 398/398] semantic=0.589 depth=0.252 normal=0.091
Epoch 099: mIoU=36.359 pix=62.592 abs=0.5779 rel=0.2311 normal_mean=29.024 delta=10.333 wall_h=35.544
[100 1/398] semantic=0.984 depth=0.419 normal=0.197
[100 25/398] semantic=0.621 depth=0.366 normal=0.122
[100 50/398] semantic=0.906 depth=0.261 normal=0.127
[100 75/398] semantic=1.020 depth=0.260 normal=0.168
MGDA-WARM WEIGHTS step=39500 weights=[0.3509940207004547, 0.3584621846675873, 0.290543794631958]
[100 100/398] semantic=1.815 depth=0.621 normal=0.236
[100 125/398] semantic=1.018 depth=0.649 normal=0.111
[100 150/398] semantic=0.767 depth=0.453 normal=0.115
[100 175/398] semantic=1.496 depth=0.330 normal=0.214
MGDA-WARM WEIGHTS step=39600 weights=[0.0, 0.5800132155418396, 0.4199867844581604]
[100 200/398] semantic=0.844 depth=0.297 normal=0.152
[100 225/398] semantic=0.813 depth=0.393 normal=0.139
[100 250/398] semantic=1.508 depth=0.269 normal=0.197
[100 275/398] semantic=0.647 depth=0.430 normal=0.152
MGDA-WARM WEIGHTS step=39700 weights=[0.19792939722537994, 0.31286919116973877, 0.4892014265060425]
[100 300/398] semantic=0.585 depth=0.606 normal=0.100
[100 325/398] semantic=0.804 depth=0.359 normal=0.131
[100 350/398] semantic=0.942 depth=0.611 normal=0.189
[100 375/398] semantic=0.498 depth=0.393 normal=0.126
MGDA-WARM WEIGHTS step=39800 weights=[0.6812619566917419, 0.0, 0.31873804330825806]
[100 398/398] semantic=0.598 depth=0.293 normal=0.153
Epoch 100: mIoU=34.537 pix=61.204 abs=0.6563 rel=0.2905 normal_mean=29.373 delta=16.341 wall_h=35.943
[101 1/398] semantic=0.861 depth=0.584 normal=0.119
[101 25/398] semantic=0.816 depth=0.326 normal=0.158
[101 50/398] semantic=0.906 depth=0.333 normal=0.149
[101 75/398] semantic=0.392 depth=0.244 normal=0.080
MGDA-WARM WEIGHTS step=39900 weights=[0.0, 0.7466351985931396, 0.25336477160453796]
[101 100/398] semantic=0.995 depth=0.372 normal=0.157
[101 125/398] semantic=0.763 depth=0.370 normal=0.163
[101 150/398] semantic=0.633 depth=0.602 normal=0.158
[101 175/398] semantic=0.729 depth=0.331 normal=0.181
MGDA-WARM WEIGHTS step=40000 weights=[0.25966498255729675, 0.3671882152557373, 0.37314680218696594]
[101 200/398] semantic=0.628 depth=0.421 normal=0.159
[101 225/398] semantic=0.701 depth=0.604 normal=0.303
[101 250/398] semantic=0.498 depth=0.504 normal=0.144
[101 275/398] semantic=0.510 depth=0.378 normal=0.147
MGDA-WARM WEIGHTS step=40100 weights=[0.34785985946655273, 0.47702908515930176, 0.17511104047298431]
[101 300/398] semantic=1.561 depth=0.525 normal=0.213
[101 325/398] semantic=0.743 depth=0.481 normal=0.156
[101 350/398] semantic=0.603 depth=0.548 normal=0.174
[101 375/398] semantic=0.904 depth=0.447 normal=0.269
[101 398/398] semantic=0.866 depth=0.727 normal=0.229
Epoch 101: mIoU=36.218 pix=63.981 abs=0.6116 rel=0.2342 normal_mean=28.822 delta=10.088 wall_h=36.341
[102 1/398] semantic=0.561 depth=0.465 normal=0.171
MGDA-WARM WEIGHTS step=40200 weights=[0.6540648937225342, 0.02410224825143814, 0.3218328356742859]
[102 25/398] semantic=0.766 depth=0.324 normal=0.144
[102 50/398] semantic=0.923 depth=0.361 normal=0.201
[102 75/398] semantic=0.810 depth=0.312 normal=0.223
[102 100/398] semantic=0.932 depth=0.400 normal=0.169
MGDA-WARM WEIGHTS step=40300 weights=[0.3354714512825012, 0.3803918957710266, 0.28413665294647217]
[102 125/398] semantic=0.628 depth=0.296 normal=0.127
[102 150/398] semantic=0.802 depth=0.300 normal=0.157
[102 175/398] semantic=1.088 depth=0.508 normal=0.205
[102 200/398] semantic=0.644 depth=0.334 normal=0.197
MGDA-WARM WEIGHTS step=40400 weights=[0.2522145211696625, 0.28671202063560486, 0.4610734283924103]
[102 225/398] semantic=0.433 depth=0.277 normal=0.099
[102 250/398] semantic=0.729 depth=0.414 normal=0.136
[102 275/398] semantic=0.934 depth=0.505 normal=0.136
[102 300/398] semantic=1.026 depth=0.738 normal=0.207
MGDA-WARM WEIGHTS step=40500 weights=[0.40022456645965576, 0.1328320950269699, 0.46694326400756836]
[102 325/398] semantic=0.491 depth=0.410 normal=0.166
[102 350/398] semantic=1.130 depth=0.398 normal=0.143
[102 375/398] semantic=1.042 depth=0.332 normal=0.154
[102 398/398] semantic=0.744 depth=0.376 normal=0.140
Epoch 102: mIoU=36.206 pix=63.495 abs=0.5725 rel=0.2290 normal_mean=28.339 delta=8.253 wall_h=36.751
[103 1/398] semantic=0.763 depth=0.343 normal=0.189
MGDA-WARM WEIGHTS step=40600 weights=[0.22047489881515503, 0.35004040598869324, 0.42948469519615173]
[103 25/398] semantic=0.953 depth=0.361 normal=0.191
[103 50/398] semantic=0.729 depth=0.432 normal=0.198
[103 75/398] semantic=0.879 depth=0.380 normal=0.203
[103 100/398] semantic=0.976 depth=0.609 normal=0.156
MGDA-WARM WEIGHTS step=40700 weights=[0.2488190233707428, 0.20854607224464417, 0.542634904384613]
[103 125/398] semantic=0.662 depth=0.519 normal=0.154
[103 150/398] semantic=0.858 depth=0.466 normal=0.141
[103 175/398] semantic=0.620 depth=0.184 normal=0.131
[103 200/398] semantic=0.686 depth=0.527 normal=0.196
MGDA-WARM WEIGHTS step=40800 weights=[0.3538077771663666, 0.18537721037864685, 0.4608149826526642]
[103 225/398] semantic=1.105 depth=0.499 normal=0.269
[103 250/398] semantic=0.731 depth=0.214 normal=0.140
[103 275/398] semantic=0.730 depth=0.276 normal=0.194
[103 300/398] semantic=0.500 depth=0.795 normal=0.146
MGDA-WARM WEIGHTS step=40900 weights=[0.04260355234146118, 0.0, 0.9573965072631836]
[103 325/398] semantic=0.595 depth=0.576 normal=0.225
[103 350/398] semantic=0.862 depth=0.641 normal=0.179
[103 375/398] semantic=0.496 depth=0.307 normal=0.157
[103 398/398] semantic=0.730 depth=0.412 normal=0.184
Epoch 103: mIoU=37.727 pix=64.388 abs=0.5748 rel=0.2413 normal_mean=28.847 delta=9.643 wall_h=37.150
[104 1/398] semantic=0.677 depth=0.788 normal=0.139
MGDA-WARM WEIGHTS step=41000 weights=[0.16076785326004028, 0.3575983941555023, 0.4816336929798126]
[104 25/398] semantic=0.722 depth=0.386 normal=0.146
[104 50/398] semantic=0.696 depth=0.338 normal=0.184
[104 75/398] semantic=0.860 depth=0.539 normal=0.151
[104 100/398] semantic=0.761 depth=0.279 normal=0.158
MGDA-WARM WEIGHTS step=41100 weights=[0.14940816164016724, 0.2665649652481079, 0.5840268731117249]
[104 125/398] semantic=0.668 depth=0.328 normal=0.138
[104 150/398] semantic=1.190 depth=0.528 normal=0.204
[104 175/398] semantic=0.720 depth=0.355 normal=0.185
[104 200/398] semantic=0.629 depth=0.395 normal=0.166
MGDA-WARM WEIGHTS step=41200 weights=[0.0, 0.7655110955238342, 0.23448890447616577]
[104 225/398] semantic=0.618 depth=0.462 normal=0.165
[104 250/398] semantic=0.678 depth=0.349 normal=0.151
[104 275/398] semantic=0.777 depth=0.349 normal=0.185
[104 300/398] semantic=0.542 depth=0.316 normal=0.108
MGDA-WARM WEIGHTS step=41300 weights=[0.4890917241573334, 0.18111878633499146, 0.3297894597053528]
[104 325/398] semantic=0.552 depth=0.311 normal=0.122
[104 350/398] semantic=0.559 depth=0.358 normal=0.156
[104 375/398] semantic=0.367 depth=0.314 normal=0.097
[104 398/398] semantic=0.569 depth=0.317 normal=0.149
Epoch 104: mIoU=37.914 pix=63.768 abs=0.5932 rel=0.2622 normal_mean=28.247 delta=9.156 wall_h=37.552
[105 1/398] semantic=0.516 depth=0.523 normal=0.132
MGDA-WARM WEIGHTS step=41400 weights=[0.0763690173625946, 0.1683928668498993, 0.7552381157875061]
[105 25/398] semantic=0.324 depth=0.281 normal=0.138
[105 50/398] semantic=0.839 depth=0.432 normal=0.244
[105 75/398] semantic=0.452 depth=0.348 normal=0.176
[105 100/398] semantic=0.682 depth=0.346 normal=0.152
MGDA-WARM WEIGHTS step=41500 weights=[0.47480088472366333, 0.08650556206703186, 0.4386935532093048]
[105 125/398] semantic=0.830 depth=0.361 normal=0.145
[105 150/398] semantic=0.504 depth=0.340 normal=0.126
[105 175/398] semantic=0.882 depth=0.609 normal=0.176
[105 200/398] semantic=0.508 depth=0.198 normal=0.153
MGDA-WARM WEIGHTS step=41600 weights=[0.580575704574585, 0.0, 0.41942426562309265]
[105 225/398] semantic=1.005 depth=0.344 normal=0.190
[105 250/398] semantic=0.530 depth=0.375 normal=0.163
[105 275/398] semantic=0.452 depth=0.503 normal=0.239
[105 300/398] semantic=0.607 depth=0.313 normal=0.135
MGDA-WARM WEIGHTS step=41700 weights=[0.21038499474525452, 0.5595372319221497, 0.23007777333259583]
[105 325/398] semantic=1.135 depth=0.286 normal=0.187
[105 350/398] semantic=0.555 depth=0.457 normal=0.142
[105 375/398] semantic=0.516 depth=0.337 normal=0.130
[105 398/398] semantic=0.844 depth=0.238 normal=0.292
Epoch 105: mIoU=37.604 pix=63.480 abs=0.5658 rel=0.2290 normal_mean=28.430 delta=7.880 wall_h=37.955
[106 1/398] semantic=0.427 depth=0.371 normal=0.170
MGDA-WARM WEIGHTS step=41800 weights=[0.24101413786411285, 0.3758797347545624, 0.38310617208480835]
[106 25/398] semantic=0.588 depth=0.266 normal=0.143
[106 50/398] semantic=1.217 depth=0.537 normal=0.250
[106 75/398] semantic=0.767 depth=0.362 normal=0.171
[106 100/398] semantic=0.620 depth=0.246 normal=0.178
MGDA-WARM WEIGHTS step=41900 weights=[0.36326804757118225, 0.20992863178253174, 0.4268033802509308]
[106 125/398] semantic=0.487 depth=0.374 normal=0.111
[106 150/398] semantic=0.788 depth=0.507 normal=0.202
[106 175/398] semantic=1.050 depth=0.332 normal=0.164
[106 200/398] semantic=0.483 depth=0.695 normal=0.181
MGDA-WARM WEIGHTS step=42000 weights=[0.41245168447494507, 0.1520678699016571, 0.4354805052280426]
[106 225/398] semantic=0.299 depth=0.434 normal=0.133
[106 250/398] semantic=0.402 depth=0.379 normal=0.136
[106 275/398] semantic=1.489 depth=0.429 normal=0.153
[106 300/398] semantic=0.633 depth=0.395 normal=0.110
MGDA-WARM WEIGHTS step=42100 weights=[0.18893936276435852, 0.11635075509548187, 0.6947098970413208]
[106 325/398] semantic=0.526 depth=0.190 normal=0.121
[106 350/398] semantic=0.630 depth=0.593 normal=0.164
[106 375/398] semantic=0.550 depth=0.447 normal=0.151
[106 398/398] semantic=0.664 depth=0.323 normal=0.091
Epoch 106: mIoU=35.678 pix=61.871 abs=0.5984 rel=0.2429 normal_mean=28.391 delta=9.619 wall_h=38.361
[107 1/398] semantic=0.402 depth=0.465 normal=0.159
MGDA-WARM WEIGHTS step=42200 weights=[0.21563813090324402, 0.2214430570602417, 0.5629188418388367]
[107 25/398] semantic=0.636 depth=0.455 normal=0.156
[107 50/398] semantic=0.903 depth=0.251 normal=0.129
[107 75/398] semantic=0.753 depth=0.361 normal=0.128
[107 100/398] semantic=0.537 depth=0.333 normal=0.106
MGDA-WARM WEIGHTS step=42300 weights=[0.3052576184272766, 0.16419100761413574, 0.5305513739585876]
[107 125/398] semantic=0.420 depth=0.360 normal=0.106
[107 150/398] semantic=1.438 depth=0.308 normal=0.194
[107 175/398] semantic=0.883 depth=0.441 normal=0.178
[107 200/398] semantic=0.290 depth=0.182 normal=0.095
MGDA-WARM WEIGHTS step=42400 weights=[0.5528498888015747, 0.25625309348106384, 0.19089697301387787]
[107 225/398] semantic=0.657 depth=0.256 normal=0.159
[107 250/398] semantic=0.677 depth=0.229 normal=0.131
[107 275/398] semantic=0.974 depth=0.258 normal=0.120
[107 300/398] semantic=0.409 depth=0.350 normal=0.117
MGDA-WARM WEIGHTS step=42500 weights=[0.6325648427009583, 0.2336949110031128, 0.13374026119709015]
[107 325/398] semantic=0.416 depth=0.320 normal=0.131
[107 350/398] semantic=0.532 depth=0.404 normal=0.168
[107 375/398] semantic=0.946 depth=0.631 normal=0.192
[107 398/398] semantic=0.470 depth=0.364 normal=0.242
Epoch 107: mIoU=38.426 pix=64.242 abs=0.5672 rel=0.2376 normal_mean=28.625 delta=8.558 wall_h=38.765
[108 1/398] semantic=0.647 depth=0.379 normal=0.115
MGDA-WARM WEIGHTS step=42600 weights=[0.34235239028930664, 0.5479710102081299, 0.10967662930488586]
[108 25/398] semantic=0.698 depth=0.399 normal=0.184
[108 50/398] semantic=0.683 depth=0.247 normal=0.126
[108 75/398] semantic=0.645 depth=0.428 normal=0.173
[108 100/398] semantic=0.506 depth=0.417 normal=0.156
MGDA-WARM WEIGHTS step=42700 weights=[0.17984186112880707, 0.2017364501953125, 0.618421733379364]
[108 125/398] semantic=0.553 depth=0.658 normal=0.176
[108 150/398] semantic=1.019 depth=0.362 normal=0.155
[108 175/398] semantic=0.849 depth=0.277 normal=0.142
[108 200/398] semantic=0.844 depth=0.401 normal=0.138
MGDA-WARM WEIGHTS step=42800 weights=[0.04970060661435127, 0.3861745595932007, 0.5641248822212219]
[108 225/398] semantic=0.775 depth=0.363 normal=0.154
[108 250/398] semantic=0.717 depth=0.558 normal=0.123
[108 275/398] semantic=0.431 depth=0.181 normal=0.145
[108 300/398] semantic=0.708 depth=0.283 normal=0.150
MGDA-WARM WEIGHTS step=42900 weights=[0.5472428798675537, 0.3904512822628021, 0.06230584532022476]
[108 325/398] semantic=0.915 depth=0.695 normal=0.157
[108 350/398] semantic=0.422 depth=0.303 normal=0.142
[108 375/398] semantic=0.675 depth=0.317 normal=0.134
[108 398/398] semantic=0.342 depth=0.227 normal=0.115
Epoch 108: mIoU=38.224 pix=64.224 abs=0.5776 rel=0.2376 normal_mean=29.029 delta=10.026 wall_h=39.167
[109 1/398] semantic=0.429 depth=0.650 normal=0.121
MGDA-WARM WEIGHTS step=43000 weights=[0.24504020810127258, 0.5592473745346069, 0.19571244716644287]
[109 25/398] semantic=0.589 depth=0.328 normal=0.095
[109 50/398] semantic=0.706 depth=0.294 normal=0.116
[109 75/398] semantic=0.514 depth=0.283 normal=0.105
[109 100/398] semantic=0.679 depth=0.628 normal=0.186
MGDA-WARM WEIGHTS step=43100 weights=[0.2904038429260254, 0.22951291501522064, 0.4800832271575928]
[109 125/398] semantic=0.768 depth=0.256 normal=0.123
[109 150/398] semantic=1.035 depth=0.560 normal=0.136
[109 175/398] semantic=0.898 depth=0.318 normal=0.123
[109 200/398] semantic=0.686 depth=0.358 normal=0.149
MGDA-WARM WEIGHTS step=43200 weights=[0.5034918785095215, 0.2329471856355667, 0.2635609209537506]
[109 225/398] semantic=0.526 depth=0.443 normal=0.105
[109 250/398] semantic=0.748 depth=0.277 normal=0.122
[109 275/398] semantic=0.471 depth=0.259 normal=0.110
[109 300/398] semantic=0.749 depth=0.300 normal=0.121
MGDA-WARM WEIGHTS step=43300 weights=[0.1043781265616417, 0.6354224681854248, 0.2601994276046753]
[109 325/398] semantic=0.504 depth=0.420 normal=0.189
[109 350/398] semantic=0.645 depth=0.418 normal=0.133
[109 375/398] semantic=0.658 depth=0.395 normal=0.134
[109 398/398] semantic=0.358 depth=0.266 normal=0.093
Epoch 109: mIoU=37.723 pix=63.293 abs=0.5626 rel=0.2371 normal_mean=28.217 delta=7.562 wall_h=39.562
[110 1/398] semantic=1.063 depth=0.335 normal=0.149
MGDA-WARM WEIGHTS step=43400 weights=[0.0, 0.6432643532752991, 0.35673561692237854]
[110 25/398] semantic=0.885 depth=0.620 normal=0.167
[110 50/398] semantic=0.815 depth=0.378 normal=0.188
[110 75/398] semantic=0.689 depth=0.316 normal=0.178
[110 100/398] semantic=0.829 depth=0.317 normal=0.176
MGDA-WARM WEIGHTS step=43500 weights=[0.16539841890335083, 0.3923225402832031, 0.44227901101112366]
[110 125/398] semantic=1.044 depth=0.362 normal=0.215
[110 150/398] semantic=1.014 depth=0.260 normal=0.141
[110 175/398] semantic=0.953 depth=0.513 normal=0.188
[110 200/398] semantic=0.602 depth=0.286 normal=0.130
MGDA-WARM WEIGHTS step=43600 weights=[0.19059041142463684, 0.5032449960708618, 0.30616456270217896]
[110 225/398] semantic=0.602 depth=0.325 normal=0.113
[110 250/398] semantic=0.680 depth=0.281 normal=0.175
[110 275/398] semantic=0.467 depth=0.515 normal=0.145
[110 300/398] semantic=0.459 depth=0.389 normal=0.180
MGDA-WARM WEIGHTS step=43700 weights=[0.24690207839012146, 0.5297147035598755, 0.22338320314884186]
[110 325/398] semantic=0.421 depth=0.232 normal=0.122
[110 350/398] semantic=0.411 depth=0.280 normal=0.096
[110 375/398] semantic=0.613 depth=0.546 normal=0.213
[110 398/398] semantic=0.303 depth=0.397 normal=0.127
RUN dataset=nyuv2 method=mgda_warm seed=42 lr=0.0001 batch=2 epochs=200 model=mtan
RESULT /mloscratch/homes/mirrokni/LMO-MOO/results/nyuv2/mgda_warm_sd42.stats
CHECKPOINT /mloscratch/homes/mirrokni/LMO-MOO/results/checkpoints/nyuv2/mgda_warm_sd42.pt
OPTIMIZER Adam lr=0.0001
RESUME epoch=110 phase=evaluate next_batch=40/327
Epoch 110: mIoU=36.182 pix=62.906 abs=0.5827 rel=0.2372 normal_mean=28.521 delta=9.424 wall_h=39.937
[111 1/398] semantic=0.707 depth=0.253 normal=0.148
MGDA-WARM WEIGHTS step=43800 weights=[0.3510758578777313, 0.20920461416244507, 0.4397195279598236]
[111 25/398] semantic=0.699 depth=0.248 normal=0.134
[111 50/398] semantic=0.559 depth=0.217 normal=0.180
[111 75/398] semantic=0.882 depth=0.447 normal=0.156
[111 100/398] semantic=0.610 depth=0.588 normal=0.145
MGDA-WARM WEIGHTS step=43900 weights=[0.17335668206214905, 0.5544746518135071, 0.2721687853336334]
[111 125/398] semantic=0.980 depth=0.386 normal=0.173
[111 150/398] semantic=0.569 depth=0.411 normal=0.166
[111 175/398] semantic=1.140 depth=0.460 normal=0.157
[111 200/398] semantic=0.674 depth=0.451 normal=0.159
MGDA-WARM WEIGHTS step=44000 weights=[0.5000366568565369, 0.06796207278966904, 0.4320012629032135]
[111 225/398] semantic=0.701 depth=0.339 normal=0.185
[111 250/398] semantic=0.490 depth=0.402 normal=0.092
[111 275/398] semantic=0.482 depth=0.412 normal=0.148
[111 300/398] semantic=0.490 depth=0.575 normal=0.169
MGDA-WARM WEIGHTS step=44100 weights=[0.6157277822494507, 0.1488007754087448, 0.23547138273715973]
[111 325/398] semantic=0.490 depth=0.353 normal=0.116
[111 350/398] semantic=0.704 depth=0.445 normal=0.162
[111 375/398] semantic=0.538 depth=0.350 normal=0.148
[111 398/398] semantic=0.556 depth=0.367 normal=0.139
Epoch 111: mIoU=38.265 pix=63.271 abs=0.5601 rel=0.2385 normal_mean=28.679 delta=9.129 wall_h=40.234
[112 1/398] semantic=0.881 depth=0.302 normal=0.165
MGDA-WARM WEIGHTS step=44200 weights=[0.2512071430683136, 0.08436886221170425, 0.6644240021705627]
[112 25/398] semantic=0.543 depth=0.418 normal=0.204
[112 50/398] semantic=0.813 depth=0.459 normal=0.170
[112 75/398] semantic=0.352 depth=0.479 normal=0.132
[112 100/398] semantic=0.518 depth=0.307 normal=0.111
MGDA-WARM WEIGHTS step=44300 weights=[0.12588676810264587, 0.3506447672843933, 0.5234684944152832]
[112 125/398] semantic=0.974 depth=0.409 normal=0.182
[112 150/398] semantic=0.686 depth=0.512 normal=0.146
[112 175/398] semantic=0.439 depth=0.654 normal=0.167
[112 200/398] semantic=0.575 depth=0.236 normal=0.151
MGDA-WARM WEIGHTS step=44400 weights=[0.7512907385826111, 0.009998634457588196, 0.2387106567621231]
[112 225/398] semantic=0.550 depth=0.262 normal=0.130
[112 250/398] semantic=0.532 depth=0.168 normal=0.094
[112 275/398] semantic=0.394 depth=0.301 normal=0.123
[112 300/398] semantic=0.975 depth=0.304 normal=0.173
MGDA-WARM WEIGHTS step=44500 weights=[0.4169729948043823, 0.5830270051956177, 0.0]
[112 325/398] semantic=0.600 depth=0.315 normal=0.115
[112 350/398] semantic=0.501 depth=0.336 normal=0.095
[112 375/398] semantic=0.705 depth=0.262 normal=0.116
[112 398/398] semantic=0.801 depth=0.367 normal=0.178
Epoch 112: mIoU=36.765 pix=62.832 abs=0.5830 rel=0.2480 normal_mean=28.726 delta=10.570 wall_h=40.524
[113 1/398] semantic=0.700 depth=0.408 normal=0.181
MGDA-WARM WEIGHTS step=44600 weights=[0.105995774269104, 0.5829454660415649, 0.31105875968933105]
[113 25/398] semantic=0.559 depth=0.317 normal=0.103
[113 50/398] semantic=0.982 depth=0.468 normal=0.190
[113 75/398] semantic=0.596 depth=0.600 normal=0.129
[113 100/398] semantic=0.946 depth=0.275 normal=0.165
MGDA-WARM WEIGHTS step=44700 weights=[0.0, 0.1590009331703186, 0.8409990072250366]
[113 125/398] semantic=0.889 depth=0.449 normal=0.143
[113 150/398] semantic=0.665 depth=0.462 normal=0.155
[113 175/398] semantic=0.620 depth=0.269 normal=0.128
[113 200/398] semantic=0.752 depth=0.254 normal=0.101
MGDA-WARM WEIGHTS step=44800 weights=[0.3354090750217438, 0.04821907728910446, 0.6163718700408936]
[113 225/398] semantic=0.460 depth=0.381 normal=0.149
[113 250/398] semantic=0.540 depth=0.459 normal=0.180
[113 275/398] semantic=0.739 depth=0.546 normal=0.205
[113 300/398] semantic=0.881 depth=0.370 normal=0.196
MGDA-WARM WEIGHTS step=44900 weights=[0.0, 0.9863294363021851, 0.013670504093170166]
[113 325/398] semantic=0.485 depth=0.444 normal=0.152
[113 350/398] semantic=0.748 depth=0.681 normal=0.152
[113 375/398] semantic=1.168 depth=0.474 normal=0.254
[113 398/398] semantic=0.384 depth=0.251 normal=0.178
Epoch 113: mIoU=35.574 pix=62.690 abs=0.5896 rel=0.2380 normal_mean=28.632 delta=10.082 wall_h=40.810
[114 1/398] semantic=1.075 depth=0.285 normal=0.151
[114 25/398] semantic=0.867 depth=0.327 normal=0.145
MGDA-WARM WEIGHTS step=45000 weights=[0.43437477946281433, 0.061145417392253876, 0.5044798254966736]
[114 50/398] semantic=1.065 depth=0.330 normal=0.200
[114 75/398] semantic=0.411 depth=0.446 normal=0.118
[114 100/398] semantic=0.617 depth=0.412 normal=0.122
[114 125/398] semantic=0.624 depth=0.286 normal=0.127
MGDA-WARM WEIGHTS step=45100 weights=[0.07874388992786407, 0.2342720478773117, 0.6869840621948242]
[114 150/398] semantic=0.624 depth=0.405 normal=0.220
[114 175/398] semantic=0.869 depth=0.418 normal=0.233
[114 200/398] semantic=0.863 depth=0.325 normal=0.137
[114 225/398] semantic=1.115 depth=0.489 normal=0.209
MGDA-WARM WEIGHTS step=45200 weights=[0.04896758496761322, 0.5193034410476685, 0.43172895908355713]
[114 250/398] semantic=0.478 depth=0.431 normal=0.124
[114 275/398] semantic=0.716 depth=0.392 normal=0.213
[114 300/398] semantic=0.547 depth=0.609 normal=0.118
[114 325/398] semantic=0.746 depth=0.161 normal=0.139
MGDA-WARM WEIGHTS step=45300 weights=[0.16531157493591309, 0.41070181131362915, 0.42398661375045776]
[114 350/398] semantic=1.117 depth=0.364 normal=0.182
[114 375/398] semantic=0.748 depth=0.339 normal=0.150
[114 398/398] semantic=0.613 depth=0.535 normal=0.100
Epoch 114: mIoU=38.480 pix=63.174 abs=0.5826 rel=0.2433 normal_mean=28.214 delta=7.871 wall_h=41.097
[115 1/398] semantic=0.544 depth=0.327 normal=0.155
[115 25/398] semantic=0.798 depth=0.350 normal=0.156
MGDA-WARM WEIGHTS step=45400 weights=[0.051853299140930176, 0.6196844577789307, 0.32846224308013916]
[115 50/398] semantic=0.659 depth=0.378 normal=0.124
[115 75/398] semantic=0.750 depth=0.314 normal=0.113
[115 100/398] semantic=0.812 depth=0.294 normal=0.169
[115 125/398] semantic=0.929 depth=0.436 normal=0.229
MGDA-WARM WEIGHTS step=45500 weights=[0.540558397769928, 0.0, 0.4594416618347168]
[115 150/398] semantic=0.671 depth=0.384 normal=0.160
[115 175/398] semantic=0.655 depth=0.260 normal=0.130
[115 200/398] semantic=0.366 depth=0.246 normal=0.153
[115 225/398] semantic=0.457 depth=0.396 normal=0.100
MGDA-WARM WEIGHTS step=45600 weights=[0.0595426931977272, 0.4235309362411499, 0.5169263482093811]
[115 250/398] semantic=0.691 depth=0.282 normal=0.191
[115 275/398] semantic=0.584 depth=0.279 normal=0.097
[115 300/398] semantic=0.590 depth=0.197 normal=0.119
[115 325/398] semantic=0.571 depth=0.378 normal=0.153
MGDA-WARM WEIGHTS step=45700 weights=[0.72963947057724, 0.12143510580062866, 0.14892536401748657]
[115 350/398] semantic=0.800 depth=0.257 normal=0.162
[115 375/398] semantic=0.641 depth=0.367 normal=0.158
[115 398/398] semantic=1.014 depth=0.312 normal=0.150
Epoch 115: mIoU=35.679 pix=62.321 abs=0.5743 rel=0.2225 normal_mean=28.806 delta=9.782 wall_h=41.625
[116 1/398] semantic=0.397 depth=0.187 normal=0.122
[116 25/398] semantic=0.866 depth=0.338 normal=0.222
MGDA-WARM WEIGHTS step=45800 weights=[0.0, 0.3492209017276764, 0.650779128074646]
[116 50/398] semantic=0.385 depth=0.285 normal=0.110
[116 75/398] semantic=0.579 depth=0.359 normal=0.175
[116 100/398] semantic=0.460 depth=0.301 normal=0.120
[116 125/398] semantic=0.733 depth=0.478 normal=0.127
MGDA-WARM WEIGHTS step=45900 weights=[0.0, 0.4688381552696228, 0.5311618447303772]
[116 150/398] semantic=0.979 depth=0.416 normal=0.197
[116 175/398] semantic=0.797 depth=0.275 normal=0.164
[116 200/398] semantic=0.616 depth=0.655 normal=0.255
[116 225/398] semantic=0.276 depth=0.354 normal=0.133
MGDA-WARM WEIGHTS step=46000 weights=[1.0, 0.0, 0.0]
[116 250/398] semantic=0.611 depth=0.265 normal=0.128
[116 275/398] semantic=0.639 depth=0.369 normal=0.109
[116 300/398] semantic=0.518 depth=0.330 normal=0.132
[116 325/398] semantic=0.621 depth=0.318 normal=0.138
MGDA-WARM WEIGHTS step=46100 weights=[0.4461831748485565, 0.005872964859008789, 0.5479438304901123]
[116 350/398] semantic=0.447 depth=0.240 normal=0.086
[116 375/398] semantic=0.978 depth=0.396 normal=0.183
[116 398/398] semantic=0.524 depth=0.179 normal=0.219
Epoch 116: mIoU=37.729 pix=63.212 abs=0.5841 rel=0.2343 normal_mean=28.868 delta=9.667 wall_h=41.952
[117 1/398] semantic=0.982 depth=0.466 normal=0.226
[117 25/398] semantic=0.324 depth=0.266 normal=0.114
MGDA-WARM WEIGHTS step=46200 weights=[0.42232584953308105, 0.0024074912071228027, 0.5752665996551514]
[117 50/398] semantic=0.478 depth=0.311 normal=0.072
[117 75/398] semantic=0.622 depth=0.382 normal=0.174
[117 100/398] semantic=0.461 depth=0.296 normal=0.150
[117 125/398] semantic=0.836 depth=0.596 normal=0.166
MGDA-WARM WEIGHTS step=46300 weights=[0.11598636209964752, 0.45571184158325195, 0.42830178141593933]
[117 150/398] semantic=0.638 depth=0.344 normal=0.154
[117 175/398] semantic=0.881 depth=0.553 normal=0.174
[117 200/398] semantic=0.604 depth=0.219 normal=0.102
[117 225/398] semantic=1.273 depth=0.549 normal=0.204
MGDA-WARM WEIGHTS step=46400 weights=[0.29953649640083313, 0.3270634114742279, 0.3734000623226166]
[117 250/398] semantic=1.275 depth=0.234 normal=0.188
[117 275/398] semantic=0.455 depth=0.305 normal=0.102
[117 300/398] semantic=0.507 depth=0.393 normal=0.151
[117 325/398] semantic=0.844 depth=0.352 normal=0.155
MGDA-WARM WEIGHTS step=46500 weights=[0.0, 0.8096819519996643, 0.1903180480003357]
[117 350/398] semantic=0.682 depth=0.281 normal=0.161
[117 375/398] semantic=0.740 depth=0.388 normal=0.134
[117 398/398] semantic=0.560 depth=0.306 normal=0.112
Epoch 117: mIoU=38.685 pix=64.209 abs=0.5599 rel=0.2335 normal_mean=29.099 delta=9.412 wall_h=42.256
[118 1/398] semantic=0.514 depth=0.166 normal=0.168
[118 25/398] semantic=0.841 depth=0.493 normal=0.221
MGDA-WARM WEIGHTS step=46600 weights=[0.18958239257335663, 0.5002195239067078, 0.3101981282234192]
[118 50/398] semantic=0.599 depth=0.343 normal=0.134
[118 75/398] semantic=0.751 depth=0.458 normal=0.166
[118 100/398] semantic=0.388 depth=0.241 normal=0.129
[118 125/398] semantic=0.661 depth=0.456 normal=0.164
MGDA-WARM WEIGHTS step=46700 weights=[0.39915814995765686, 0.17229250073432922, 0.4285493493080139]
[118 150/398] semantic=0.925 depth=0.334 normal=0.127
[118 175/398] semantic=0.485 depth=0.222 normal=0.140
[118 200/398] semantic=0.682 depth=0.230 normal=0.126
[118 225/398] semantic=0.585 depth=0.365 normal=0.140
MGDA-WARM WEIGHTS step=46800 weights=[0.5837796330451965, 0.2110406756401062, 0.20517970621585846]
[118 250/398] semantic=0.724 depth=0.330 normal=0.127
[118 275/398] semantic=0.645 depth=0.198 normal=0.146
[118 300/398] semantic=0.632 depth=0.398 normal=0.152
[118 325/398] semantic=0.780 depth=0.483 normal=0.181
MGDA-WARM WEIGHTS step=46900 weights=[0.22119469940662384, 0.6355100274085999, 0.1432952880859375]
[118 350/398] semantic=0.315 depth=0.297 normal=0.097
[118 375/398] semantic=0.496 depth=0.422 normal=0.184
[118 398/398] semantic=0.637 depth=0.228 normal=0.090
Epoch 118: mIoU=34.918 pix=61.882 abs=0.6075 rel=0.2349 normal_mean=28.835 delta=11.109 wall_h=42.589
[119 1/398] semantic=0.680 depth=0.384 normal=0.227
[119 25/398] semantic=0.906 depth=0.410 normal=0.173
MGDA-WARM WEIGHTS step=47000 weights=[0.3920626938343048, 0.20813730359077454, 0.39980003237724304]
[119 50/398] semantic=1.116 depth=0.455 normal=0.132
[119 75/398] semantic=0.955 depth=0.490 normal=0.235
[119 100/398] semantic=0.633 depth=0.285 normal=0.175
[119 125/398] semantic=0.533 depth=0.286 normal=0.103
MGDA-WARM WEIGHTS step=47100 weights=[0.3926297128200531, 0.21721835434436798, 0.3901519179344177]
[119 150/398] semantic=0.674 depth=0.296 normal=0.116
[119 175/398] semantic=0.731 depth=0.244 normal=0.140
[119 200/398] semantic=0.509 depth=0.219 normal=0.152
[119 225/398] semantic=0.526 depth=0.379 normal=0.170
MGDA-WARM WEIGHTS step=47200 weights=[0.27503055334091187, 0.14296966791152954, 0.5819997787475586]
[119 250/398] semantic=0.455 depth=0.303 normal=0.147
[119 275/398] semantic=1.823 depth=0.621 normal=0.161
[119 300/398] semantic=1.012 depth=0.452 normal=0.128
[119 325/398] semantic=0.816 depth=0.270 normal=0.103
MGDA-WARM WEIGHTS step=47300 weights=[0.3594833016395569, 0.2565610706806183, 0.3839556574821472]
[119 350/398] semantic=0.691 depth=0.241 normal=0.157
[119 375/398] semantic=0.310 depth=0.230 normal=0.164
[119 398/398] semantic=1.702 depth=0.374 normal=0.312
Epoch 119: mIoU=39.479 pix=64.210 abs=0.6066 rel=0.2591 normal_mean=28.498 delta=9.305 wall_h=42.956
[120 1/398] semantic=0.461 depth=0.352 normal=0.154
[120 25/398] semantic=0.730 depth=0.279 normal=0.096
MGDA-WARM WEIGHTS step=47400 weights=[0.4092804789543152, 0.41786989569664, 0.17284958064556122]
[120 50/398] semantic=0.383 depth=0.482 normal=0.110
[120 75/398] semantic=0.702 depth=0.282 normal=0.166
[120 100/398] semantic=0.560 depth=0.402 normal=0.125
[120 125/398] semantic=0.650 depth=0.429 normal=0.176
MGDA-WARM WEIGHTS step=47500 weights=[0.30612751841545105, 0.0, 0.6938725113868713]
[120 150/398] semantic=0.523 depth=0.263 normal=0.132
[120 175/398] semantic=0.662 depth=0.309 normal=0.119
[120 200/398] semantic=1.085 depth=0.261 normal=0.117
[120 225/398] semantic=0.631 depth=0.356 normal=0.158
MGDA-WARM WEIGHTS step=47600 weights=[0.3885612487792969, 0.18999053537845612, 0.421448290348053]
[120 250/398] semantic=0.538 depth=0.366 normal=0.158
[120 275/398] semantic=0.390 depth=0.306 normal=0.119
[120 300/398] semantic=0.540 depth=0.379 normal=0.184
[120 325/398] semantic=0.934 depth=0.317 normal=0.177
MGDA-WARM WEIGHTS step=47700 weights=[0.14497186243534088, 0.3329172730445862, 0.5221108198165894]
[120 350/398] semantic=0.500 depth=0.305 normal=0.141
[120 375/398] semantic=0.555 depth=0.400 normal=0.155
[120 398/398] semantic=1.280 depth=0.196 normal=0.105
Epoch 120: mIoU=38.431 pix=63.958 abs=0.5872 rel=0.2576 normal_mean=27.803 delta=7.359 wall_h=43.358
[121 1/398] semantic=0.487 depth=0.283 normal=0.103
[121 25/398] semantic=0.393 depth=0.300 normal=0.144
MGDA-WARM WEIGHTS step=47800 weights=[0.17430171370506287, 0.0, 0.8256982564926147]
[121 50/398] semantic=0.621 depth=0.393 normal=0.172
[121 75/398] semantic=1.023 depth=0.792 normal=0.201
[121 100/398] semantic=0.825 depth=0.282 normal=0.111
[121 125/398] semantic=0.794 depth=0.223 normal=0.093
MGDA-WARM WEIGHTS step=47900 weights=[0.3740099370479584, 0.17800584435462952, 0.4479842185974121]
[121 150/398] semantic=0.509 depth=0.485 normal=0.195
[121 175/398] semantic=0.560 depth=0.339 normal=0.150
[121 200/398] semantic=0.417 depth=0.343 normal=0.170
[121 225/398] semantic=0.539 depth=0.396 normal=0.197
MGDA-WARM WEIGHTS step=48000 weights=[0.3491583466529846, 0.1245611160993576, 0.5262804627418518]
[121 250/398] semantic=0.770 depth=0.323 normal=0.212
[121 275/398] semantic=0.642 depth=0.404 normal=0.183
[121 300/398] semantic=0.755 depth=0.418 normal=0.167
[121 325/398] semantic=0.388 depth=0.406 normal=0.126
MGDA-WARM WEIGHTS step=48100 weights=[0.014805734157562256, 0.8788161873817444, 0.10637807101011276]
[121 350/398] semantic=0.700 depth=0.361 normal=0.145
[121 375/398] semantic=0.799 depth=0.799 normal=0.207
[121 398/398] semantic=0.743 depth=0.421 normal=0.107
Epoch 121: mIoU=37.888 pix=63.743 abs=0.5781 rel=0.2502 normal_mean=28.744 delta=9.892 wall_h=43.708
[122 1/398] semantic=0.477 depth=0.499 normal=0.125
[122 25/398] semantic=0.564 depth=0.361 normal=0.182
MGDA-WARM WEIGHTS step=48200 weights=[0.8340831995010376, 0.16591677069664001, 0.0]
[122 50/398] semantic=0.794 depth=0.258 normal=0.188
[122 75/398] semantic=0.647 depth=0.235 normal=0.112
[122 100/398] semantic=0.364 depth=0.250 normal=0.141
[122 125/398] semantic=1.024 depth=0.346 normal=0.206
MGDA-WARM WEIGHTS step=48300 weights=[1.0, 0.0, 0.0]
[122 150/398] semantic=1.018 depth=0.494 normal=0.202
[122 175/398] semantic=0.587 depth=0.285 normal=0.132
[122 200/398] semantic=0.666 depth=0.275 normal=0.134
[122 225/398] semantic=0.672 depth=0.248 normal=0.100
MGDA-WARM WEIGHTS step=48400 weights=[0.44660913944244385, 0.5533909201622009, 0.0]
[122 250/398] semantic=0.902 depth=0.432 normal=0.118
[122 275/398] semantic=1.071 depth=0.403 normal=0.152
[122 300/398] semantic=0.458 depth=0.364 normal=0.160
[122 325/398] semantic=0.812 depth=0.314 normal=0.203
MGDA-WARM WEIGHTS step=48500 weights=[0.941342830657959, 0.0, 0.058657143265008926]
[122 350/398] semantic=0.369 depth=0.261 normal=0.106
[122 375/398] semantic=0.729 depth=0.454 normal=0.112
[122 398/398] semantic=0.382 depth=0.211 normal=0.096
Epoch 122: mIoU=36.642 pix=61.396 abs=0.5884 rel=0.2451 normal_mean=28.921 delta=11.160 wall_h=44.090
[123 1/398] semantic=0.692 depth=0.356 normal=0.185
[123 25/398] semantic=0.415 depth=0.259 normal=0.146
MGDA-WARM WEIGHTS step=48600 weights=[0.1939939260482788, 0.32089710235595703, 0.48510897159576416]
[123 50/398] semantic=0.558 depth=0.412 normal=0.232
[123 75/398] semantic=0.382 depth=0.392 normal=0.099
[123 100/398] semantic=0.619 depth=0.379 normal=0.154
[123 125/398] semantic=0.795 depth=0.349 normal=0.134
MGDA-WARM WEIGHTS step=48700 weights=[0.08609431982040405, 0.4528427720069885, 0.4610629081726074]
[123 150/398] semantic=0.614 depth=0.433 normal=0.146
[123 175/398] semantic=0.681 depth=0.237 normal=0.130
[123 200/398] semantic=0.469 depth=0.222 normal=0.127
[123 225/398] semantic=0.832 depth=0.448 normal=0.174
MGDA-WARM WEIGHTS step=48800 weights=[0.3057650625705719, 0.019806623458862305, 0.6744282245635986]
[123 250/398] semantic=0.867 depth=0.386 normal=0.171
[123 275/398] semantic=0.434 depth=0.457 normal=0.120
[123 300/398] semantic=0.566 depth=0.386 normal=0.257
[123 325/398] semantic=0.699 depth=0.246 normal=0.080
MGDA-WARM WEIGHTS step=48900 weights=[0.25374850630760193, 0.0, 0.7462514638900757]
[123 350/398] semantic=0.439 depth=0.296 normal=0.108
[123 375/398] semantic=0.431 depth=0.255 normal=0.147
[123 398/398] semantic=0.178 depth=0.163 normal=0.119
Epoch 123: mIoU=38.817 pix=64.358 abs=0.5827 rel=0.2395 normal_mean=28.356 delta=7.551 wall_h=44.452
[124 1/398] semantic=0.375 depth=0.397 normal=0.121
[124 25/398] semantic=0.544 depth=0.203 normal=0.125
MGDA-WARM WEIGHTS step=49000 weights=[0.11226829886436462, 0.6298046708106995, 0.25792697072029114]
[124 50/398] semantic=0.762 depth=0.573 normal=0.168
[124 75/398] semantic=0.391 depth=0.299 normal=0.096
[124 100/398] semantic=0.542 depth=0.321 normal=0.171
[124 125/398] semantic=0.583 depth=0.360 normal=0.178
MGDA-WARM WEIGHTS step=49100 weights=[0.6441574096679688, 0.0, 0.35584262013435364]
[124 150/398] semantic=0.375 depth=0.344 normal=0.116
[124 175/398] semantic=0.734 depth=0.414 normal=0.130
[124 200/398] semantic=0.855 depth=0.401 normal=0.188
[124 225/398] semantic=0.456 depth=0.379 normal=0.107
MGDA-WARM WEIGHTS step=49200 weights=[0.20961955189704895, 0.0534047931432724, 0.7369756698608398]
[124 250/398] semantic=0.995 depth=0.472 normal=0.205
[124 275/398] semantic=0.410 depth=0.268 normal=0.106
[124 300/398] semantic=0.398 depth=0.187 normal=0.112
[124 325/398] semantic=0.707 depth=0.262 normal=0.104
MGDA-WARM WEIGHTS step=49300 weights=[0.0, 1.0, 0.0]
[124 350/398] semantic=0.641 depth=0.296 normal=0.136
[124 375/398] semantic=0.518 depth=0.259 normal=0.147
[124 398/398] semantic=1.090 depth=0.253 normal=0.235
Epoch 124: mIoU=38.392 pix=63.881 abs=0.5792 rel=0.2277 normal_mean=28.588 delta=7.858 wall_h=44.850
[125 1/398] semantic=0.686 depth=0.301 normal=0.177
[125 25/398] semantic=0.662 depth=0.276 normal=0.143
MGDA-WARM WEIGHTS step=49400 weights=[0.17785051465034485, 0.4426835775375366, 0.37946590781211853]
[125 50/398] semantic=0.652 depth=0.345 normal=0.140
[125 75/398] semantic=0.580 depth=0.256 normal=0.088
[125 100/398] semantic=0.612 depth=0.412 normal=0.160
[125 125/398] semantic=0.934 depth=0.374 normal=0.148
MGDA-WARM WEIGHTS step=49500 weights=[0.2603929936885834, 0.2547530233860016, 0.4848538935184479]
[125 150/398] semantic=0.642 depth=0.216 normal=0.111
[125 175/398] semantic=0.474 depth=0.252 normal=0.151
[125 200/398] semantic=0.684 depth=0.298 normal=0.181
[125 225/398] semantic=0.692 depth=0.860 normal=0.167
MGDA-WARM WEIGHTS step=49600 weights=[0.35349562764167786, 0.4179806411266327, 0.22852376103401184]
[125 250/398] semantic=0.593 depth=0.317 normal=0.120
[125 275/398] semantic=1.066 depth=0.376 normal=0.144
[125 300/398] semantic=0.927 depth=0.355 normal=0.167
[125 325/398] semantic=1.531 depth=0.213 normal=0.132
MGDA-WARM WEIGHTS step=49700 weights=[0.35199660062789917, 0.5560287833213806, 0.0919746607542038]
[125 350/398] semantic=0.473 depth=0.358 normal=0.109
[125 375/398] semantic=0.507 depth=0.409 normal=0.140
[125 398/398] semantic=0.924 depth=0.170 normal=0.282
Epoch 125: mIoU=38.762 pix=64.544 abs=0.5760 rel=0.2251 normal_mean=28.259 delta=6.255 wall_h=45.316
[126 1/398] semantic=0.449 depth=0.307 normal=0.107
[126 25/398] semantic=0.735 depth=0.495 normal=0.227
MGDA-WARM WEIGHTS step=49800 weights=[0.0, 0.6537729501724243, 0.3462270498275757]
[126 50/398] semantic=0.577 depth=0.337 normal=0.151
[126 75/398] semantic=0.631 depth=0.416 normal=0.169
[126 100/398] semantic=0.681 depth=0.541 normal=0.127
[126 125/398] semantic=0.792 depth=0.332 normal=0.142
MGDA-WARM WEIGHTS step=49900 weights=[0.40864962339401245, 0.0, 0.5913504362106323]
[126 150/398] semantic=0.530 depth=0.334 normal=0.122
[126 175/398] semantic=0.592 depth=0.392 normal=0.198
[126 200/398] semantic=1.293 depth=0.304 normal=0.126
[126 225/398] semantic=0.819 depth=0.436 normal=0.153
MGDA-WARM WEIGHTS step=50000 weights=[0.09301581233739853, 0.2605323791503906, 0.6464518308639526]
[126 250/398] semantic=0.469 depth=0.345 normal=0.143
[126 275/398] semantic=0.423 depth=0.347 normal=0.083
[126 300/398] semantic=0.645 depth=0.258 normal=0.147
[126 325/398] semantic=0.659 depth=0.510 normal=0.182
MGDA-WARM WEIGHTS step=50100 weights=[0.6510544419288635, 0.31103360652923584, 0.03791196644306183]
[126 350/398] semantic=0.469 depth=0.322 normal=0.140
[126 375/398] semantic=0.522 depth=0.512 normal=0.144
[126 398/398] semantic=0.752 depth=0.398 normal=0.198
Epoch 126: mIoU=38.206 pix=64.431 abs=0.5742 rel=0.2399 normal_mean=28.118 delta=7.315 wall_h=45.806
[127 1/398] semantic=0.855 depth=0.345 normal=0.131
[127 25/398] semantic=0.623 depth=0.454 normal=0.166
[127 50/398] semantic=1.083 depth=0.483 normal=0.213
MGDA-WARM WEIGHTS step=50200 weights=[0.7928453683853149, 0.20715463161468506, 0.0]
[127 75/398] semantic=0.604 depth=0.351 normal=0.164
[127 100/398] semantic=0.371 depth=0.367 normal=0.110
[127 125/398] semantic=0.702 depth=0.656 normal=0.145
[127 150/398] semantic=0.765 depth=0.360 normal=0.139
MGDA-WARM WEIGHTS step=50300 weights=[0.5182222127914429, 0.4701429605484009, 0.011634809896349907]
[127 175/398] semantic=1.480 depth=0.427 normal=0.212
[127 200/398] semantic=0.516 depth=0.207 normal=0.112
[127 225/398] semantic=0.970 depth=0.197 normal=0.152
[127 250/398] semantic=0.993 depth=0.464 normal=0.228
MGDA-WARM WEIGHTS step=50400 weights=[0.052285823971033096, 0.3654029667377472, 0.58231121301651]
[127 275/398] semantic=0.730 depth=0.367 normal=0.152
[127 300/398] semantic=0.811 depth=0.348 normal=0.199
[127 325/398] semantic=0.388 depth=0.153 normal=0.156
[127 350/398] semantic=0.872 depth=0.334 normal=0.215
MGDA-WARM WEIGHTS step=50500 weights=[0.29386812448501587, 0.5104879140853882, 0.19564400613307953]
[127 375/398] semantic=0.768 depth=0.465 normal=0.175
[127 398/398] semantic=1.381 depth=0.393 normal=0.239
Epoch 127: mIoU=38.747 pix=63.671 abs=0.5613 rel=0.2307 normal_mean=28.615 delta=7.848 wall_h=46.131
[128 1/398] semantic=0.490 depth=0.281 normal=0.147
[128 25/398] semantic=0.441 depth=0.255 normal=0.085
[128 50/398] semantic=1.211 depth=0.388 normal=0.175
MGDA-WARM WEIGHTS step=50600 weights=[0.21076269447803497, 0.525961697101593, 0.2632756233215332]
[128 75/398] semantic=0.657 depth=0.280 normal=0.128
[128 100/398] semantic=0.511 depth=0.383 normal=0.138
[128 125/398] semantic=0.529 depth=0.354 normal=0.113
[128 150/398] semantic=0.673 depth=0.270 normal=0.159
MGDA-WARM WEIGHTS step=50700 weights=[0.07618997991085052, 0.2795453667640686, 0.6442646980285645]
[128 175/398] semantic=0.570 depth=0.686 normal=0.159
[128 200/398] semantic=0.475 depth=0.429 normal=0.149
[128 225/398] semantic=0.473 depth=0.428 normal=0.139
[128 250/398] semantic=1.018 depth=0.457 normal=0.232
MGDA-WARM WEIGHTS step=50800 weights=[0.1316726803779602, 0.2587162256240845, 0.6096110343933105]
[128 275/398] semantic=0.427 depth=0.252 normal=0.109
[128 300/398] semantic=0.587 depth=0.257 normal=0.160
[128 325/398] semantic=0.500 depth=0.300 normal=0.079
[128 350/398] semantic=1.236 depth=0.377 normal=0.217
MGDA-WARM WEIGHTS step=50900 weights=[0.2428940236568451, 0.33226412534713745, 0.42484182119369507]
[128 375/398] semantic=0.542 depth=0.295 normal=0.145
[128 398/398] semantic=0.418 depth=0.499 normal=0.102
Epoch 128: mIoU=37.759 pix=63.621 abs=0.6321 rel=0.2346 normal_mean=28.722 delta=10.327 wall_h=46.447
[129 1/398] semantic=0.570 depth=0.437 normal=0.143
[129 25/398] semantic=0.432 depth=0.185 normal=0.084
[129 50/398] semantic=0.450 depth=0.264 normal=0.080
MGDA-WARM WEIGHTS step=51000 weights=[0.5093814134597778, 0.0, 0.49061861634254456]
[129 75/398] semantic=0.464 depth=0.255 normal=0.128
[129 100/398] semantic=0.400 depth=0.206 normal=0.090
[129 125/398] semantic=0.542 depth=0.163 normal=0.146
[129 150/398] semantic=0.805 depth=0.396 normal=0.203
MGDA-WARM WEIGHTS step=51100 weights=[0.22642205655574799, 0.3013800382614136, 0.47219792008399963]
[129 175/398] semantic=0.554 depth=0.310 normal=0.106
[129 200/398] semantic=0.557 depth=0.574 normal=0.132
[129 225/398] semantic=0.469 depth=0.281 normal=0.126
[129 250/398] semantic=0.671 depth=0.490 normal=0.120
MGDA-WARM WEIGHTS step=51200 weights=[0.8828269243240356, 0.0, 0.11717307567596436]
[129 275/398] semantic=0.561 depth=0.248 normal=0.144
[129 300/398] semantic=0.652 depth=0.334 normal=0.177
[129 325/398] semantic=0.591 depth=0.260 normal=0.163
[129 350/398] semantic=0.466 depth=0.332 normal=0.161
MGDA-WARM WEIGHTS step=51300 weights=[0.10998153686523438, 0.621149480342865, 0.268869012594223]
[129 375/398] semantic=0.614 depth=0.225 normal=0.134
[129 398/398] semantic=0.528 depth=0.376 normal=0.122
Epoch 129: mIoU=37.351 pix=62.776 abs=0.6238 rel=0.2743 normal_mean=28.507 delta=11.503 wall_h=46.810
[130 1/398] semantic=1.467 depth=0.321 normal=0.159
[130 25/398] semantic=0.786 depth=0.305 normal=0.131
[130 50/398] semantic=0.682 depth=0.401 normal=0.120
MGDA-WARM WEIGHTS step=51400 weights=[0.1871325969696045, 0.005270481109619141, 0.8075969815254211]
[130 75/398] semantic=0.418 depth=0.321 normal=0.117
[130 100/398] semantic=0.672 depth=0.387 normal=0.207
[130 125/398] semantic=1.129 depth=0.372 normal=0.219
[130 150/398] semantic=0.476 depth=0.534 normal=0.173
MGDA-WARM WEIGHTS step=51500 weights=[0.0, 0.11010532081127167, 0.8898946642875671]
[130 175/398] semantic=0.482 depth=0.280 normal=0.120
[130 200/398] semantic=0.582 depth=0.314 normal=0.135
[130 225/398] semantic=0.360 depth=0.288 normal=0.131
[130 250/398] semantic=0.717 depth=0.564 normal=0.196
MGDA-WARM WEIGHTS step=51600 weights=[0.4307810068130493, 0.3760753571987152, 0.19314365088939667]
[130 275/398] semantic=1.026 depth=0.389 normal=0.142
[130 300/398] semantic=0.524 depth=0.454 normal=0.165
[130 325/398] semantic=0.531 depth=0.238 normal=0.108
[130 350/398] semantic=0.478 depth=0.373 normal=0.149
MGDA-WARM WEIGHTS step=51700 weights=[0.0, 1.0, 0.0]
[130 375/398] semantic=0.429 depth=0.307 normal=0.122
[130 398/398] semantic=0.742 depth=0.273 normal=0.113
Epoch 130: mIoU=38.824 pix=64.395 abs=0.5738 rel=0.2438 normal_mean=28.501 delta=8.278 wall_h=47.128
[131 1/398] semantic=0.648 depth=0.391 normal=0.101
[131 25/398] semantic=0.527 depth=0.236 normal=0.091
[131 50/398] semantic=0.752 depth=0.384 normal=0.177
MGDA-WARM WEIGHTS step=51800 weights=[0.01100146770477295, 0.8703888058662415, 0.11860977113246918]
[131 75/398] semantic=0.419 depth=0.347 normal=0.184
[131 100/398] semantic=0.799 depth=0.326 normal=0.179
[131 125/398] semantic=0.639 depth=0.300 normal=0.136
[131 150/398] semantic=0.777 depth=0.361 normal=0.189
MGDA-WARM WEIGHTS step=51900 weights=[0.4078569710254669, 0.2282210737466812, 0.36392197012901306]
[131 175/398] semantic=0.307 depth=0.502 normal=0.106
[131 200/398] semantic=0.754 depth=0.453 normal=0.120
[131 225/398] semantic=0.690 depth=0.320 normal=0.134
[131 250/398] semantic=1.140 depth=0.317 normal=0.167
MGDA-WARM WEIGHTS step=52000 weights=[0.21474376320838928, 0.0, 0.7852562665939331]
[131 275/398] semantic=1.348 depth=0.318 normal=0.156
[131 300/398] semantic=0.510 depth=0.319 normal=0.118
[131 325/398] semantic=0.707 depth=0.322 normal=0.123
[131 350/398] semantic=0.445 depth=0.208 normal=0.126
MGDA-WARM WEIGHTS step=52100 weights=[0.19467084109783173, 0.4219275712966919, 0.3834015727043152]
[131 375/398] semantic=0.531 depth=0.435 normal=0.143
[131 398/398] semantic=0.996 depth=0.203 normal=0.128
Epoch 131: mIoU=38.406 pix=63.678 abs=0.5729 rel=0.2388 normal_mean=28.271 delta=7.759 wall_h=47.455
[132 1/398] semantic=0.774 depth=0.486 normal=0.201
[132 25/398] semantic=0.593 depth=0.224 normal=0.150
[132 50/398] semantic=0.387 depth=0.297 normal=0.157
MGDA-WARM WEIGHTS step=52200 weights=[0.4754621386528015, 0.2430027425289154, 0.28153514862060547]
[132 75/398] semantic=0.393 depth=0.362 normal=0.137
[132 100/398] semantic=0.756 depth=0.469 normal=0.139
[132 125/398] semantic=0.596 depth=0.577 normal=0.125
[132 150/398] semantic=0.655 depth=0.204 normal=0.111
MGDA-WARM WEIGHTS step=52300 weights=[0.5442299842834473, 0.45577001571655273, 0.0]
[132 175/398] semantic=0.433 depth=0.367 normal=0.170
[132 200/398] semantic=0.687 depth=0.334 normal=0.142
[132 225/398] semantic=0.482 depth=0.252 normal=0.120
[132 250/398] semantic=0.650 depth=0.207 normal=0.125
MGDA-WARM WEIGHTS step=52400 weights=[0.0, 0.9344318509101868, 0.06556817889213562]
[132 275/398] semantic=0.476 depth=0.336 normal=0.155
[132 300/398] semantic=0.504 depth=0.323 normal=0.124
[132 325/398] semantic=0.348 depth=0.244 normal=0.123
[132 350/398] semantic=0.186 depth=0.384 normal=0.100
MGDA-WARM WEIGHTS step=52500 weights=[0.2620870769023895, 0.2405872344970703, 0.49732571840286255]
[132 375/398] semantic=0.572 depth=0.440 normal=0.223
[132 398/398] semantic=0.789 depth=0.227 normal=0.098
Epoch 132: mIoU=37.811 pix=63.795 abs=0.5604 rel=0.2322 normal_mean=28.165 delta=6.539 wall_h=47.777
[133 1/398] semantic=0.862 depth=0.427 normal=0.234
[133 25/398] semantic=0.596 depth=0.311 normal=0.125
[133 50/398] semantic=0.619 depth=0.208 normal=0.112
MGDA-WARM WEIGHTS step=52600 weights=[0.45005136728286743, 0.014290198683738708, 0.5356584191322327]
[133 75/398] semantic=1.034 depth=0.166 normal=0.132
[133 100/398] semantic=0.403 depth=0.272 normal=0.124
[133 125/398] semantic=0.505 depth=0.401 normal=0.149
[133 150/398] semantic=0.468 depth=0.481 normal=0.174
MGDA-WARM WEIGHTS step=52700 weights=[0.06319393962621689, 0.1665235459804535, 0.770282506942749]
[133 175/398] semantic=0.803 depth=0.270 normal=0.127
[133 200/398] semantic=0.302 depth=0.263 normal=0.166
[133 225/398] semantic=0.581 depth=0.409 normal=0.123
[133 250/398] semantic=0.564 depth=0.252 normal=0.167
MGDA-WARM WEIGHTS step=52800 weights=[0.557101845741272, 0.09355844557285309, 0.34933969378471375]
[133 275/398] semantic=0.516 depth=0.343 normal=0.135
[133 300/398] semantic=0.235 depth=0.385 normal=0.117
[133 325/398] semantic=0.393 depth=0.284 normal=0.077
[133 350/398] semantic=0.324 depth=0.290 normal=0.094
MGDA-WARM WEIGHTS step=52900 weights=[0.47876042127609253, 0.26145729422569275, 0.2597823739051819]
[133 375/398] semantic=0.630 depth=0.278 normal=0.194
[133 398/398] semantic=0.408 depth=0.264 normal=0.125
Epoch 133: mIoU=37.712 pix=64.117 abs=0.5842 rel=0.2497 normal_mean=28.246 delta=8.393 wall_h=48.098
[134 1/398] semantic=0.536 depth=0.359 normal=0.165
[134 25/398] semantic=0.694 depth=0.393 normal=0.163
[134 50/398] semantic=0.686 depth=0.321 normal=0.125
MGDA-WARM WEIGHTS step=53000 weights=[0.0, 0.4849730432033539, 0.5150269269943237]
[134 75/398] semantic=0.885 depth=0.436 normal=0.186
[134 100/398] semantic=0.403 depth=0.717 normal=0.223
[134 125/398] semantic=0.471 depth=0.251 normal=0.136
[134 150/398] semantic=0.477 depth=0.270 normal=0.135
MGDA-WARM WEIGHTS step=53100 weights=[0.3102843463420868, 0.20971065759658813, 0.4800049662590027]
[134 175/398] semantic=0.717 depth=0.512 normal=0.144
[134 200/398] semantic=0.342 depth=0.225 normal=0.100
[134 225/398] semantic=0.399 depth=0.276 normal=0.127
[134 250/398] semantic=0.497 depth=0.275 normal=0.137
MGDA-WARM WEIGHTS step=53200 weights=[0.01895296573638916, 0.9810469150543213, 0.0]
[134 275/398] semantic=0.616 depth=0.337 normal=0.180
[134 300/398] semantic=0.494 depth=0.188 normal=0.147
[134 325/398] semantic=0.682 depth=0.341 normal=0.158
[134 350/398] semantic=0.293 depth=0.175 normal=0.158
MGDA-WARM WEIGHTS step=53300 weights=[0.25493958592414856, 0.19518132507801056, 0.5498790740966797]
[134 375/398] semantic=0.934 depth=0.273 normal=0.113
[134 398/398] semantic=0.472 depth=0.631 normal=0.190
Epoch 134: mIoU=39.092 pix=64.311 abs=0.6299 rel=0.2745 normal_mean=28.285 delta=9.961 wall_h=48.424
[135 1/398] semantic=0.617 depth=0.374 normal=0.221
[135 25/398] semantic=0.654 depth=0.319 normal=0.156
[135 50/398] semantic=0.589 depth=0.255 normal=0.127
MGDA-WARM WEIGHTS step=53400 weights=[0.6109832525253296, 0.0, 0.3890167772769928]
[135 75/398] semantic=0.564 depth=0.241 normal=0.169
[135 100/398] semantic=0.431 depth=0.461 normal=0.124
[135 125/398] semantic=0.439 depth=0.294 normal=0.115
[135 150/398] semantic=0.459 depth=0.268 normal=0.119
MGDA-WARM WEIGHTS step=53500 weights=[0.10146373510360718, 0.1027020514011383, 0.7958341836929321]
[135 175/398] semantic=0.962 depth=0.386 normal=0.136
[135 200/398] semantic=0.516 depth=0.484 normal=0.175
[135 225/398] semantic=0.373 depth=0.189 normal=0.075
[135 250/398] semantic=0.896 depth=0.380 normal=0.183
MGDA-WARM WEIGHTS step=53600 weights=[0.03176237642765045, 0.4360606074333191, 0.5321770310401917]
[135 275/398] semantic=0.456 depth=0.391 normal=0.171
[135 300/398] semantic=0.428 depth=0.288 normal=0.151
[135 325/398] semantic=0.455 depth=0.435 normal=0.177
[135 350/398] semantic=0.499 depth=0.248 normal=0.124
MGDA-WARM WEIGHTS step=53700 weights=[0.15266579389572144, 0.29873472452163696, 0.5485994219779968]
[135 375/398] semantic=0.699 depth=0.285 normal=0.109
[135 398/398] semantic=0.310 depth=0.214 normal=0.109
Epoch 135: mIoU=37.589 pix=63.333 abs=0.5932 rel=0.2404 normal_mean=29.257 delta=11.746 wall_h=48.749
[136 1/398] semantic=0.394 depth=0.385 normal=0.098
[136 25/398] semantic=0.728 depth=0.213 normal=0.120
[136 50/398] semantic=0.566 depth=0.267 normal=0.138
MGDA-WARM WEIGHTS step=53800 weights=[0.0008044242858886719, 0.9991955757141113, 0.0]
[136 75/398] semantic=0.403 depth=0.277 normal=0.097
[136 100/398] semantic=0.707 depth=0.299 normal=0.147
[136 125/398] semantic=1.112 depth=0.267 normal=0.153
[136 150/398] semantic=0.379 depth=0.330 normal=0.117
MGDA-WARM WEIGHTS step=53900 weights=[0.0, 0.27213507890701294, 0.7278649806976318]
[136 175/398] semantic=0.618 depth=0.230 normal=0.161
[136 200/398] semantic=0.751 depth=0.213 normal=0.172
[136 225/398] semantic=0.489 depth=0.257 normal=0.089
[136 250/398] semantic=0.655 depth=0.625 normal=0.226
MGDA-WARM WEIGHTS step=54000 weights=[0.35501629114151, 0.09091740846633911, 0.5540663003921509]
[136 275/398] semantic=0.831 depth=0.248 normal=0.207
[136 300/398] semantic=0.326 depth=0.181 normal=0.146
[136 325/398] semantic=0.721 depth=0.361 normal=0.153
[136 350/398] semantic=1.604 depth=0.414 normal=0.175
MGDA-WARM WEIGHTS step=54100 weights=[0.3436669707298279, 0.2981463074684143, 0.3581867218017578]
[136 375/398] semantic=0.399 depth=0.375 normal=0.111
[136 398/398] semantic=0.884 depth=1.058 normal=0.200
Epoch 136: mIoU=37.173 pix=62.918 abs=0.5750 rel=0.2416 normal_mean=28.343 delta=8.598 wall_h=49.065
[137 1/398] semantic=0.598 depth=0.211 normal=0.108
[137 25/398] semantic=0.514 depth=0.223 normal=0.136
[137 50/398] semantic=0.757 depth=0.315 normal=0.159
MGDA-WARM WEIGHTS step=54200 weights=[0.3179419934749603, 0.050018154084682465, 0.6320398449897766]
[137 75/398] semantic=0.580 depth=0.387 normal=0.195
[137 100/398] semantic=0.424 depth=0.264 normal=0.131
[137 125/398] semantic=1.588 depth=0.347 normal=0.162
[137 150/398] semantic=0.858 depth=0.436 normal=0.147
MGDA-WARM WEIGHTS step=54300 weights=[0.17237448692321777, 0.25621604919433594, 0.5714094042778015]
[137 175/398] semantic=0.535 depth=0.354 normal=0.147
[137 200/398] semantic=0.576 depth=0.379 normal=0.190
[137 225/398] semantic=0.594 depth=0.283 normal=0.154
[137 250/398] semantic=0.810 depth=0.299 normal=0.133
MGDA-WARM WEIGHTS step=54400 weights=[0.6334868669509888, 0.06233704835176468, 0.30417606234550476]
[137 275/398] semantic=0.663 depth=0.274 normal=0.169
[137 300/398] semantic=0.464 depth=0.351 normal=0.166
[137 325/398] semantic=0.585 depth=0.319 normal=0.140
[137 350/398] semantic=0.336 depth=0.413 normal=0.215
MGDA-WARM WEIGHTS step=54500 weights=[0.3963432013988495, 0.24177545309066772, 0.3618813455104828]
[137 375/398] semantic=0.404 depth=0.333 normal=0.195
[137 398/398] semantic=0.466 depth=0.284 normal=0.096
Epoch 137: mIoU=39.358 pix=64.319 abs=0.5796 rel=0.2477 normal_mean=28.202 delta=7.375 wall_h=49.392
[138 1/398] semantic=0.838 depth=0.325 normal=0.095
[138 25/398] semantic=0.511 depth=0.371 normal=0.116
[138 50/398] semantic=0.592 depth=0.436 normal=0.188
MGDA-WARM WEIGHTS step=54600 weights=[0.5107935070991516, 0.4161553978919983, 0.07305102050304413]
[138 75/398] semantic=0.503 depth=0.325 normal=0.151
[138 100/398] semantic=0.588 depth=0.433 normal=0.156
[138 125/398] semantic=0.231 depth=0.218 normal=0.130
[138 150/398] semantic=0.640 depth=0.520 normal=0.111
MGDA-WARM WEIGHTS step=54700 weights=[0.21907156705856323, 0.0, 0.7809284329414368]
[138 175/398] semantic=0.385 depth=0.206 normal=0.105
[138 200/398] semantic=0.360 depth=0.333 normal=0.119
[138 225/398] semantic=0.592 depth=0.453 normal=0.154
[138 250/398] semantic=0.951 depth=0.236 normal=0.127
MGDA-WARM WEIGHTS step=54800 weights=[0.5900698900222778, 0.0, 0.4099300801753998]
[138 275/398] semantic=0.632 depth=0.307 normal=0.100
[138 300/398] semantic=0.534 depth=0.400 normal=0.137
[138 325/398] semantic=0.273 depth=0.240 normal=0.079
[138 350/398] semantic=0.405 depth=0.396 normal=0.150
MGDA-WARM WEIGHTS step=54900 weights=[0.00011566281318664551, 0.6184037923812866, 0.38148051500320435]
[138 375/398] semantic=0.472 depth=0.445 normal=0.121
[138 398/398] semantic=0.543 depth=0.641 normal=0.160
Epoch 138: mIoU=37.979 pix=64.413 abs=0.5723 rel=0.2300 normal_mean=28.507 delta=8.025 wall_h=49.710
[139 1/398] semantic=0.440 depth=0.270 normal=0.116
[139 25/398] semantic=0.680 depth=0.307 normal=0.100
[139 50/398] semantic=0.600 depth=0.388 normal=0.204
[139 75/398] semantic=0.410 depth=0.516 normal=0.137
MGDA-WARM WEIGHTS step=55000 weights=[0.0, 0.6807756423950195, 0.31922438740730286]
[139 100/398] semantic=0.385 depth=0.237 normal=0.109
[139 125/398] semantic=0.499 depth=0.405 normal=0.141
[139 150/398] semantic=0.670 depth=0.288 normal=0.141
[139 175/398] semantic=0.311 depth=0.440 normal=0.138
MGDA-WARM WEIGHTS step=55100 weights=[0.328972727060318, 0.0355941504240036, 0.6354331970214844]
[139 200/398] semantic=0.468 depth=0.281 normal=0.132
[139 225/398] semantic=0.416 depth=0.196 normal=0.097
[139 250/398] semantic=0.382 depth=0.219 normal=0.099
[139 275/398] semantic=0.466 depth=0.326 normal=0.114
MGDA-WARM WEIGHTS step=55200 weights=[0.2422751784324646, 0.21189144253730774, 0.54583340883255]
[139 300/398] semantic=0.715 depth=0.456 normal=0.240
[139 325/398] semantic=0.313 depth=0.273 normal=0.131
[139 350/398] semantic=0.418 depth=0.285 normal=0.122
[139 375/398] semantic=0.731 depth=0.438 normal=0.142
MGDA-WARM WEIGHTS step=55300 weights=[0.4644556939601898, 0.06134782359004021, 0.4741964340209961]
[139 398/398] semantic=0.538 depth=0.292 normal=0.107
Epoch 139: mIoU=39.347 pix=63.471 abs=0.6067 rel=0.2657 normal_mean=27.704 delta=7.517 wall_h=50.024
[140 1/398] semantic=0.373 depth=0.234 normal=0.106
[140 25/398] semantic=0.999 depth=0.334 normal=0.160
[140 50/398] semantic=0.331 depth=0.168 normal=0.131
[140 75/398] semantic=0.302 depth=0.260 normal=0.096
MGDA-WARM WEIGHTS step=55400 weights=[0.0, 0.7707148790359497, 0.2292851060628891]
[140 100/398] semantic=0.358 depth=0.235 normal=0.110
[140 125/398] semantic=0.416 depth=0.360 normal=0.103
[140 150/398] semantic=0.335 depth=0.348 normal=0.264
[140 175/398] semantic=0.354 depth=0.294 normal=0.116
MGDA-WARM WEIGHTS step=55500 weights=[0.42363131046295166, 0.4424927234649658, 0.1338759809732437]
[140 200/398] semantic=0.822 depth=0.277 normal=0.227
[140 225/398] semantic=0.638 depth=0.537 normal=0.120
[140 250/398] semantic=0.408 depth=0.449 normal=0.098
[140 275/398] semantic=0.329 depth=0.309 normal=0.145
MGDA-WARM WEIGHTS step=55600 weights=[0.9681347608566284, 0.03186523914337158, 0.0]
[140 300/398] semantic=0.839 depth=0.345 normal=0.172
[140 325/398] semantic=0.891 depth=0.367 normal=0.228
[140 350/398] semantic=1.151 depth=0.352 normal=0.166
[140 375/398] semantic=0.780 depth=0.258 normal=0.108
MGDA-WARM WEIGHTS step=55700 weights=[0.20917253196239471, 0.23370881378650665, 0.5571186542510986]
[140 398/398] semantic=0.609 depth=0.432 normal=0.163
Epoch 140: mIoU=37.790 pix=64.166 abs=0.5502 rel=0.2283 normal_mean=28.662 delta=8.544 wall_h=50.338
[141 1/398] semantic=0.513 depth=0.257 normal=0.114
[141 25/398] semantic=0.707 depth=0.222 normal=0.157
[141 50/398] semantic=0.342 depth=0.284 normal=0.077
[141 75/398] semantic=0.475 depth=0.484 normal=0.154
MGDA-WARM WEIGHTS step=55800 weights=[0.23593297600746155, 0.4623434543609619, 0.30172353982925415]
[141 100/398] semantic=1.408 depth=0.587 normal=0.213
[141 125/398] semantic=0.526 depth=0.410 normal=0.145
[141 150/398] semantic=0.418 depth=0.220 normal=0.116
[141 175/398] semantic=0.818 depth=0.254 normal=0.192
MGDA-WARM WEIGHTS step=55900 weights=[0.0, 0.46059778332710266, 0.539402186870575]
[141 200/398] semantic=0.872 depth=0.215 normal=0.126
[141 225/398] semantic=0.586 depth=0.472 normal=0.108
[141 250/398] semantic=0.745 depth=0.254 normal=0.183
[141 275/398] semantic=0.900 depth=0.399 normal=0.176
MGDA-WARM WEIGHTS step=56000 weights=[0.7189977765083313, 0.0, 0.2810022532939911]
[141 300/398] semantic=0.574 depth=0.377 normal=0.204
[141 325/398] semantic=0.641 depth=0.463 normal=0.180
[141 350/398] semantic=0.503 depth=0.471 normal=0.140
[141 375/398] semantic=0.351 depth=0.290 normal=0.145
MGDA-WARM WEIGHTS step=56100 weights=[0.3295314908027649, 0.5801351070404053, 0.09033340215682983]
[141 398/398] semantic=0.496 depth=0.357 normal=0.169
Epoch 141: mIoU=37.800 pix=62.697 abs=0.5885 rel=0.2507 normal_mean=28.238 delta=8.741 wall_h=50.650
[142 1/398] semantic=0.289 depth=0.255 normal=0.077
[142 25/398] semantic=0.991 depth=0.302 normal=0.223
[142 50/398] semantic=0.711 depth=0.374 normal=0.117
[142 75/398] semantic=0.710 depth=0.170 normal=0.127
MGDA-WARM WEIGHTS step=56200 weights=[0.24195270240306854, 0.5347059369087219, 0.22334136068820953]
[142 100/398] semantic=0.503 depth=0.455 normal=0.134
[142 125/398] semantic=0.623 depth=0.515 normal=0.230
[142 150/398] semantic=0.367 depth=0.453 normal=0.204
[142 175/398] semantic=0.927 depth=0.252 normal=0.163
MGDA-WARM WEIGHTS step=56300 weights=[0.16894544661045074, 0.22695472836494446, 0.6040998101234436]
[142 200/398] semantic=0.720 depth=0.476 normal=0.187
[142 225/398] semantic=0.443 depth=0.439 normal=0.156
[142 250/398] semantic=0.511 depth=0.396 normal=0.117
[142 275/398] semantic=1.205 depth=0.273 normal=0.214
MGDA-WARM WEIGHTS step=56400 weights=[0.22605974972248077, 0.3179823160171509, 0.45595788955688477]
[142 300/398] semantic=0.556 depth=0.450 normal=0.221
[142 325/398] semantic=0.312 depth=0.227 normal=0.123
[142 350/398] semantic=0.487 depth=0.345 normal=0.136
[142 375/398] semantic=0.322 depth=0.253 normal=0.098
MGDA-WARM WEIGHTS step=56500 weights=[0.0, 0.8221789598464966, 0.1778210550546646]
[142 398/398] semantic=0.318 depth=0.262 normal=0.179
Epoch 142: mIoU=40.132 pix=63.917 abs=0.5736 rel=0.2401 normal_mean=28.459 delta=7.619 wall_h=50.955
[143 1/398] semantic=0.554 depth=0.339 normal=0.113
[143 25/398] semantic=1.437 depth=0.541 normal=0.268
[143 50/398] semantic=0.222 depth=0.244 normal=0.072
[143 75/398] semantic=0.232 depth=0.258 normal=0.073
MGDA-WARM WEIGHTS step=56600 weights=[0.454079270362854, 0.17062337696552277, 0.37529733777046204]
[143 100/398] semantic=0.709 depth=0.435 normal=0.126
[143 125/398] semantic=0.855 depth=0.204 normal=0.194
[143 150/398] semantic=0.508 depth=0.190 normal=0.160
[143 175/398] semantic=0.349 depth=0.361 normal=0.163
MGDA-WARM WEIGHTS step=56700 weights=[0.09979833662509918, 0.3260076940059662, 0.5741938948631287]
[143 200/398] semantic=0.566 depth=0.226 normal=0.115
[143 225/398] semantic=0.598 depth=0.447 normal=0.167
[143 250/398] semantic=0.411 depth=0.343 normal=0.146
[143 275/398] semantic=1.215 depth=0.295 normal=0.227
MGDA-WARM WEIGHTS step=56800 weights=[0.20521868765354156, 0.1860276460647583, 0.6087536215782166]
[143 300/398] semantic=0.374 depth=0.235 normal=0.150
[143 325/398] semantic=0.392 depth=0.377 normal=0.209
[143 350/398] semantic=0.380 depth=0.315 normal=0.147
[143 375/398] semantic=0.622 depth=0.543 normal=0.186
MGDA-WARM WEIGHTS step=56900 weights=[0.5622591972351074, 0.03903840482234955, 0.3987024128437042]
[143 398/398] semantic=0.427 depth=0.236 normal=0.125
Epoch 143: mIoU=39.005 pix=63.832 abs=0.5865 rel=0.2511 normal_mean=28.150 delta=7.890 wall_h=51.266
[144 1/398] semantic=0.444 depth=0.308 normal=0.164
[144 25/398] semantic=0.527 depth=0.334 normal=0.209
[144 50/398] semantic=0.578 depth=0.309 normal=0.197
[144 75/398] semantic=0.332 depth=0.227 normal=0.077
MGDA-WARM WEIGHTS step=57000 weights=[0.3539900481700897, 0.3161201775074005, 0.329889714717865]
[144 100/398] semantic=0.433 depth=0.402 normal=0.117
[144 125/398] semantic=0.598 depth=0.328 normal=0.146
[144 150/398] semantic=0.341 depth=0.327 normal=0.134
[144 175/398] semantic=0.557 depth=0.331 normal=0.138
MGDA-WARM WEIGHTS step=57100 weights=[0.3018874526023865, 0.20740875601768494, 0.4907037615776062]
[144 200/398] semantic=0.321 depth=0.313 normal=0.108
[144 225/398] semantic=0.567 depth=0.272 normal=0.146
[144 250/398] semantic=0.407 depth=0.559 normal=0.124
[144 275/398] semantic=0.243 depth=0.291 normal=0.126
MGDA-WARM WEIGHTS step=57200 weights=[0.3754725456237793, 0.15383577346801758, 0.47069165110588074]
[144 300/398] semantic=1.052 depth=0.657 normal=0.207
[144 325/398] semantic=0.352 depth=0.474 normal=0.107
[144 350/398] semantic=0.589 depth=0.365 normal=0.175
[144 375/398] semantic=0.443 depth=0.520 normal=0.141
MGDA-WARM WEIGHTS step=57300 weights=[0.0274147167801857, 0.6744552254676819, 0.2981300354003906]
[144 398/398] semantic=0.295 depth=0.340 normal=0.125
Epoch 144: mIoU=37.754 pix=63.542 abs=0.5912 rel=0.2467 normal_mean=28.091 delta=7.905 wall_h=51.588
[145 1/398] semantic=1.325 depth=0.355 normal=0.192
[145 25/398] semantic=0.565 depth=0.398 normal=0.232
[145 50/398] semantic=0.606 depth=0.242 normal=0.124
[145 75/398] semantic=0.426 depth=0.290 normal=0.111
MGDA-WARM WEIGHTS step=57400 weights=[0.737824559211731, 0.2621753215789795, 0.0]
[145 100/398] semantic=0.639 depth=0.335 normal=0.201
[145 125/398] semantic=0.378 depth=0.297 normal=0.111
[145 150/398] semantic=0.728 depth=0.296 normal=0.180
[145 175/398] semantic=0.377 depth=0.243 normal=0.158
MGDA-WARM WEIGHTS step=57500 weights=[0.1915454864501953, 0.4758746922016144, 0.3325797915458679]
[145 200/398] semantic=0.760 depth=0.440 normal=0.131
[145 225/398] semantic=0.790 depth=0.360 normal=0.160
[145 250/398] semantic=0.644 depth=0.191 normal=0.150
[145 275/398] semantic=0.215 depth=0.220 normal=0.092
MGDA-WARM WEIGHTS step=57600 weights=[0.07522507756948471, 0.1718127727508545, 0.7529621720314026]
[145 300/398] semantic=0.369 depth=0.305 normal=0.141
[145 325/398] semantic=0.512 depth=0.357 normal=0.192
[145 350/398] semantic=0.394 depth=0.349 normal=0.136
[145 375/398] semantic=0.855 depth=0.362 normal=0.191
MGDA-WARM WEIGHTS step=57700 weights=[0.04334838688373566, 0.2917988896369934, 0.6648527383804321]
[145 398/398] semantic=0.583 depth=0.243 normal=0.074
Epoch 145: mIoU=36.887 pix=62.922 abs=0.5797 rel=0.2406 normal_mean=28.304 delta=8.596 wall_h=51.903
[146 1/398] semantic=0.350 depth=0.276 normal=0.127
[146 25/398] semantic=0.464 depth=0.263 normal=0.104
[146 50/398] semantic=0.536 depth=0.334 normal=0.145
[146 75/398] semantic=0.759 depth=0.434 normal=0.135
MGDA-WARM WEIGHTS step=57800 weights=[0.21734200417995453, 0.3489903509616852, 0.4336676001548767]
[146 100/398] semantic=0.330 depth=0.338 normal=0.112
[146 125/398] semantic=0.245 depth=0.298 normal=0.090
[146 150/398] semantic=0.369 depth=0.329 normal=0.128
[146 175/398] semantic=0.595 depth=0.240 normal=0.134
MGDA-WARM WEIGHTS step=57900 weights=[0.35799941420555115, 0.3747886121273041, 0.2672119736671448]
[146 200/398] semantic=0.724 depth=0.367 normal=0.181
[146 225/398] semantic=0.705 depth=0.516 normal=0.208
[146 250/398] semantic=0.685 depth=0.426 normal=0.190
[146 275/398] semantic=0.537 depth=0.331 normal=0.153
MGDA-WARM WEIGHTS step=58000 weights=[0.10221323370933533, 0.10231772065162659, 0.7954690456390381]
[146 300/398] semantic=1.147 depth=0.238 normal=0.202
[146 325/398] semantic=0.864 depth=0.272 normal=0.143
[146 350/398] semantic=0.562 depth=0.365 normal=0.144
[146 375/398] semantic=0.616 depth=0.368 normal=0.152
MGDA-WARM WEIGHTS step=58100 weights=[0.19915932416915894, 0.36070844531059265, 0.440132200717926]
[146 398/398] semantic=1.139 depth=0.440 normal=0.141
Epoch 146: mIoU=38.055 pix=63.730 abs=0.5980 rel=0.2543 normal_mean=28.183 delta=8.315 wall_h=52.213
[147 1/398] semantic=0.384 depth=0.330 normal=0.120
[147 25/398] semantic=0.540 depth=0.509 normal=0.189
[147 50/398] semantic=0.405 depth=0.269 normal=0.165
[147 75/398] semantic=0.276 depth=0.178 normal=0.121
MGDA-WARM WEIGHTS step=58200 weights=[0.29485344886779785, 0.22636276483535767, 0.4787837862968445]
[147 100/398] semantic=0.557 depth=0.272 normal=0.114
[147 125/398] semantic=0.391 depth=0.194 normal=0.140
[147 150/398] semantic=0.778 depth=0.204 normal=0.184
[147 175/398] semantic=0.503 depth=0.406 normal=0.131
MGDA-WARM WEIGHTS step=58300 weights=[0.9511900544166565, 0.04217492789030075, 0.006635015830397606]
[147 200/398] semantic=0.392 depth=0.372 normal=0.129
[147 225/398] semantic=0.605 depth=0.427 normal=0.169
[147 250/398] semantic=0.561 depth=0.334 normal=0.121
[147 275/398] semantic=0.599 depth=0.281 normal=0.143
MGDA-WARM WEIGHTS step=58400 weights=[0.0, 0.5402224063873291, 0.4597775936126709]
[147 300/398] semantic=0.880 depth=0.483 normal=0.138
[147 325/398] semantic=0.562 depth=0.488 normal=0.189
[147 350/398] semantic=0.499 depth=0.409 normal=0.147
[147 375/398] semantic=0.373 depth=0.498 normal=0.167
MGDA-WARM WEIGHTS step=58500 weights=[0.12876805663108826, 0.29142704606056213, 0.5798048973083496]
[147 398/398] semantic=0.369 depth=0.232 normal=0.152
Epoch 147: mIoU=37.976 pix=63.179 abs=0.5913 rel=0.2515 normal_mean=27.964 delta=7.874 wall_h=52.525
[148 1/398] semantic=0.375 depth=0.333 normal=0.096
[148 25/398] semantic=0.367 depth=0.333 normal=0.112
[148 50/398] semantic=0.646 depth=0.221 normal=0.099
[148 75/398] semantic=0.395 depth=0.354 normal=0.087
MGDA-WARM WEIGHTS step=58600 weights=[0.0, 0.8093020915985107, 0.19069792330265045]
[148 100/398] semantic=0.833 depth=0.485 normal=0.121
[148 125/398] semantic=0.846 depth=0.281 normal=0.117
[148 150/398] semantic=1.261 depth=0.326 normal=0.198
[148 175/398] semantic=0.317 depth=0.302 normal=0.180
MGDA-WARM WEIGHTS step=58700 weights=[0.5594636797904968, 0.041573040187358856, 0.39896324276924133]
[148 200/398] semantic=0.620 depth=0.387 normal=0.128
[148 225/398] semantic=0.547 depth=0.376 normal=0.170
[148 250/398] semantic=0.760 depth=0.516 normal=0.219
[148 275/398] semantic=0.517 depth=0.294 normal=0.199
MGDA-WARM WEIGHTS step=58800 weights=[0.7195875644683838, 0.04996015131473541, 0.2304522693157196]
[148 300/398] semantic=0.499 depth=0.268 normal=0.161
[148 325/398] semantic=0.330 depth=0.384 normal=0.133
[148 350/398] semantic=0.737 depth=0.247 normal=0.126
[148 375/398] semantic=0.777 depth=0.580 normal=0.169
MGDA-WARM WEIGHTS step=58900 weights=[0.3161548972129822, 0.33962416648864746, 0.34422093629837036]
[148 398/398] semantic=1.175 depth=0.186 normal=0.213
Epoch 148: mIoU=36.435 pix=62.079 abs=0.5849 rel=0.2259 normal_mean=29.407 delta=11.527 wall_h=52.833
[149 1/398] semantic=0.586 depth=0.300 normal=0.150
[149 25/398] semantic=0.648 depth=0.407 normal=0.176
[149 50/398] semantic=0.763 depth=0.475 normal=0.159
[149 75/398] semantic=0.672 depth=0.269 normal=0.164
MGDA-WARM WEIGHTS step=59000 weights=[0.3399939239025116, 0.26495084166526794, 0.39505523443222046]
[149 100/398] semantic=0.576 depth=0.634 normal=0.133
[149 125/398] semantic=0.459 depth=0.366 normal=0.141
[149 150/398] semantic=0.472 depth=0.233 normal=0.126
[149 175/398] semantic=0.364 depth=0.276 normal=0.161
MGDA-WARM WEIGHTS step=59100 weights=[0.47197896242141724, 0.20849426090717316, 0.3195267915725708]
[149 200/398] semantic=0.436 depth=0.355 normal=0.214
[149 225/398] semantic=0.331 depth=0.355 normal=0.112
[149 250/398] semantic=0.693 depth=0.632 normal=0.161
[149 275/398] semantic=0.381 depth=0.422 normal=0.133
MGDA-WARM WEIGHTS step=59200 weights=[0.6142340898513794, 0.0, 0.3857659101486206]
[149 300/398] semantic=0.348 depth=0.265 normal=0.088
[149 325/398] semantic=0.483 depth=0.335 normal=0.089
[149 350/398] semantic=0.605 depth=0.482 normal=0.161
[149 375/398] semantic=0.445 depth=0.302 normal=0.091
MGDA-WARM WEIGHTS step=59300 weights=[0.2021314799785614, 0.6442971229553223, 0.15357136726379395]
[149 398/398] semantic=1.529 depth=0.198 normal=0.119
Epoch 149: mIoU=37.411 pix=61.976 abs=0.5952 rel=0.2524 normal_mean=28.102 delta=8.604 wall_h=53.144
[150 1/398] semantic=0.442 depth=0.394 normal=0.158
[150 25/398] semantic=0.528 depth=0.549 normal=0.137
[150 50/398] semantic=0.539 depth=0.255 normal=0.177
[150 75/398] semantic=0.419 depth=0.356 normal=0.111
MGDA-WARM WEIGHTS step=59400 weights=[0.13418319821357727, 0.3434757590293884, 0.5223410129547119]
[150 100/398] semantic=0.539 depth=0.349 normal=0.139
[150 125/398] semantic=0.771 depth=0.257 normal=0.212
[150 150/398] semantic=0.473 depth=0.357 normal=0.095
[150 175/398] semantic=0.935 depth=0.407 normal=0.168
MGDA-WARM WEIGHTS step=59500 weights=[0.07109507918357849, 0.3157440721988678, 0.6131608486175537]
[150 200/398] semantic=0.534 depth=0.439 normal=0.143
[150 225/398] semantic=0.524 depth=0.401 normal=0.140
[150 250/398] semantic=0.295 depth=0.195 normal=0.130
[150 275/398] semantic=0.677 depth=0.713 normal=0.257
MGDA-WARM WEIGHTS step=59600 weights=[0.4149833917617798, 0.4197195768356323, 0.1652970016002655]
[150 300/398] semantic=0.661 depth=0.246 normal=0.165
[150 325/398] semantic=0.557 depth=0.468 normal=0.143
[150 350/398] semantic=0.240 depth=0.214 normal=0.112
[150 375/398] semantic=0.346 depth=0.321 normal=0.113
MGDA-WARM WEIGHTS step=59700 weights=[0.325269877910614, 0.6168078184127808, 0.05792213976383209]
[150 398/398] semantic=0.355 depth=0.318 normal=0.124
Epoch 150: mIoU=36.942 pix=62.070 abs=0.5651 rel=0.2337 normal_mean=29.360 delta=11.099 wall_h=53.452
[151 1/398] semantic=0.414 depth=0.411 normal=0.165
[151 25/398] semantic=0.299 depth=0.343 normal=0.105
[151 50/398] semantic=0.339 depth=0.232 normal=0.140
[151 75/398] semantic=0.670 depth=0.212 normal=0.157
MGDA-WARM WEIGHTS step=59800 weights=[0.6366340517997742, 0.36336594820022583, 0.0]
[151 100/398] semantic=0.613 depth=0.317 normal=0.141
[151 125/398] semantic=0.565 depth=0.298 normal=0.132
[151 150/398] semantic=0.545 depth=0.300 normal=0.101
[151 175/398] semantic=0.363 depth=0.284 normal=0.094
MGDA-WARM WEIGHTS step=59900 weights=[0.29126426577568054, 0.2680015563964844, 0.4407341778278351]
[151 200/398] semantic=0.647 depth=0.311 normal=0.108
[151 225/398] semantic=0.419 depth=0.442 normal=0.185
[151 250/398] semantic=0.911 depth=0.246 normal=0.202
[151 275/398] semantic=0.417 depth=0.237 normal=0.113
MGDA-WARM WEIGHTS step=60000 weights=[0.28595519065856934, 0.21401949226856232, 0.5000253319740295]
[151 300/398] semantic=0.937 depth=0.256 normal=0.149
[151 325/398] semantic=0.433 depth=0.333 normal=0.164
[151 350/398] semantic=0.628 depth=0.402 normal=0.180
[151 375/398] semantic=0.660 depth=0.360 normal=0.156
[151 398/398] semantic=0.617 depth=0.944 normal=0.121
Epoch 151: mIoU=38.086 pix=64.101 abs=0.6168 rel=0.2356 normal_mean=28.660 delta=9.240 wall_h=53.755
[152 1/398] semantic=0.402 depth=0.235 normal=0.104
MGDA-WARM WEIGHTS step=60100 weights=[0.47098639607429504, 0.18694601953029633, 0.34206753969192505]
[152 25/398] semantic=0.437 depth=0.301 normal=0.141
[152 50/398] semantic=0.490 depth=0.480 normal=0.130
[152 75/398] semantic=0.295 depth=0.348 normal=0.120
[152 100/398] semantic=0.279 depth=0.176 normal=0.082
MGDA-WARM WEIGHTS step=60200 weights=[0.0, 0.4853508472442627, 0.5146491527557373]
[152 125/398] semantic=0.542 depth=0.231 normal=0.121
[152 150/398] semantic=0.407 depth=0.223 normal=0.124
[152 175/398] semantic=0.916 depth=0.505 normal=0.262
[152 200/398] semantic=0.592 depth=0.188 normal=0.116
MGDA-WARM WEIGHTS step=60300 weights=[0.1827305257320404, 0.21069258451461792, 0.6065768599510193]
[152 225/398] semantic=0.571 depth=0.259 normal=0.207
[152 250/398] semantic=0.368 depth=0.286 normal=0.169
[152 275/398] semantic=0.609 depth=0.422 normal=0.102
[152 300/398] semantic=0.609 depth=0.330 normal=0.175
MGDA-WARM WEIGHTS step=60400 weights=[0.6940710544586182, 0.27324992418289185, 0.032679054886102676]
[152 325/398] semantic=0.852 depth=0.366 normal=0.177
[152 350/398] semantic=0.337 depth=0.315 normal=0.151
[152 375/398] semantic=0.238 depth=0.260 normal=0.100
[152 398/398] semantic=1.187 depth=0.373 normal=0.190
Epoch 152: mIoU=38.853 pix=63.687 abs=0.5814 rel=0.2463 normal_mean=28.307 delta=8.071 wall_h=54.051
[153 1/398] semantic=0.415 depth=0.331 normal=0.087
MGDA-WARM WEIGHTS step=60500 weights=[0.9527365565299988, 0.0, 0.04726344347000122]
[153 25/398] semantic=0.580 depth=0.493 normal=0.136
[153 50/398] semantic=0.646 depth=0.318 normal=0.141
[153 75/398] semantic=1.496 depth=0.270 normal=0.188
[153 100/398] semantic=0.623 depth=0.400 normal=0.199
MGDA-WARM WEIGHTS step=60600 weights=[0.05527343600988388, 0.5676153898239136, 0.37711116671562195]
[153 125/398] semantic=0.641 depth=0.532 normal=0.196
[153 150/398] semantic=0.824 depth=0.204 normal=0.184
[153 175/398] semantic=0.690 depth=0.367 normal=0.126
[153 200/398] semantic=0.350 depth=0.285 normal=0.132
MGDA-WARM WEIGHTS step=60700 weights=[0.17552286386489868, 0.3396400213241577, 0.484837144613266]
[153 225/398] semantic=0.372 depth=0.196 normal=0.096
[153 250/398] semantic=0.341 depth=0.292 normal=0.141
[153 275/398] semantic=0.615 depth=0.325 normal=0.095
[153 300/398] semantic=0.460 depth=0.388 normal=0.150
MGDA-WARM WEIGHTS step=60800 weights=[0.0, 0.4165598154067993, 0.5834401845932007]
[153 325/398] semantic=0.481 depth=0.287 normal=0.162
[153 350/398] semantic=0.687 depth=0.315 normal=0.133
[153 375/398] semantic=0.470 depth=0.382 normal=0.130
[153 398/398] semantic=0.292 depth=0.182 normal=0.106
Epoch 153: mIoU=39.165 pix=64.010 abs=0.5591 rel=0.2288 normal_mean=28.851 delta=8.587 wall_h=54.340
[154 1/398] semantic=0.619 depth=0.307 normal=0.123
MGDA-WARM WEIGHTS step=60900 weights=[0.42081746459007263, 0.22414946556091309, 0.3550330400466919]
[154 25/398] semantic=0.311 depth=0.330 normal=0.132
[154 50/398] semantic=0.316 depth=0.244 normal=0.103
[154 75/398] semantic=0.473 depth=0.251 normal=0.135
[154 100/398] semantic=0.474 depth=0.307 normal=0.219
MGDA-WARM WEIGHTS step=61000 weights=[0.2738857865333557, 0.36255502700805664, 0.36355915665626526]
[154 125/398] semantic=0.377 depth=0.244 normal=0.086
[154 150/398] semantic=0.741 depth=0.378 normal=0.146
[154 175/398] semantic=0.409 depth=0.335 normal=0.134
[154 200/398] semantic=0.712 depth=0.302 normal=0.153
MGDA-WARM WEIGHTS step=61100 weights=[0.234412282705307, 0.2923579514026642, 0.4732297956943512]
[154 225/398] semantic=0.535 depth=0.241 normal=0.172
[154 250/398] semantic=0.603 depth=0.455 normal=0.221
[154 275/398] semantic=0.701 depth=0.386 normal=0.166
[154 300/398] semantic=0.882 depth=0.303 normal=0.125
MGDA-WARM WEIGHTS step=61200 weights=[0.07578334212303162, 0.49897080659866333, 0.42524591088294983]
[154 325/398] semantic=1.059 depth=0.562 normal=0.282
[154 350/398] semantic=0.336 depth=0.191 normal=0.096
[154 375/398] semantic=0.419 depth=0.369 normal=0.169
[154 398/398] semantic=0.994 depth=0.333 normal=0.174
Epoch 154: mIoU=37.473 pix=63.123 abs=0.6237 rel=0.2696 normal_mean=27.609 delta=8.144 wall_h=54.634
[155 1/398] semantic=0.308 depth=0.183 normal=0.115
MGDA-WARM WEIGHTS step=61300 weights=[0.023970872163772583, 0.31252816319465637, 0.663500964641571]
[155 25/398] semantic=0.384 depth=0.182 normal=0.096
[155 50/398] semantic=0.344 depth=0.180 normal=0.116
[155 75/398] semantic=0.733 depth=0.331 normal=0.245
[155 100/398] semantic=0.390 depth=0.278 normal=0.110
MGDA-WARM WEIGHTS step=61400 weights=[0.17275190353393555, 0.23363086581230164, 0.5936172604560852]
[155 125/398] semantic=0.401 depth=0.302 normal=0.089
[155 150/398] semantic=0.646 depth=0.269 normal=0.111
[155 175/398] semantic=0.238 depth=0.331 normal=0.113
[155 200/398] semantic=0.397 depth=0.452 normal=0.151
MGDA-WARM WEIGHTS step=61500 weights=[0.024384181946516037, 0.5690751671791077, 0.4065406620502472]
[155 225/398] semantic=0.561 depth=0.293 normal=0.201
[155 250/398] semantic=0.606 depth=0.442 normal=0.181
[155 275/398] semantic=0.716 depth=0.353 normal=0.109
[155 300/398] semantic=0.513 depth=0.238 normal=0.168
MGDA-WARM WEIGHTS step=61600 weights=[0.3398294150829315, 0.17686906456947327, 0.48330146074295044]
[155 325/398] semantic=0.356 depth=0.408 normal=0.095
[155 350/398] semantic=0.622 depth=0.245 normal=0.161
[155 375/398] semantic=0.592 depth=0.580 normal=0.272
[155 398/398] semantic=0.420 depth=0.362 normal=0.174
Epoch 155: mIoU=38.935 pix=64.138 abs=0.5891 rel=0.2556 normal_mean=28.183 delta=8.318 wall_h=54.936
[156 1/398] semantic=0.628 depth=0.227 normal=0.206
MGDA-WARM WEIGHTS step=61700 weights=[0.2927687466144562, 0.1581430286169052, 0.5490882396697998]
[156 25/398] semantic=0.253 depth=0.272 normal=0.088
[156 50/398] semantic=0.469 depth=0.391 normal=0.130
[156 75/398] semantic=0.798 depth=0.323 normal=0.149
[156 100/398] semantic=0.464 depth=0.270 normal=0.129
MGDA-WARM WEIGHTS step=61800 weights=[0.14329615235328674, 0.42377281188964844, 0.43293100595474243]
[156 125/398] semantic=0.771 depth=0.281 normal=0.144
[156 150/398] semantic=0.350 depth=0.147 normal=0.108
[156 175/398] semantic=0.572 depth=0.319 normal=0.152
[156 200/398] semantic=0.382 depth=0.204 normal=0.126
MGDA-WARM WEIGHTS step=61900 weights=[0.4863269031047821, 0.12237458676099777, 0.39129847288131714]
[156 225/398] semantic=0.720 depth=0.460 normal=0.197
[156 250/398] semantic=0.563 depth=0.533 normal=0.157
[156 275/398] semantic=0.411 depth=0.242 normal=0.098
[156 300/398] semantic=0.397 depth=0.373 normal=0.140
MGDA-WARM WEIGHTS step=62000 weights=[0.9093241691589355, 0.0, 0.09067584574222565]
[156 325/398] semantic=0.609 depth=0.247 normal=0.103
[156 350/398] semantic=0.276 depth=0.254 normal=0.080
[156 375/398] semantic=0.493 depth=0.278 normal=0.121
[156 398/398] semantic=0.820 depth=0.466 normal=0.196
Epoch 156: mIoU=38.894 pix=63.018 abs=0.5727 rel=0.2444 normal_mean=28.044 delta=7.106 wall_h=55.247
[157 1/398] semantic=0.509 depth=0.309 normal=0.143
MGDA-WARM WEIGHTS step=62100 weights=[0.17230641841888428, 0.20049479603767395, 0.6271988153457642]
[157 25/398] semantic=0.506 depth=0.300 normal=0.145
[157 50/398] semantic=0.612 depth=0.309 normal=0.150
[157 75/398] semantic=0.731 depth=0.281 normal=0.198
[157 100/398] semantic=0.462 depth=0.204 normal=0.108
MGDA-WARM WEIGHTS step=62200 weights=[0.21294105052947998, 0.21085695922374725, 0.5762019753456116]
[157 125/398] semantic=0.636 depth=0.414 normal=0.199
[157 150/398] semantic=0.739 depth=0.328 normal=0.173
[157 175/398] semantic=0.883 depth=0.287 normal=0.163
[157 200/398] semantic=0.458 depth=0.339 normal=0.151
MGDA-WARM WEIGHTS step=62300 weights=[0.13802248239517212, 0.8619775772094727, 0.0]
[157 225/398] semantic=0.393 depth=0.358 normal=0.107
[157 250/398] semantic=0.476 depth=0.205 normal=0.165
[157 275/398] semantic=0.320 depth=0.201 normal=0.114
[157 300/398] semantic=0.588 depth=0.345 normal=0.167
MGDA-WARM WEIGHTS step=62400 weights=[0.30147096514701843, 0.0, 0.698529064655304]
[157 325/398] semantic=0.416 depth=0.190 normal=0.107
[157 350/398] semantic=0.441 depth=0.240 normal=0.125
[157 375/398] semantic=0.264 depth=0.202 normal=0.092
[157 398/398] semantic=1.262 depth=0.212 normal=0.160
Epoch 157: mIoU=35.676 pix=60.987 abs=0.5756 rel=0.2393 normal_mean=28.732 delta=10.312 wall_h=55.550
[158 1/398] semantic=0.632 depth=0.381 normal=0.183
MGDA-WARM WEIGHTS step=62500 weights=[0.0, 0.767192006111145, 0.23280805349349976]
[158 25/398] semantic=0.430 depth=0.310 normal=0.107
[158 50/398] semantic=0.490 depth=0.250 normal=0.107
[158 75/398] semantic=0.956 depth=0.466 normal=0.196
[158 100/398] semantic=0.542 depth=0.262 normal=0.167
MGDA-WARM WEIGHTS step=62600 weights=[0.4700300395488739, 0.13313674926757812, 0.396833211183548]
[158 125/398] semantic=0.737 depth=0.233 normal=0.122
[158 150/398] semantic=0.776 depth=0.381 normal=0.109
[158 175/398] semantic=0.401 depth=0.188 normal=0.087
[158 200/398] semantic=0.316 depth=0.315 normal=0.135
MGDA-WARM WEIGHTS step=62700 weights=[0.4725354015827179, 0.36750271916389465, 0.15996187925338745]
[158 225/398] semantic=0.458 depth=0.277 normal=0.098
[158 250/398] semantic=0.795 depth=0.417 normal=0.176
[158 275/398] semantic=0.547 depth=0.375 normal=0.269
[158 300/398] semantic=0.440 depth=0.287 normal=0.151
MGDA-WARM WEIGHTS step=62800 weights=[0.12953750789165497, 0.5357410311698914, 0.3347214460372925]
[158 325/398] semantic=0.497 depth=0.500 normal=0.168
[158 350/398] semantic=0.535 depth=0.265 normal=0.212
[158 375/398] semantic=0.264 depth=0.235 normal=0.105
[158 398/398] semantic=0.545 depth=0.238 normal=0.140
Epoch 158: mIoU=39.904 pix=64.928 abs=0.5627 rel=0.2354 normal_mean=28.278 delta=6.683 wall_h=55.856
[159 1/398] semantic=0.233 depth=0.305 normal=0.098
MGDA-WARM WEIGHTS step=62900 weights=[0.1252521276473999, 0.2595149874687195, 0.6152328848838806]
[159 25/398] semantic=0.519 depth=0.702 normal=0.190
[159 50/398] semantic=0.510 depth=0.390 normal=0.194
[159 75/398] semantic=0.869 depth=0.562 normal=0.123
[159 100/398] semantic=0.624 depth=0.275 normal=0.169
MGDA-WARM WEIGHTS step=63000 weights=[0.14683043956756592, 0.46234264969825745, 0.39082688093185425]
[159 125/398] semantic=0.612 depth=0.511 normal=0.177
[159 150/398] semantic=0.210 depth=0.210 normal=0.107
[159 175/398] semantic=0.577 depth=0.481 normal=0.171
[159 200/398] semantic=0.322 depth=0.310 normal=0.132
MGDA-WARM WEIGHTS step=63100 weights=[0.0, 0.27397453784942627, 0.7260254621505737]
[159 225/398] semantic=0.331 depth=0.401 normal=0.154
[159 250/398] semantic=0.549 depth=0.377 normal=0.139
[159 275/398] semantic=0.448 depth=0.294 normal=0.099
[159 300/398] semantic=0.857 depth=0.344 normal=0.172
MGDA-WARM WEIGHTS step=63200 weights=[0.37302494049072266, 0.11142884939908981, 0.5155462026596069]
[159 325/398] semantic=0.311 depth=0.252 normal=0.074
[159 350/398] semantic=0.641 depth=0.251 normal=0.166
[159 375/398] semantic=0.613 depth=0.407 normal=0.186
[159 398/398] semantic=0.979 depth=0.325 normal=0.244
Epoch 159: mIoU=38.711 pix=63.724 abs=0.5695 rel=0.2303 normal_mean=28.822 delta=8.811 wall_h=56.164
[160 1/398] semantic=0.434 depth=0.237 normal=0.153
MGDA-WARM WEIGHTS step=63300 weights=[0.3241601288318634, 0.2759416401386261, 0.3998982310295105]
[160 25/398] semantic=0.537 depth=0.483 normal=0.185
[160 50/398] semantic=0.417 depth=0.309 normal=0.124
[160 75/398] semantic=0.341 depth=0.255 normal=0.137
[160 100/398] semantic=0.361 depth=0.289 normal=0.151
MGDA-WARM WEIGHTS step=63400 weights=[0.26554909348487854, 0.5164908170700073, 0.21796005964279175]
[160 125/398] semantic=0.362 depth=0.346 normal=0.118
[160 150/398] semantic=0.537 depth=0.177 normal=0.174
[160 175/398] semantic=0.465 depth=0.289 normal=0.104
[160 200/398] semantic=0.474 depth=0.366 normal=0.171
MGDA-WARM WEIGHTS step=63500 weights=[0.15455743670463562, 0.2142934948205948, 0.6311490535736084]
[160 225/398] semantic=0.389 depth=0.262 normal=0.125
[160 250/398] semantic=0.362 depth=0.379 normal=0.142
[160 275/398] semantic=0.500 depth=0.310 normal=0.183
[160 300/398] semantic=0.541 depth=0.433 normal=0.162
MGDA-WARM WEIGHTS step=63600 weights=[0.03826364874839783, 0.5972516536712646, 0.36448463797569275]
[160 325/398] semantic=0.547 depth=0.225 normal=0.118
[160 350/398] semantic=0.340 depth=0.378 normal=0.111
[160 375/398] semantic=0.798 depth=0.333 normal=0.142
[160 398/398] semantic=0.286 depth=0.277 normal=0.125
Epoch 160: mIoU=38.775 pix=64.505 abs=0.6037 rel=0.2626 normal_mean=28.098 delta=8.492 wall_h=56.475
[161 1/398] semantic=0.594 depth=0.328 normal=0.130
MGDA-WARM WEIGHTS step=63700 weights=[0.4094352424144745, 0.0, 0.5905647873878479]
[161 25/398] semantic=0.552 depth=0.235 normal=0.160
[161 50/398] semantic=0.971 depth=0.554 normal=0.218
[161 75/398] semantic=0.445 depth=0.367 normal=0.161
[161 100/398] semantic=0.416 depth=0.224 normal=0.116
MGDA-WARM WEIGHTS step=63800 weights=[0.3794911503791809, 0.16066353023052216, 0.45984527468681335]
[161 125/398] semantic=0.224 depth=0.219 normal=0.115
[161 150/398] semantic=0.642 depth=0.451 normal=0.160
[161 175/398] semantic=0.800 depth=0.201 normal=0.151
[161 200/398] semantic=0.637 depth=0.384 normal=0.126
MGDA-WARM WEIGHTS step=63900 weights=[0.05746816471219063, 0.6184245944023132, 0.32410722970962524]
[161 225/398] semantic=0.381 depth=0.235 normal=0.126
[161 250/398] semantic=0.472 depth=0.194 normal=0.100
[161 275/398] semantic=0.827 depth=0.275 normal=0.157
[161 300/398] semantic=0.851 depth=0.326 normal=0.179
MGDA-WARM WEIGHTS step=64000 weights=[0.42932331562042236, 0.12830613553524017, 0.44237059354782104]
[161 325/398] semantic=0.690 depth=0.306 normal=0.114
[161 350/398] semantic=0.579 depth=0.380 normal=0.216
[161 375/398] semantic=0.753 depth=0.221 normal=0.147
[161 398/398] semantic=0.402 depth=0.157 normal=0.186
Epoch 161: mIoU=38.686 pix=63.031 abs=0.5744 rel=0.2394 normal_mean=28.484 delta=8.437 wall_h=56.787
[162 1/398] semantic=0.433 depth=0.187 normal=0.163
MGDA-WARM WEIGHTS step=64100 weights=[0.46578866243362427, 0.20518600940704346, 0.3290253281593323]
[162 25/398] semantic=0.362 depth=0.437 normal=0.163
[162 50/398] semantic=0.552 depth=0.335 normal=0.158
[162 75/398] semantic=0.579 depth=0.384 normal=0.148
[162 100/398] semantic=0.464 depth=0.522 normal=0.159
MGDA-WARM WEIGHTS step=64200 weights=[0.5101367831230164, 0.10706551373004913, 0.3827977776527405]
[162 125/398] semantic=0.852 depth=0.321 normal=0.138
[162 150/398] semantic=0.667 depth=0.406 normal=0.198
[162 175/398] semantic=0.640 depth=0.276 normal=0.126
[162 200/398] semantic=0.512 depth=0.290 normal=0.112
MGDA-WARM WEIGHTS step=64300 weights=[0.6817047595977783, 0.0, 0.3182952404022217]
[162 225/398] semantic=0.926 depth=0.409 normal=0.217
[162 250/398] semantic=0.749 depth=0.291 normal=0.218
[162 275/398] semantic=0.299 depth=0.248 normal=0.097
[162 300/398] semantic=0.786 depth=0.454 normal=0.198
MGDA-WARM WEIGHTS step=64400 weights=[0.21999181807041168, 0.6657026410102844, 0.1143055409193039]
[162 325/398] semantic=0.734 depth=0.278 normal=0.147
[162 350/398] semantic=0.472 depth=0.278 normal=0.097
[162 375/398] semantic=0.480 depth=0.408 normal=0.214
[162 398/398] semantic=0.611 depth=0.179 normal=0.125
Epoch 162: mIoU=39.634 pix=64.233 abs=0.5838 rel=0.2436 normal_mean=27.790 delta=6.302 wall_h=57.093
[163 1/398] semantic=0.232 depth=0.318 normal=0.078
MGDA-WARM WEIGHTS step=64500 weights=[0.556165337562561, 0.0, 0.44383466243743896]
[163 25/398] semantic=0.386 depth=0.354 normal=0.129
[163 50/398] semantic=0.339 depth=0.307 normal=0.167
[163 75/398] semantic=0.510 depth=0.340 normal=0.166
[163 100/398] semantic=0.424 depth=0.165 normal=0.106
MGDA-WARM WEIGHTS step=64600 weights=[0.0, 0.4348663091659546, 0.5651336908340454]
[163 125/398] semantic=0.538 depth=0.514 normal=0.163
[163 150/398] semantic=0.367 depth=0.416 normal=0.109
[163 175/398] semantic=1.066 depth=0.327 normal=0.194
[163 200/398] semantic=0.701 depth=0.317 normal=0.165
MGDA-WARM WEIGHTS step=64700 weights=[0.27487504482269287, 0.5193555355072021, 0.20576944947242737]
[163 225/398] semantic=0.237 depth=0.238 normal=0.079
[163 250/398] semantic=0.672 depth=0.217 normal=0.143
[163 275/398] semantic=0.323 depth=0.244 normal=0.177
[163 300/398] semantic=0.512 depth=0.375 normal=0.166
MGDA-WARM WEIGHTS step=64800 weights=[0.2881429195404053, 0.5609067678451538, 0.1509503424167633]
[163 325/398] semantic=0.519 depth=0.418 normal=0.138
[163 350/398] semantic=0.385 depth=0.349 normal=0.121
[163 375/398] semantic=0.921 depth=0.344 normal=0.152
[163 398/398] semantic=0.519 depth=0.316 normal=0.115
Epoch 163: mIoU=38.923 pix=64.103 abs=0.5839 rel=0.2408 normal_mean=28.048 delta=7.303 wall_h=57.399
[164 1/398] semantic=0.472 depth=0.384 normal=0.117
[164 25/398] semantic=0.608 depth=0.246 normal=0.136
MGDA-WARM WEIGHTS step=64900 weights=[0.7035931348800659, 0.0, 0.29640689492225647]
[164 50/398] semantic=0.301 depth=0.317 normal=0.108
[164 75/398] semantic=0.429 depth=0.659 normal=0.146
[164 100/398] semantic=0.192 depth=0.315 normal=0.110
[164 125/398] semantic=0.355 depth=0.294 normal=0.172
MGDA-WARM WEIGHTS step=65000 weights=[0.06741702556610107, 0.4750922918319702, 0.4574907124042511]
[164 150/398] semantic=0.399 depth=0.219 normal=0.133
[164 175/398] semantic=0.445 depth=0.269 normal=0.135
[164 200/398] semantic=0.428 depth=0.234 normal=0.105
[164 225/398] semantic=0.429 depth=0.273 normal=0.138
MGDA-WARM WEIGHTS step=65100 weights=[0.06599561125040054, 0.4980568587779999, 0.4359475076198578]
[164 250/398] semantic=0.807 depth=0.199 normal=0.091
[164 275/398] semantic=0.478 depth=0.390 normal=0.187
[164 300/398] semantic=0.508 depth=0.464 normal=0.154
[164 325/398] semantic=0.835 depth=0.393 normal=0.213
MGDA-WARM WEIGHTS step=65200 weights=[0.04127534478902817, 0.26835283637046814, 0.6903717517852783]
[164 350/398] semantic=0.336 depth=0.255 normal=0.127
[164 375/398] semantic=0.451 depth=0.318 normal=0.106
[164 398/398] semantic=0.481 depth=0.272 normal=0.144
Epoch 164: mIoU=39.018 pix=64.685 abs=0.5976 rel=0.2584 normal_mean=27.752 delta=6.948 wall_h=57.696
[165 1/398] semantic=1.352 depth=0.465 normal=0.204
[165 25/398] semantic=0.696 depth=0.382 normal=0.211
MGDA-WARM WEIGHTS step=65300 weights=[0.27021393179893494, 0.0, 0.7297860383987427]
[165 50/398] semantic=0.401 depth=0.344 normal=0.093
[165 75/398] semantic=0.506 depth=0.318 normal=0.194
[165 100/398] semantic=0.373 depth=0.326 normal=0.152
[165 125/398] semantic=0.245 depth=0.241 normal=0.103
MGDA-WARM WEIGHTS step=65400 weights=[0.0, 0.38936683535575867, 0.610633134841919]
[165 150/398] semantic=0.614 depth=0.198 normal=0.154
[165 175/398] semantic=0.885 depth=0.360 normal=0.131
[165 200/398] semantic=0.656 depth=0.269 normal=0.178
[165 225/398] semantic=0.561 depth=0.249 normal=0.115
MGDA-WARM WEIGHTS step=65500 weights=[0.4161757230758667, 0.31458190083503723, 0.26924243569374084]
[165 250/398] semantic=0.416 depth=0.258 normal=0.132
[165 275/398] semantic=0.305 depth=0.239 normal=0.101
[165 300/398] semantic=0.567 depth=0.381 normal=0.154
[165 325/398] semantic=0.403 depth=0.263 normal=0.102
MGDA-WARM WEIGHTS step=65600 weights=[0.48930954933166504, 0.33255791664123535, 0.17813247442245483]
[165 350/398] semantic=0.636 depth=0.329 normal=0.141
[165 375/398] semantic=0.400 depth=0.349 normal=0.130
[165 398/398] semantic=1.756 depth=0.733 normal=0.128
Epoch 165: mIoU=38.154 pix=62.872 abs=0.6010 rel=0.2405 normal_mean=29.280 delta=11.507 wall_h=58.003
[166 1/398] semantic=0.772 depth=0.395 normal=0.135
[166 25/398] semantic=0.671 depth=0.286 normal=0.180
MGDA-WARM WEIGHTS step=65700 weights=[0.0, 0.521673321723938, 0.478326678276062]
[166 50/398] semantic=0.203 depth=0.389 normal=0.093
[166 75/398] semantic=0.339 depth=0.283 normal=0.109
[166 100/398] semantic=0.475 depth=0.613 normal=0.131
[166 125/398] semantic=0.646 depth=0.341 normal=0.147
MGDA-WARM WEIGHTS step=65800 weights=[0.1473553478717804, 0.3228522837162018, 0.5297924280166626]
[166 150/398] semantic=1.056 depth=0.292 normal=0.185
[166 175/398] semantic=0.506 depth=0.199 normal=0.146
[166 200/398] semantic=0.260 depth=0.232 normal=0.106
[166 225/398] semantic=0.672 depth=0.253 normal=0.157
MGDA-WARM WEIGHTS step=65900 weights=[0.8276311755180359, 0.14275294542312622, 0.02961590886116028]
[166 250/398] semantic=0.870 depth=0.234 normal=0.145
[166 275/398] semantic=0.621 depth=0.339 normal=0.238
[166 300/398] semantic=0.202 depth=0.215 normal=0.090
[166 325/398] semantic=0.483 depth=0.289 normal=0.169
MGDA-WARM WEIGHTS step=66000 weights=[0.6050060987472534, 0.0, 0.3949939012527466]
[166 350/398] semantic=0.494 depth=0.273 normal=0.136
[166 375/398] semantic=0.694 depth=0.201 normal=0.131
[166 398/398] semantic=0.435 depth=0.299 normal=0.148
Epoch 166: mIoU=36.495 pix=63.818 abs=0.5888 rel=0.2445 normal_mean=29.074 delta=10.357 wall_h=58.305
[167 1/398] semantic=0.308 depth=0.217 normal=0.126
[167 25/398] semantic=0.236 depth=0.276 normal=0.073
MGDA-WARM WEIGHTS step=66100 weights=[0.38310152292251587, 0.06638669967651367, 0.5505118370056152]
[167 50/398] semantic=0.516 depth=0.245 normal=0.109
[167 75/398] semantic=0.389 depth=0.245 normal=0.106
[167 100/398] semantic=0.449 depth=0.455 normal=0.162
[167 125/398] semantic=0.466 depth=0.388 normal=0.157
MGDA-WARM WEIGHTS step=66200 weights=[0.19619137048721313, 0.18646138906478882, 0.6173473000526428]
[167 150/398] semantic=0.370 depth=0.417 normal=0.205
[167 175/398] semantic=0.233 depth=0.374 normal=0.175
[167 200/398] semantic=0.487 depth=0.314 normal=0.099
[167 225/398] semantic=0.440 depth=0.365 normal=0.166
MGDA-WARM WEIGHTS step=66300 weights=[0.6656883955001831, 0.0, 0.3343116343021393]
[167 250/398] semantic=0.618 depth=0.295 normal=0.206
[167 275/398] semantic=0.549 depth=0.280 normal=0.182
[167 300/398] semantic=0.522 depth=0.233 normal=0.072
[167 325/398] semantic=0.336 depth=0.412 normal=0.148
MGDA-WARM WEIGHTS step=66400 weights=[0.2045236974954605, 0.2394811362028122, 0.5559951663017273]
[167 350/398] semantic=0.718 depth=0.396 normal=0.217
[167 375/398] semantic=0.432 depth=0.465 normal=0.129
[167 398/398] semantic=0.968 depth=0.297 normal=0.164
Epoch 167: mIoU=38.064 pix=63.798 abs=0.5748 rel=0.2355 normal_mean=27.917 delta=6.994 wall_h=58.606
[168 1/398] semantic=0.379 depth=0.404 normal=0.189
[168 25/398] semantic=0.793 depth=0.705 normal=0.170
MGDA-WARM WEIGHTS step=66500 weights=[0.32469692826271057, 0.32075372338294983, 0.3545492887496948]
[168 50/398] semantic=0.454 depth=0.303 normal=0.143
[168 75/398] semantic=0.323 depth=0.693 normal=0.180
[168 100/398] semantic=0.404 depth=0.385 normal=0.143
[168 125/398] semantic=0.707 depth=0.481 normal=0.186
MGDA-WARM WEIGHTS step=66600 weights=[0.0, 0.9595118761062622, 0.04048807919025421]
[168 150/398] semantic=0.565 depth=0.329 normal=0.164
[168 175/398] semantic=0.422 depth=0.479 normal=0.096
[168 200/398] semantic=0.445 depth=0.252 normal=0.143
[168 225/398] semantic=0.646 depth=0.362 normal=0.140
MGDA-WARM WEIGHTS step=66700 weights=[0.06794258207082748, 0.590955376625061, 0.34110206365585327]
[168 250/398] semantic=0.789 depth=0.346 normal=0.164
[168 275/398] semantic=0.486 depth=0.378 normal=0.166
[168 300/398] semantic=0.223 depth=0.222 normal=0.088
[168 325/398] semantic=0.353 depth=0.359 normal=0.083
MGDA-WARM WEIGHTS step=66800 weights=[0.16145572066307068, 0.0, 0.8385443091392517]
[168 350/398] semantic=0.626 depth=0.374 normal=0.192
[168 375/398] semantic=0.397 depth=0.261 normal=0.106
[168 398/398] semantic=0.179 depth=0.222 normal=0.118
Epoch 168: mIoU=37.563 pix=63.542 abs=0.5657 rel=0.2388 normal_mean=28.104 delta=7.450 wall_h=58.907
[169 1/398] semantic=0.299 depth=0.213 normal=0.093
[169 25/398] semantic=0.445 depth=0.298 normal=0.122
MGDA-WARM WEIGHTS step=66900 weights=[0.0927458107471466, 0.8671460151672363, 0.04010814428329468]
[169 50/398] semantic=0.747 depth=0.356 normal=0.145
[169 75/398] semantic=0.659 depth=0.480 normal=0.141
[169 100/398] semantic=0.356 depth=0.468 normal=0.097
[169 125/398] semantic=0.391 depth=0.273 normal=0.171
MGDA-WARM WEIGHTS step=67000 weights=[0.4911908507347107, 0.1776193231344223, 0.3311898708343506]
[169 150/398] semantic=0.295 depth=0.429 normal=0.147
[169 175/398] semantic=1.125 depth=0.336 normal=0.185
[169 200/398] semantic=0.561 depth=0.360 normal=0.187
[169 225/398] semantic=0.769 depth=0.727 normal=0.229
MGDA-WARM WEIGHTS step=67100 weights=[0.15578685700893402, 0.3261083662509918, 0.5181047916412354]
[169 250/398] semantic=0.411 depth=0.242 normal=0.088
[169 275/398] semantic=0.395 depth=0.375 normal=0.105
[169 300/398] semantic=0.645 depth=0.393 normal=0.144
[169 325/398] semantic=0.439 depth=0.193 normal=0.095
MGDA-WARM WEIGHTS step=67200 weights=[0.3032222390174866, 0.08538354933261871, 0.6113942265510559]
[169 350/398] semantic=0.571 depth=0.403 normal=0.152
[169 375/398] semantic=0.532 depth=0.279 normal=0.161
[169 398/398] semantic=0.901 depth=0.477 normal=0.200
Epoch 169: mIoU=39.447 pix=64.051 abs=0.5942 rel=0.2543 normal_mean=28.276 delta=8.442 wall_h=59.211
[170 1/398] semantic=0.538 depth=0.292 normal=0.127
[170 25/398] semantic=0.270 depth=0.429 normal=0.082
MGDA-WARM WEIGHTS step=67300 weights=[0.4681471288204193, 0.3433941602706909, 0.18845874071121216]
[170 50/398] semantic=0.261 depth=0.220 normal=0.134
[170 75/398] semantic=0.544 depth=0.365 normal=0.115
[170 100/398] semantic=0.410 depth=0.394 normal=0.275
[170 125/398] semantic=0.360 depth=0.264 normal=0.094
MGDA-WARM WEIGHTS step=67400 weights=[0.23528796434402466, 0.2334367036819458, 0.5312753319740295]
[170 150/398] semantic=0.275 depth=0.229 normal=0.097
[170 175/398] semantic=0.284 depth=0.227 normal=0.131
[170 200/398] semantic=0.597 depth=0.323 normal=0.157
[170 225/398] semantic=0.884 depth=0.405 normal=0.227
MGDA-WARM WEIGHTS step=67500 weights=[0.48464539647102356, 0.033632777631282806, 0.48172181844711304]
[170 250/398] semantic=0.692 depth=0.395 normal=0.200
[170 275/398] semantic=0.230 depth=0.378 normal=0.133
[170 300/398] semantic=0.506 depth=0.315 normal=0.158
[170 325/398] semantic=0.513 depth=0.573 normal=0.220
MGDA-WARM WEIGHTS step=67600 weights=[0.32755905389785767, 0.0, 0.6724410057067871]
[170 350/398] semantic=0.290 depth=0.326 normal=0.090
[170 375/398] semantic=0.437 depth=0.369 normal=0.130
[170 398/398] semantic=0.360 depth=0.220 normal=0.123
Epoch 170: mIoU=38.734 pix=62.470 abs=0.5786 rel=0.2440 normal_mean=29.154 delta=10.939 wall_h=59.514
[171 1/398] semantic=0.501 depth=0.323 normal=0.182
[171 25/398] semantic=0.411 depth=0.281 normal=0.153
MGDA-WARM WEIGHTS step=67700 weights=[0.6753018498420715, 0.0, 0.32469815015792847]
[171 50/398] semantic=0.262 depth=0.368 normal=0.138
[171 75/398] semantic=0.417 depth=0.484 normal=0.157
[171 100/398] semantic=0.262 depth=0.282 normal=0.087
[171 125/398] semantic=0.399 depth=0.241 normal=0.169
MGDA-WARM WEIGHTS step=67800 weights=[0.15592671930789948, 0.4176163971424103, 0.42645689845085144]
[171 150/398] semantic=0.546 depth=0.623 normal=0.199
[171 175/398] semantic=0.248 depth=0.306 normal=0.102
[171 200/398] semantic=0.345 depth=0.363 normal=0.138
[171 225/398] semantic=0.360 depth=0.327 normal=0.101
MGDA-WARM WEIGHTS step=67900 weights=[0.38382667303085327, 0.041608866304159164, 0.5745644569396973]
[171 250/398] semantic=0.557 depth=0.273 normal=0.115
[171 275/398] semantic=0.190 depth=0.243 normal=0.128
[171 300/398] semantic=0.498 depth=0.385 normal=0.101
[171 325/398] semantic=0.473 depth=0.442 normal=0.167
MGDA-WARM WEIGHTS step=68000 weights=[0.4696473777294159, 0.3418552577495575, 0.18849743902683258]
[171 350/398] semantic=0.233 depth=0.300 normal=0.200
[171 375/398] semantic=0.536 depth=0.336 normal=0.122
[171 398/398] semantic=0.354 depth=0.192 normal=0.110
Epoch 171: mIoU=38.488 pix=63.623 abs=0.5826 rel=0.2431 normal_mean=28.550 delta=9.199 wall_h=59.819
[172 1/398] semantic=0.251 depth=0.381 normal=0.129
[172 25/398] semantic=0.600 depth=0.278 normal=0.148
MGDA-WARM WEIGHTS step=68100 weights=[0.5595902800559998, 0.22946707904338837, 0.21094264090061188]
[172 50/398] semantic=0.384 depth=0.324 normal=0.114
[172 75/398] semantic=0.446 depth=0.249 normal=0.146
[172 100/398] semantic=0.425 depth=0.442 normal=0.234
[172 125/398] semantic=0.779 depth=0.286 normal=0.203
MGDA-WARM WEIGHTS step=68200 weights=[0.24760675430297852, 0.3291782736778259, 0.42321497201919556]
[172 150/398] semantic=0.378 depth=0.230 normal=0.101
[172 175/398] semantic=0.372 depth=0.435 normal=0.129
[172 200/398] semantic=0.759 depth=0.317 normal=0.106
[172 225/398] semantic=0.263 depth=0.250 normal=0.071
MGDA-WARM WEIGHTS step=68300 weights=[0.17913390696048737, 0.42928409576416016, 0.3915819823741913]
[172 250/398] semantic=0.456 depth=0.375 normal=0.099
[172 275/398] semantic=0.647 depth=0.302 normal=0.119
[172 300/398] semantic=0.370 depth=0.171 normal=0.137
[172 325/398] semantic=0.348 depth=0.463 normal=0.122
MGDA-WARM WEIGHTS step=68400 weights=[0.7465834021568298, 0.0, 0.25341665744781494]
[172 350/398] semantic=0.446 depth=0.275 normal=0.093
[172 375/398] semantic=0.330 depth=0.239 normal=0.109
[172 398/398] semantic=0.317 depth=0.200 normal=0.059
Epoch 172: mIoU=37.794 pix=63.363 abs=0.5672 rel=0.2436 normal_mean=28.449 delta=8.749 wall_h=60.127
[173 1/398] semantic=0.412 depth=0.250 normal=0.113
[173 25/398] semantic=0.356 depth=0.249 normal=0.112
MGDA-WARM WEIGHTS step=68500 weights=[0.5086660385131836, 0.0, 0.4913339614868164]
[173 50/398] semantic=0.323 depth=0.234 normal=0.160
[173 75/398] semantic=0.705 depth=0.596 normal=0.220
[173 100/398] semantic=0.272 depth=0.189 normal=0.088
[173 125/398] semantic=0.423 depth=0.337 normal=0.140
MGDA-WARM WEIGHTS step=68600 weights=[0.5844091176986694, 0.01195034384727478, 0.4036405086517334]
[173 150/398] semantic=0.397 depth=0.268 normal=0.135
[173 175/398] semantic=0.633 depth=0.305 normal=0.156
[173 200/398] semantic=0.427 depth=0.241 normal=0.101
[173 225/398] semantic=0.552 depth=0.304 normal=0.158
MGDA-WARM WEIGHTS step=68700 weights=[0.5425347089767456, 0.4574652910232544, 0.0]
[173 250/398] semantic=0.353 depth=0.388 normal=0.212
[173 275/398] semantic=0.625 depth=0.321 normal=0.217
[173 300/398] semantic=0.471 depth=0.258 normal=0.106
[173 325/398] semantic=0.882 depth=0.368 normal=0.178
MGDA-WARM WEIGHTS step=68800 weights=[0.716779351234436, 0.28322067856788635, 0.0]
[173 350/398] semantic=0.493 depth=0.234 normal=0.109
[173 375/398] semantic=0.294 depth=0.195 normal=0.103
[173 398/398] semantic=0.369 depth=0.187 normal=0.127
Epoch 173: mIoU=37.893 pix=63.560 abs=0.5751 rel=0.2398 normal_mean=28.312 delta=8.068 wall_h=60.436
[174 1/398] semantic=0.401 depth=0.224 normal=0.117
[174 25/398] semantic=0.401 depth=0.309 normal=0.122
MGDA-WARM WEIGHTS step=68900 weights=[0.7156050205230713, 0.08899321407079697, 0.19540175795555115]
[174 50/398] semantic=0.313 depth=0.167 normal=0.076
[174 75/398] semantic=0.711 depth=0.432 normal=0.124
[174 100/398] semantic=0.223 depth=0.226 normal=0.078
[174 125/398] semantic=0.570 depth=0.565 normal=0.149
MGDA-WARM WEIGHTS step=69000 weights=[0.3549797832965851, 0.3613958954811096, 0.28362423181533813]
[174 150/398] semantic=0.325 depth=0.408 normal=0.148
[174 175/398] semantic=0.658 depth=0.372 normal=0.211
[174 200/398] semantic=0.404 depth=0.260 normal=0.098
[174 225/398] semantic=0.285 depth=0.202 normal=0.088
MGDA-WARM WEIGHTS step=69100 weights=[0.8911552429199219, 0.0830208957195282, 0.025823891162872314]
[174 250/398] semantic=0.380 depth=0.299 normal=0.187
[174 275/398] semantic=0.627 depth=0.299 normal=0.177
[174 300/398] semantic=0.557 depth=0.354 normal=0.184
[174 325/398] semantic=0.518 depth=0.318 normal=0.203
MGDA-WARM WEIGHTS step=69200 weights=[0.5277895927429199, 0.3702456057071686, 0.1019647866487503]
[174 350/398] semantic=0.668 depth=0.386 normal=0.166
[174 375/398] semantic=0.731 depth=0.651 normal=0.209
[174 398/398] semantic=0.181 depth=0.223 normal=0.104
Epoch 174: mIoU=37.490 pix=62.283 abs=0.5919 rel=0.2583 normal_mean=28.487 delta=9.822 wall_h=60.738
[175 1/398] semantic=0.481 depth=0.371 normal=0.105
[175 25/398] semantic=0.384 depth=0.305 normal=0.141
MGDA-WARM WEIGHTS step=69300 weights=[0.0, 1.0, 0.0]
[175 50/398] semantic=0.424 depth=0.250 normal=0.146
[175 75/398] semantic=0.371 depth=0.235 normal=0.195
[175 100/398] semantic=0.467 depth=0.648 normal=0.198
[175 125/398] semantic=0.223 depth=0.305 normal=0.116
MGDA-WARM WEIGHTS step=69400 weights=[0.4344785511493683, 0.16854006052017212, 0.3969813883304596]
[175 150/398] semantic=0.562 depth=0.391 normal=0.141
[175 175/398] semantic=0.249 depth=0.241 normal=0.074
[175 200/398] semantic=0.332 depth=0.215 normal=0.067
[175 225/398] semantic=0.268 depth=0.220 normal=0.102
MGDA-WARM WEIGHTS step=69500 weights=[0.5572047233581543, 0.3612762987613678, 0.08151896297931671]
[175 250/398] semantic=0.236 depth=0.317 normal=0.075
[175 275/398] semantic=0.372 depth=0.239 normal=0.122
[175 300/398] semantic=0.811 depth=0.436 normal=0.140
[175 325/398] semantic=0.832 depth=0.221 normal=0.183
MGDA-WARM WEIGHTS step=69600 weights=[0.35367196798324585, 0.3778188228607178, 0.2685091495513916]
[175 350/398] semantic=0.401 depth=0.210 normal=0.093
[175 375/398] semantic=0.360 depth=0.447 normal=0.200
[175 398/398] semantic=0.275 depth=0.221 normal=0.098
Epoch 175: mIoU=38.552 pix=63.485 abs=0.5972 rel=0.2491 normal_mean=27.794 delta=7.103 wall_h=61.032
[176 1/398] semantic=0.337 depth=0.244 normal=0.120
[176 25/398] semantic=0.714 depth=0.340 normal=0.168
MGDA-WARM WEIGHTS step=69700 weights=[0.12023337930440903, 0.3490535616874695, 0.5307130217552185]
[176 50/398] semantic=0.309 depth=0.176 normal=0.068
[176 75/398] semantic=0.863 depth=0.488 normal=0.204
[176 100/398] semantic=0.438 depth=0.514 normal=0.127
[176 125/398] semantic=0.819 depth=0.434 normal=0.183
MGDA-WARM WEIGHTS step=69800 weights=[0.05387493968009949, 0.03470394015312195, 0.9114211201667786]
[176 150/398] semantic=0.650 depth=0.334 normal=0.168
[176 175/398] semantic=0.503 depth=0.233 normal=0.142
[176 200/398] semantic=0.530 depth=0.278 normal=0.142
[176 225/398] semantic=0.293 depth=0.389 normal=0.106
MGDA-WARM WEIGHTS step=69900 weights=[0.23724037408828735, 0.0, 0.7627595663070679]
[176 250/398] semantic=0.376 depth=0.245 normal=0.182
[176 275/398] semantic=0.435 depth=0.288 normal=0.105
[176 300/398] semantic=0.696 depth=0.244 normal=0.179
[176 325/398] semantic=0.360 depth=0.432 normal=0.199
MGDA-WARM WEIGHTS step=70000 weights=[0.26433494687080383, 0.4853072464466095, 0.2503577768802643]
[176 350/398] semantic=0.438 depth=0.253 normal=0.120
[176 375/398] semantic=0.275 depth=0.352 normal=0.127
[176 398/398] semantic=0.608 depth=0.248 normal=0.101
Epoch 176: mIoU=39.734 pix=64.371 abs=0.5735 rel=0.2479 normal_mean=27.745 delta=5.960 wall_h=61.334
[177 1/398] semantic=0.334 depth=0.280 normal=0.111
[177 25/398] semantic=0.274 depth=0.335 normal=0.139
[177 50/398] semantic=0.290 depth=0.276 normal=0.074
MGDA-WARM WEIGHTS step=70100 weights=[0.29033714532852173, 0.44715091586112976, 0.2625119686126709]
[177 75/398] semantic=0.444 depth=0.367 normal=0.122
[177 100/398] semantic=0.570 depth=0.297 normal=0.192
[177 125/398] semantic=0.358 depth=0.226 normal=0.111
[177 150/398] semantic=0.470 depth=0.264 normal=0.117
MGDA-WARM WEIGHTS step=70200 weights=[0.620593786239624, 0.10981707274913788, 0.2695891559123993]
[177 175/398] semantic=0.552 depth=0.442 normal=0.118
[177 200/398] semantic=0.285 depth=0.350 normal=0.089
[177 225/398] semantic=0.535 depth=0.208 normal=0.119
[177 250/398] semantic=0.720 depth=0.342 normal=0.186
MGDA-WARM WEIGHTS step=70300 weights=[0.30859291553497314, 0.2158227562904358, 0.47558432817459106]
[177 275/398] semantic=0.464 depth=0.252 normal=0.104
[177 300/398] semantic=0.601 depth=0.600 normal=0.126
[177 325/398] semantic=0.421 depth=0.364 normal=0.133
[177 350/398] semantic=0.371 depth=0.235 normal=0.095
MGDA-WARM WEIGHTS step=70400 weights=[0.0, 0.40653884410858154, 0.5934611558914185]
[177 375/398] semantic=0.881 depth=0.275 normal=0.151
[177 398/398] semantic=1.020 depth=0.393 normal=0.264
Epoch 177: mIoU=37.524 pix=62.878 abs=0.5574 rel=0.2326 normal_mean=28.833 delta=8.671 wall_h=61.631
[178 1/398] semantic=0.514 depth=0.223 normal=0.136
[178 25/398] semantic=1.168 depth=0.369 normal=0.141
[178 50/398] semantic=0.497 depth=0.275 normal=0.159
MGDA-WARM WEIGHTS step=70500 weights=[0.5376201868057251, 0.2966708540916443, 0.16570894420146942]
[178 75/398] semantic=0.619 depth=0.353 normal=0.162
[178 100/398] semantic=1.120 depth=0.271 normal=0.157
[178 125/398] semantic=1.095 depth=0.295 normal=0.139
[178 150/398] semantic=0.458 depth=0.292 normal=0.117
MGDA-WARM WEIGHTS step=70600 weights=[0.20582352578639984, 0.20368266105651855, 0.5904938578605652]
[178 175/398] semantic=0.361 depth=0.265 normal=0.078
[178 200/398] semantic=0.328 depth=0.327 normal=0.120
[178 225/398] semantic=0.581 depth=0.250 normal=0.125
[178 250/398] semantic=0.247 depth=0.288 normal=0.085
MGDA-WARM WEIGHTS step=70700 weights=[0.3150279223918915, 0.043251484632492065, 0.6417205333709717]
[178 275/398] semantic=0.607 depth=0.282 normal=0.113
[178 300/398] semantic=0.401 depth=0.254 normal=0.103
[178 325/398] semantic=0.206 depth=0.419 normal=0.096
[178 350/398] semantic=0.377 depth=0.183 normal=0.180
MGDA-WARM WEIGHTS step=70800 weights=[0.18664556741714478, 0.7041692137718201, 0.10918520390987396]
[178 375/398] semantic=1.525 depth=0.423 normal=0.197
[178 398/398] semantic=0.314 depth=0.374 normal=0.138
Epoch 178: mIoU=38.025 pix=62.741 abs=0.5784 rel=0.2361 normal_mean=28.757 delta=9.715 wall_h=61.926
[179 1/398] semantic=0.836 depth=0.305 normal=0.120
[179 25/398] semantic=0.284 depth=0.310 normal=0.149
[179 50/398] semantic=0.761 depth=0.283 normal=0.134
MGDA-WARM WEIGHTS step=70900 weights=[0.7614829540252686, 0.0, 0.23851707577705383]
[179 75/398] semantic=0.433 depth=0.236 normal=0.145
[179 100/398] semantic=0.318 depth=0.415 normal=0.128
[179 125/398] semantic=0.318 depth=0.234 normal=0.090
[179 150/398] semantic=0.488 depth=0.349 normal=0.172
MGDA-WARM WEIGHTS step=71000 weights=[0.058587074279785156, 0.9414129257202148, 0.0]
[179 175/398] semantic=0.714 depth=0.183 normal=0.140
[179 200/398] semantic=0.228 depth=0.302 normal=0.093
[179 225/398] semantic=0.414 depth=0.188 normal=0.168
[179 250/398] semantic=0.352 depth=0.278 normal=0.112
MGDA-WARM WEIGHTS step=71100 weights=[0.375446617603302, 0.3899196684360504, 0.23463371396064758]
[179 275/398] semantic=0.452 depth=0.200 normal=0.135
[179 300/398] semantic=0.423 depth=0.225 normal=0.092
[179 325/398] semantic=0.348 depth=0.322 normal=0.154
[179 350/398] semantic=0.449 depth=0.208 normal=0.167
MGDA-WARM WEIGHTS step=71200 weights=[0.43912842869758606, 0.11002744734287262, 0.4508441388607025]
[179 375/398] semantic=0.282 depth=0.199 normal=0.114
[179 398/398] semantic=0.190 depth=0.304 normal=0.074
Epoch 179: mIoU=39.775 pix=64.254 abs=0.6019 rel=0.2657 normal_mean=27.875 delta=7.729 wall_h=62.216
[180 1/398] semantic=0.790 depth=0.391 normal=0.190
[180 25/398] semantic=0.531 depth=0.398 normal=0.144
[180 50/398] semantic=0.386 depth=0.224 normal=0.177
MGDA-WARM WEIGHTS step=71300 weights=[0.23736979067325592, 0.4102696478366852, 0.3523605465888977]
[180 75/398] semantic=0.688 depth=0.304 normal=0.149
[180 100/398] semantic=0.655 depth=0.279 normal=0.121
[180 125/398] semantic=0.267 depth=0.269 normal=0.125
[180 150/398] semantic=0.269 depth=0.253 normal=0.092
MGDA-WARM WEIGHTS step=71400 weights=[0.4475281238555908, 0.3616858422756195, 0.19078604876995087]
[180 175/398] semantic=0.212 depth=0.345 normal=0.101
[180 200/398] semantic=0.310 depth=0.174 normal=0.078
[180 225/398] semantic=0.510 depth=0.375 normal=0.146
[180 250/398] semantic=0.442 depth=0.276 normal=0.132
MGDA-WARM WEIGHTS step=71500 weights=[0.48069995641708374, 0.28284043073654175, 0.2364596128463745]
[180 275/398] semantic=0.401 depth=0.286 normal=0.112
[180 300/398] semantic=0.479 depth=0.303 normal=0.137
[180 325/398] semantic=0.306 depth=0.275 normal=0.118
[180 350/398] semantic=0.414 depth=0.331 normal=0.139
MGDA-WARM WEIGHTS step=71600 weights=[0.1397991180419922, 0.21243983507156372, 0.6477609872817993]
[180 375/398] semantic=0.259 depth=0.464 normal=0.130
[180 398/398] semantic=0.166 depth=0.548 normal=0.083
Epoch 180: mIoU=38.789 pix=63.983 abs=0.6044 rel=0.2685 normal_mean=27.573 delta=7.082 wall_h=62.513
[181 1/398] semantic=0.622 depth=0.231 normal=0.160
[181 25/398] semantic=0.240 depth=0.173 normal=0.077
[181 50/398] semantic=0.341 depth=0.331 normal=0.106
MGDA-WARM WEIGHTS step=71700 weights=[0.4641494154930115, 0.1844429075717926, 0.35140761733055115]
[181 75/398] semantic=0.471 depth=0.292 normal=0.150
[181 100/398] semantic=0.307 depth=0.228 normal=0.112
[181 125/398] semantic=1.283 depth=0.295 normal=0.161
[181 150/398] semantic=0.359 depth=0.379 normal=0.133
MGDA-WARM WEIGHTS step=71800 weights=[0.2824774980545044, 0.0350322425365448, 0.6824902296066284]
[181 175/398] semantic=0.319 depth=0.239 normal=0.093
[181 200/398] semantic=0.914 depth=0.233 normal=0.132
[181 225/398] semantic=0.645 depth=0.339 normal=0.162
[181 250/398] semantic=0.330 depth=0.303 normal=0.110
MGDA-WARM WEIGHTS step=71900 weights=[0.4572385549545288, 0.13181380927562714, 0.41094762086868286]
[181 275/398] semantic=0.760 depth=0.395 normal=0.160
[181 300/398] semantic=0.504 depth=0.239 normal=0.160
[181 325/398] semantic=0.593 depth=0.376 normal=0.119
[181 350/398] semantic=0.630 depth=0.295 normal=0.124
MGDA-WARM WEIGHTS step=72000 weights=[0.36404848098754883, 0.0, 0.6359515190124512]
[181 375/398] semantic=0.329 depth=0.291 normal=0.121
[181 398/398] semantic=0.225 depth=0.401 normal=0.145
Epoch 181: mIoU=38.522 pix=63.832 abs=0.5889 rel=0.2332 normal_mean=28.507 delta=8.604 wall_h=62.813
[182 1/398] semantic=0.373 depth=0.202 normal=0.122
[182 25/398] semantic=0.394 depth=0.494 normal=0.147
[182 50/398] semantic=1.073 depth=0.234 normal=0.132
MGDA-WARM WEIGHTS step=72100 weights=[0.3176596462726593, 0.26682278513908386, 0.41551753878593445]
[182 75/398] semantic=0.384 depth=0.316 normal=0.100
[182 100/398] semantic=0.479 depth=0.199 normal=0.159
[182 125/398] semantic=0.424 depth=0.339 normal=0.123
[182 150/398] semantic=0.595 depth=0.311 normal=0.107
MGDA-WARM WEIGHTS step=72200 weights=[0.013370487838983536, 0.6585507988929749, 0.3280786871910095]
[182 175/398] semantic=0.546 depth=0.245 normal=0.197
[182 200/398] semantic=0.697 depth=0.479 normal=0.215
[182 225/398] semantic=0.642 depth=0.213 normal=0.116
[182 250/398] semantic=0.463 depth=0.242 normal=0.079
MGDA-WARM WEIGHTS step=72300 weights=[0.19089287519454956, 0.43012118339538574, 0.3789859116077423]
[182 275/398] semantic=0.459 depth=0.157 normal=0.108
[182 300/398] semantic=0.326 depth=0.225 normal=0.091
[182 325/398] semantic=0.388 depth=0.257 normal=0.166
[182 350/398] semantic=0.616 depth=0.231 normal=0.127
MGDA-WARM WEIGHTS step=72400 weights=[0.41279929876327515, 0.23199859261512756, 0.3552020788192749]
[182 375/398] semantic=0.373 depth=0.294 normal=0.129
[182 398/398] semantic=0.261 depth=0.373 normal=0.118
Epoch 182: mIoU=39.221 pix=63.401 abs=0.6232 rel=0.2760 normal_mean=27.861 delta=8.048 wall_h=63.109
[183 1/398] semantic=0.397 depth=0.367 normal=0.151
[183 25/398] semantic=0.450 depth=0.290 normal=0.171
[183 50/398] semantic=0.431 depth=0.203 normal=0.140
MGDA-WARM WEIGHTS step=72500 weights=[0.6626886129379272, 0.07690706849098206, 0.2604043185710907]
[183 75/398] semantic=0.408 depth=0.480 normal=0.148
[183 100/398] semantic=0.408 depth=0.371 normal=0.122
[183 125/398] semantic=0.522 depth=0.212 normal=0.071
[183 150/398] semantic=0.490 depth=0.322 normal=0.127
MGDA-WARM WEIGHTS step=72600 weights=[0.43024346232414246, 0.27715957164764404, 0.2925970256328583]
[183 175/398] semantic=0.378 depth=0.262 normal=0.096
[183 200/398] semantic=0.230 depth=0.251 normal=0.129
[183 225/398] semantic=0.485 depth=0.297 normal=0.160
[183 250/398] semantic=0.343 depth=0.258 normal=0.119
MGDA-WARM WEIGHTS step=72700 weights=[0.26692843437194824, 0.05751964449882507, 0.6755517721176147]
[183 275/398] semantic=0.281 depth=0.190 normal=0.137
[183 300/398] semantic=0.400 depth=0.199 normal=0.093
[183 325/398] semantic=0.369 depth=0.203 normal=0.096
[183 350/398] semantic=0.484 depth=0.238 normal=0.128
MGDA-WARM WEIGHTS step=72800 weights=[0.27260518074035645, 0.08294011652469635, 0.6444546580314636]
[183 375/398] semantic=0.350 depth=0.211 normal=0.112
[183 398/398] semantic=0.167 depth=0.182 normal=0.078
Epoch 183: mIoU=38.826 pix=64.117 abs=0.6122 rel=0.2670 normal_mean=28.187 delta=9.065 wall_h=63.401
[184 1/398] semantic=0.247 depth=0.278 normal=0.116
[184 25/398] semantic=0.388 depth=0.257 normal=0.129
[184 50/398] semantic=0.210 depth=0.313 normal=0.073
MGDA-WARM WEIGHTS step=72900 weights=[0.3081498146057129, 0.12405028194189072, 0.5677999258041382]
[184 75/398] semantic=0.999 depth=0.549 normal=0.165
[184 100/398] semantic=0.328 depth=0.408 normal=0.120
[184 125/398] semantic=0.298 depth=0.261 normal=0.091
[184 150/398] semantic=0.756 depth=0.232 normal=0.169
MGDA-WARM WEIGHTS step=73000 weights=[0.18740414083003998, 0.5094103217124939, 0.3031855821609497]
[184 175/398] semantic=1.080 depth=0.212 normal=0.158
[184 200/398] semantic=0.545 depth=0.245 normal=0.144
[184 225/398] semantic=0.678 depth=0.229 normal=0.111
[184 250/398] semantic=0.323 depth=0.418 normal=0.104
MGDA-WARM WEIGHTS step=73100 weights=[0.0, 0.8473058938980103, 0.15269407629966736]
[184 275/398] semantic=0.679 depth=0.387 normal=0.186
[184 300/398] semantic=1.580 depth=0.415 normal=0.151
[184 325/398] semantic=0.472 depth=0.340 normal=0.133
[184 350/398] semantic=0.684 depth=0.346 normal=0.164
MGDA-WARM WEIGHTS step=73200 weights=[0.16871927678585052, 0.2631511986255646, 0.5681295394897461]
[184 375/398] semantic=0.156 depth=0.198 normal=0.084
[184 398/398] semantic=1.695 depth=0.284 normal=0.232
Epoch 184: mIoU=39.407 pix=64.178 abs=0.5950 rel=0.2304 normal_mean=28.585 delta=8.561 wall_h=63.693
[185 1/398] semantic=0.422 depth=0.308 normal=0.140
[185 25/398] semantic=0.611 depth=0.473 normal=0.190
[185 50/398] semantic=0.278 depth=0.192 normal=0.169
MGDA-WARM WEIGHTS step=73300 weights=[0.6357879638671875, 0.3642120957374573, 0.0]
[185 75/398] semantic=0.515 depth=0.205 normal=0.136
[185 100/398] semantic=0.594 depth=0.709 normal=0.257
[185 125/398] semantic=0.312 depth=0.191 normal=0.109
[185 150/398] semantic=0.304 depth=0.309 normal=0.099
MGDA-WARM WEIGHTS step=73400 weights=[0.29299280047416687, 0.34739381074905396, 0.3596133887767792]
[185 175/398] semantic=0.499 depth=0.355 normal=0.181
[185 200/398] semantic=0.300 depth=0.347 normal=0.133
[185 225/398] semantic=0.666 depth=0.414 normal=0.169
[185 250/398] semantic=0.344 depth=0.265 normal=0.134
MGDA-WARM WEIGHTS step=73500 weights=[0.4608103930950165, 0.28674718737602234, 0.2524423897266388]
[185 275/398] semantic=0.174 depth=0.228 normal=0.089
[185 300/398] semantic=1.006 depth=0.374 normal=0.206
[185 325/398] semantic=0.409 depth=0.335 normal=0.113
[185 350/398] semantic=0.700 depth=0.290 normal=0.232
MGDA-WARM WEIGHTS step=73600 weights=[0.0, 0.8080053925514221, 0.19199460744857788]
[185 375/398] semantic=0.374 depth=0.187 normal=0.082
[185 398/398] semantic=0.564 depth=0.196 normal=0.186
Epoch 185: mIoU=37.220 pix=63.400 abs=0.5728 rel=0.2247 normal_mean=29.664 delta=11.327 wall_h=63.987
[186 1/398] semantic=0.396 depth=0.164 normal=0.096
[186 25/398] semantic=0.284 depth=0.257 normal=0.097
[186 50/398] semantic=0.399 depth=0.371 normal=0.140
MGDA-WARM WEIGHTS step=73700 weights=[0.3641832768917084, 0.2404407411813736, 0.39537593722343445]
[186 75/398] semantic=1.544 depth=0.280 normal=0.141
[186 100/398] semantic=0.422 depth=0.259 normal=0.136
[186 125/398] semantic=0.207 depth=0.407 normal=0.081
[186 150/398] semantic=0.398 depth=0.211 normal=0.109
MGDA-WARM WEIGHTS step=73800 weights=[0.08542561531066895, 0.27167177200317383, 0.6429026126861572]
[186 175/398] semantic=0.154 depth=0.241 normal=0.075
[186 200/398] semantic=0.414 depth=0.404 normal=0.168
[186 225/398] semantic=0.395 depth=0.395 normal=0.118
[186 250/398] semantic=0.395 depth=0.352 normal=0.134
MGDA-WARM WEIGHTS step=73900 weights=[0.0, 0.3454282879829407, 0.6545717120170593]
[186 275/398] semantic=0.622 depth=0.234 normal=0.164
[186 300/398] semantic=0.460 depth=0.243 normal=0.138
[186 325/398] semantic=0.369 depth=0.230 normal=0.119
[186 350/398] semantic=0.490 depth=0.491 normal=0.166
MGDA-WARM WEIGHTS step=74000 weights=[0.37982603907585144, 0.28156882524490356, 0.3386051654815674]
[186 375/398] semantic=0.448 depth=0.403 normal=0.187
[186 398/398] semantic=0.200 depth=0.212 normal=0.130
Epoch 186: mIoU=38.865 pix=63.963 abs=0.5633 rel=0.2277 normal_mean=28.659 delta=8.459 wall_h=64.282
[187 1/398] semantic=0.517 depth=0.321 normal=0.126
[187 25/398] semantic=0.240 depth=0.163 normal=0.106
[187 50/398] semantic=0.201 depth=0.326 normal=0.179
MGDA-WARM WEIGHTS step=74100 weights=[0.0, 0.25836092233657837, 0.7416390776634216]
[187 75/398] semantic=0.270 depth=0.301 normal=0.109
[187 100/398] semantic=0.492 depth=0.344 normal=0.099
[187 125/398] semantic=0.228 depth=0.303 normal=0.120
[187 150/398] semantic=0.341 depth=0.304 normal=0.124
MGDA-WARM WEIGHTS step=74200 weights=[0.3463505506515503, 0.3292367458343506, 0.3244127035140991]
[187 175/398] semantic=0.350 depth=0.251 normal=0.109
[187 200/398] semantic=0.418 depth=0.332 normal=0.186
[187 225/398] semantic=0.424 depth=0.209 normal=0.112
[187 250/398] semantic=0.236 depth=0.279 normal=0.081
MGDA-WARM WEIGHTS step=74300 weights=[0.2874952554702759, 0.27164068818092346, 0.44086402654647827]
[187 275/398] semantic=0.576 depth=0.366 normal=0.188
[187 300/398] semantic=0.347 depth=0.468 normal=0.168
[187 325/398] semantic=0.230 depth=0.304 normal=0.109
[187 350/398] semantic=0.193 depth=0.213 normal=0.123
MGDA-WARM WEIGHTS step=74400 weights=[0.0, 0.6407026052474976, 0.35929742455482483]
[187 375/398] semantic=0.455 depth=0.333 normal=0.120
[187 398/398] semantic=0.452 depth=0.293 normal=0.081
Epoch 187: mIoU=38.364 pix=64.452 abs=0.5859 rel=0.2440 normal_mean=28.366 delta=8.737 wall_h=64.576
[188 1/398] semantic=0.672 depth=0.238 normal=0.192
[188 25/398] semantic=0.520 depth=0.598 normal=0.127
[188 50/398] semantic=0.311 depth=0.227 normal=0.098
MGDA-WARM WEIGHTS step=74500 weights=[0.5872085094451904, 0.024199850857257843, 0.3885916471481323]
[188 75/398] semantic=0.368 depth=0.286 normal=0.131
[188 100/398] semantic=0.276 depth=0.221 normal=0.107
[188 125/398] semantic=0.740 depth=0.245 normal=0.210
[188 150/398] semantic=0.322 depth=0.259 normal=0.122
MGDA-WARM WEIGHTS step=74600 weights=[0.13739018142223358, 0.2721816301345825, 0.5904282331466675]
[188 175/398] semantic=0.372 depth=0.215 normal=0.120
[188 200/398] semantic=0.587 depth=0.201 normal=0.156
[188 225/398] semantic=0.251 depth=0.197 normal=0.113
[188 250/398] semantic=0.432 depth=0.455 normal=0.191
MGDA-WARM WEIGHTS step=74700 weights=[0.35094237327575684, 0.0, 0.6490576267242432]
[188 275/398] semantic=0.368 depth=0.281 normal=0.118
[188 300/398] semantic=0.564 depth=0.473 normal=0.175
[188 325/398] semantic=0.506 depth=0.428 normal=0.153
[188 350/398] semantic=0.680 depth=0.641 normal=0.239
MGDA-WARM WEIGHTS step=74800 weights=[0.46299850940704346, 0.04091779887676239, 0.49608373641967773]
[188 375/398] semantic=0.346 depth=0.284 normal=0.151
[188 398/398] semantic=0.240 depth=0.274 normal=0.136
Epoch 188: mIoU=39.716 pix=64.853 abs=0.5859 rel=0.2452 normal_mean=27.786 delta=6.134 wall_h=64.874
[189 1/398] semantic=0.644 depth=0.467 normal=0.199
[189 25/398] semantic=0.472 depth=0.236 normal=0.119
[189 50/398] semantic=0.281 depth=0.382 normal=0.146
[189 75/398] semantic=0.240 depth=0.207 normal=0.105
MGDA-WARM WEIGHTS step=74900 weights=[0.19699779152870178, 0.41924890875816345, 0.3837532103061676]
[189 100/398] semantic=0.475 depth=0.339 normal=0.097
[189 125/398] semantic=0.467 depth=0.321 normal=0.154
[189 150/398] semantic=0.333 depth=0.488 normal=0.170
[189 175/398] semantic=0.377 depth=0.346 normal=0.148
MGDA-WARM WEIGHTS step=75000 weights=[0.41755008697509766, 0.13574302196502686, 0.4467069208621979]
[189 200/398] semantic=0.342 depth=0.356 normal=0.142
[189 225/398] semantic=0.660 depth=0.256 normal=0.121
[189 250/398] semantic=0.261 depth=0.342 normal=0.086
[189 275/398] semantic=0.411 depth=0.291 normal=0.117
MGDA-WARM WEIGHTS step=75100 weights=[0.7453876733779907, 0.25461238622665405, 0.0]
[189 300/398] semantic=0.236 depth=0.205 normal=0.105
[189 325/398] semantic=1.060 depth=0.333 normal=0.162
[189 350/398] semantic=0.425 depth=0.159 normal=0.136
[189 375/398] semantic=0.387 depth=0.334 normal=0.184
MGDA-WARM WEIGHTS step=75200 weights=[0.0, 0.3708187937736511, 0.6291812062263489]
[189 398/398] semantic=0.307 depth=0.645 normal=0.119
Epoch 189: mIoU=38.416 pix=63.224 abs=0.5878 rel=0.2588 normal_mean=28.689 delta=9.781 wall_h=65.171
[190 1/398] semantic=0.389 depth=0.400 normal=0.111
[190 25/398] semantic=0.225 depth=0.287 normal=0.107
[190 50/398] semantic=0.699 depth=0.355 normal=0.154
[190 75/398] semantic=0.296 depth=0.179 normal=0.100
MGDA-WARM WEIGHTS step=75300 weights=[0.5477941036224365, 0.14563369750976562, 0.30657222867012024]
[190 100/398] semantic=0.445 depth=0.305 normal=0.135
[190 125/398] semantic=0.410 depth=0.219 normal=0.106
[190 150/398] semantic=0.309 depth=0.447 normal=0.097
[190 175/398] semantic=0.412 depth=0.326 normal=0.162
MGDA-WARM WEIGHTS step=75400 weights=[0.5471699237823486, 0.1290511190891266, 0.3237789273262024]
[190 200/398] semantic=0.559 depth=0.472 normal=0.157
[190 225/398] semantic=0.513 depth=0.307 normal=0.113
[190 250/398] semantic=0.230 depth=0.256 normal=0.144
[190 275/398] semantic=0.374 depth=0.206 normal=0.124
MGDA-WARM WEIGHTS step=75500 weights=[0.45882484316825867, 0.08684956282377243, 0.4543255865573883]
[190 300/398] semantic=0.583 depth=0.331 normal=0.126
[190 325/398] semantic=0.579 depth=0.206 normal=0.120
[190 350/398] semantic=0.267 depth=0.185 normal=0.069
[190 375/398] semantic=0.702 depth=0.223 normal=0.183
MGDA-WARM WEIGHTS step=75600 weights=[0.26683294773101807, 0.061263397336006165, 0.6719036102294922]
[190 398/398] semantic=0.587 depth=0.254 normal=0.157
Epoch 190: mIoU=39.763 pix=64.430 abs=0.5767 rel=0.2415 normal_mean=28.142 delta=6.581 wall_h=65.466
[191 1/398] semantic=0.192 depth=0.238 normal=0.104
[191 25/398] semantic=0.325 depth=0.335 normal=0.120
[191 50/398] semantic=0.366 depth=0.277 normal=0.088
[191 75/398] semantic=0.314 depth=0.346 normal=0.108
MGDA-WARM WEIGHTS step=75700 weights=[0.49907025694847107, 0.2841453552246094, 0.21678438782691956]
[191 100/398] semantic=0.440 depth=0.375 normal=0.167
[191 125/398] semantic=0.509 depth=0.278 normal=0.142
[191 150/398] semantic=1.239 depth=0.187 normal=0.144
[191 175/398] semantic=0.845 depth=0.289 normal=0.134
MGDA-WARM WEIGHTS step=75800 weights=[0.053380176424980164, 0.4811367988586426, 0.46548306941986084]
[191 200/398] semantic=0.618 depth=0.426 normal=0.235
[191 225/398] semantic=0.258 depth=0.275 normal=0.111
[191 250/398] semantic=0.474 depth=0.365 normal=0.126
[191 275/398] semantic=0.440 depth=0.203 normal=0.082
MGDA-WARM WEIGHTS step=75900 weights=[0.2740837037563324, 0.35769978165626526, 0.36821654438972473]
[191 300/398] semantic=0.598 depth=0.302 normal=0.104
[191 325/398] semantic=0.454 depth=0.456 normal=0.168
[191 350/398] semantic=0.453 depth=0.291 normal=0.128
[191 375/398] semantic=0.473 depth=0.257 normal=0.137
MGDA-WARM WEIGHTS step=76000 weights=[0.0, 0.9723469018936157, 0.027653098106384277]
[191 398/398] semantic=0.356 depth=0.434 normal=0.116
Epoch 191: mIoU=38.292 pix=63.336 abs=0.6460 rel=0.2917 normal_mean=27.476 delta=8.828 wall_h=65.758
[192 1/398] semantic=0.328 depth=0.271 normal=0.167
[192 25/398] semantic=0.489 depth=0.486 normal=0.128
[192 50/398] semantic=0.466 depth=0.377 normal=0.169
[192 75/398] semantic=0.372 depth=0.266 normal=0.131
MGDA-WARM WEIGHTS step=76100 weights=[0.15545329451560974, 0.10653914511203766, 0.7380076050758362]
[192 100/398] semantic=0.258 depth=0.300 normal=0.104
[192 125/398] semantic=0.537 depth=0.389 normal=0.157
[192 150/398] semantic=0.428 depth=0.299 normal=0.138
[192 175/398] semantic=0.489 depth=0.437 normal=0.172
MGDA-WARM WEIGHTS step=76200 weights=[0.662976861000061, 0.07093550264835358, 0.2660876214504242]
[192 200/398] semantic=0.342 depth=0.350 normal=0.143
[192 225/398] semantic=0.390 depth=0.236 normal=0.112
[192 250/398] semantic=0.479 depth=0.444 normal=0.182
[192 275/398] semantic=0.258 depth=0.185 normal=0.146
MGDA-WARM WEIGHTS step=76300 weights=[0.2871106266975403, 0.661504328250885, 0.051385052502155304]
[192 300/398] semantic=0.669 depth=0.401 normal=0.177
[192 325/398] semantic=0.488 depth=0.329 normal=0.159
[192 350/398] semantic=0.387 depth=0.283 normal=0.110
[192 375/398] semantic=0.191 depth=0.308 normal=0.111
MGDA-WARM WEIGHTS step=76400 weights=[0.312147319316864, 0.16641581058502197, 0.521436870098114]
[192 398/398] semantic=1.870 depth=0.226 normal=0.184
Epoch 192: mIoU=38.170 pix=63.858 abs=0.5664 rel=0.2373 normal_mean=28.598 delta=8.586 wall_h=66.059
[193 1/398] semantic=0.304 depth=0.435 normal=0.159
[193 25/398] semantic=0.406 depth=0.252 normal=0.094
[193 50/398] semantic=0.321 depth=0.305 normal=0.108
[193 75/398] semantic=0.511 depth=0.305 normal=0.125
MGDA-WARM WEIGHTS step=76500 weights=[0.36575847864151, 0.5310057997703552, 0.10323570668697357]
[193 100/398] semantic=0.362 depth=0.353 normal=0.135
[193 125/398] semantic=0.383 depth=0.175 normal=0.139
[193 150/398] semantic=0.423 depth=0.310 normal=0.123
[193 175/398] semantic=0.597 depth=0.323 normal=0.123
MGDA-WARM WEIGHTS step=76600 weights=[0.06745460629463196, 0.16045385599136353, 0.7720915079116821]
[193 200/398] semantic=0.258 depth=0.284 normal=0.084
[193 225/398] semantic=0.429 depth=0.313 normal=0.150
[193 250/398] semantic=0.633 depth=0.249 normal=0.125
[193 275/398] semantic=0.492 depth=0.285 normal=0.145
MGDA-WARM WEIGHTS step=76700 weights=[0.42907124757766724, 0.07358292490243912, 0.49734583497047424]
[193 300/398] semantic=0.346 depth=0.244 normal=0.148
[193 325/398] semantic=0.460 depth=0.299 normal=0.132
[193 350/398] semantic=0.483 depth=0.383 normal=0.217
[193 375/398] semantic=0.198 depth=0.185 normal=0.100
MGDA-WARM WEIGHTS step=76800 weights=[0.3741047978401184, 0.3065803050994873, 0.3193148970603943]
[193 398/398] semantic=0.351 depth=0.395 normal=0.141
Epoch 193: mIoU=40.055 pix=64.376 abs=0.5613 rel=0.2407 normal_mean=27.837 delta=6.007 wall_h=66.375
[194 1/398] semantic=0.380 depth=0.434 normal=0.138
[194 25/398] semantic=0.187 depth=0.361 normal=0.111
[194 50/398] semantic=0.340 depth=0.249 normal=0.104
[194 75/398] semantic=0.396 depth=0.280 normal=0.101
MGDA-WARM WEIGHTS step=76900 weights=[0.2108485996723175, 0.5837724208831787, 0.2053789496421814]
[194 100/398] semantic=0.459 depth=0.249 normal=0.121
[194 125/398] semantic=0.283 depth=0.371 normal=0.099
[194 150/398] semantic=0.324 depth=0.270 normal=0.109
[194 175/398] semantic=0.790 depth=0.176 normal=0.104
MGDA-WARM WEIGHTS step=77000 weights=[0.45581239461898804, 0.23670169711112976, 0.3074859380722046]
[194 200/398] semantic=0.410 depth=0.290 normal=0.127
[194 225/398] semantic=0.528 depth=0.160 normal=0.131
[194 250/398] semantic=0.505 depth=0.331 normal=0.182
[194 275/398] semantic=0.450 depth=0.311 normal=0.101
MGDA-WARM WEIGHTS step=77100 weights=[0.3274875581264496, 0.3240891993045807, 0.3484232723712921]
[194 300/398] semantic=0.340 depth=0.376 normal=0.115
[194 325/398] semantic=0.450 depth=0.454 normal=0.140
[194 350/398] semantic=1.024 depth=0.234 normal=0.216
[194 375/398] semantic=0.456 depth=0.294 normal=0.144
MGDA-WARM WEIGHTS step=77200 weights=[0.0, 0.6132656335830688, 0.38673439621925354]
[194 398/398] semantic=0.627 depth=0.286 normal=0.118
Epoch 194: mIoU=38.198 pix=63.678 abs=0.5921 rel=0.2548 normal_mean=28.325 delta=8.579 wall_h=66.692
[195 1/398] semantic=0.491 depth=0.479 normal=0.168
[195 25/398] semantic=0.286 depth=0.184 normal=0.151
[195 50/398] semantic=0.374 depth=0.323 normal=0.093
[195 75/398] semantic=0.279 depth=0.446 normal=0.098
MGDA-WARM WEIGHTS step=77300 weights=[0.5144640803337097, 0.12025288492441177, 0.3652830421924591]
[195 100/398] semantic=0.300 depth=0.335 normal=0.137
[195 125/398] semantic=0.437 depth=0.311 normal=0.113
[195 150/398] semantic=0.281 depth=0.279 normal=0.143
[195 175/398] semantic=0.191 depth=0.225 normal=0.098
MGDA-WARM WEIGHTS step=77400 weights=[0.6536687016487122, 0.06439870595932007, 0.2819325923919678]
[195 200/398] semantic=0.269 depth=0.282 normal=0.085
[195 225/398] semantic=0.576 depth=0.217 normal=0.132
[195 250/398] semantic=0.270 depth=0.336 normal=0.136
[195 275/398] semantic=0.230 depth=0.264 normal=0.107
MGDA-WARM WEIGHTS step=77500 weights=[0.4036417603492737, 0.29260581731796265, 0.30375245213508606]
[195 300/398] semantic=0.421 depth=0.348 normal=0.101
[195 325/398] semantic=0.427 depth=0.209 normal=0.101
[195 350/398] semantic=0.461 depth=0.311 normal=0.156
[195 375/398] semantic=0.346 depth=0.182 normal=0.135
MGDA-WARM WEIGHTS step=77600 weights=[0.22056780755519867, 0.12418414652347565, 0.6552481055259705]
[195 398/398] semantic=0.460 depth=0.377 normal=0.141
Epoch 195: mIoU=37.485 pix=62.459 abs=0.5819 rel=0.2451 normal_mean=28.761 delta=10.431 wall_h=67.014
[196 1/398] semantic=0.626 depth=0.296 normal=0.174
[196 25/398] semantic=0.375 depth=0.200 normal=0.107
[196 50/398] semantic=0.200 depth=0.225 normal=0.089
[196 75/398] semantic=0.399 depth=0.329 normal=0.178
MGDA-WARM WEIGHTS step=77700 weights=[0.22254890203475952, 0.7774510383605957, 0.0]
[196 100/398] semantic=0.339 depth=0.230 normal=0.081
[196 125/398] semantic=0.394 depth=0.254 normal=0.081
[196 150/398] semantic=0.477 depth=0.292 normal=0.176
[196 175/398] semantic=0.505 depth=0.272 normal=0.140
MGDA-WARM WEIGHTS step=77800 weights=[0.47152042388916016, 0.32087117433547974, 0.2076084017753601]
[196 200/398] semantic=0.381 depth=0.299 normal=0.126
[196 225/398] semantic=0.246 depth=0.366 normal=0.104
[196 250/398] semantic=0.233 depth=0.272 normal=0.118
[196 275/398] semantic=0.448 depth=0.295 normal=0.156
MGDA-WARM WEIGHTS step=77900 weights=[0.3848029375076294, 0.09491206705570221, 0.5202849507331848]
[196 300/398] semantic=0.836 depth=0.269 normal=0.150
[196 325/398] semantic=0.630 depth=0.375 normal=0.214
[196 350/398] semantic=0.245 depth=0.189 normal=0.086
[196 375/398] semantic=0.586 depth=0.204 normal=0.108
MGDA-WARM WEIGHTS step=78000 weights=[0.06280666589736938, 0.739904522895813, 0.19728872179985046]
[196 398/398] semantic=0.961 depth=0.338 normal=0.150
Epoch 196: mIoU=38.522 pix=64.642 abs=0.5536 rel=0.2258 normal_mean=28.123 delta=6.365 wall_h=67.324
[197 1/398] semantic=0.447 depth=0.345 normal=0.151
[197 25/398] semantic=0.460 depth=0.494 normal=0.162
[197 50/398] semantic=0.204 depth=0.288 normal=0.108
[197 75/398] semantic=0.278 depth=0.258 normal=0.090
MGDA-WARM WEIGHTS step=78100 weights=[0.7159966230392456, 0.1791631579399109, 0.10484030842781067]
[197 100/398] semantic=0.324 depth=0.195 normal=0.081
[197 125/398] semantic=0.277 depth=0.213 normal=0.109
[197 150/398] semantic=0.473 depth=0.267 normal=0.176
[197 175/398] semantic=0.351 depth=0.303 normal=0.137
MGDA-WARM WEIGHTS step=78200 weights=[0.022893786430358887, 0.3780408501625061, 0.599065363407135]
[197 200/398] semantic=0.348 depth=0.183 normal=0.161
[197 225/398] semantic=0.540 depth=0.243 normal=0.127
[197 250/398] semantic=0.417 depth=0.226 normal=0.148
[197 275/398] semantic=0.724 depth=0.271 normal=0.136
MGDA-WARM WEIGHTS step=78300 weights=[0.0, 0.4171997904777527, 0.5828002095222473]
[197 300/398] semantic=0.408 depth=0.313 normal=0.158
[197 325/398] semantic=0.259 depth=0.405 normal=0.113
[197 350/398] semantic=0.178 depth=0.332 normal=0.137
[197 375/398] semantic=0.513 depth=0.293 normal=0.148
MGDA-WARM WEIGHTS step=78400 weights=[0.3736734390258789, 0.026683449745178223, 0.5996431708335876]
[197 398/398] semantic=0.203 depth=0.267 normal=0.110
Epoch 197: mIoU=38.607 pix=63.828 abs=0.5764 rel=0.2369 normal_mean=27.937 delta=6.578 wall_h=67.669
[198 1/398] semantic=0.421 depth=0.258 normal=0.081
[198 25/398] semantic=0.522 depth=0.350 normal=0.195
[198 50/398] semantic=0.380 depth=0.284 normal=0.123
[198 75/398] semantic=0.233 depth=0.355 normal=0.087
MGDA-WARM WEIGHTS step=78500 weights=[0.2386777400970459, 0.13142666220664978, 0.6298955678939819]
[198 100/398] semantic=0.790 depth=0.314 normal=0.160
[198 125/398] semantic=0.269 depth=0.179 normal=0.115
[198 150/398] semantic=0.279 depth=0.416 normal=0.170
[198 175/398] semantic=0.649 depth=0.274 normal=0.125
MGDA-WARM WEIGHTS step=78600 weights=[0.42019790410995483, 0.12004514783620834, 0.4597569406032562]
[198 200/398] semantic=0.415 depth=0.253 normal=0.094
[198 225/398] semantic=0.649 depth=0.255 normal=0.170
[198 250/398] semantic=0.617 depth=0.446 normal=0.183
[198 275/398] semantic=0.261 depth=0.263 normal=0.108
MGDA-WARM WEIGHTS step=78700 weights=[0.5268340110778809, 0.14275339245796204, 0.3304125666618347]
[198 300/398] semantic=0.543 depth=0.299 normal=0.123
[198 325/398] semantic=0.446 depth=0.276 normal=0.153
[198 350/398] semantic=0.497 depth=0.304 normal=0.125
[198 375/398] semantic=0.640 depth=0.376 normal=0.212
MGDA-WARM WEIGHTS step=78800 weights=[0.23902133107185364, 0.5053894519805908, 0.25558918714523315]
[198 398/398] semantic=0.711 depth=0.241 normal=0.179
Epoch 198: mIoU=38.939 pix=64.219 abs=0.5871 rel=0.2428 normal_mean=27.964 delta=6.807 wall_h=68.010
[199 1/398] semantic=0.391 depth=0.237 normal=0.093
[199 25/398] semantic=0.437 depth=0.491 normal=0.151
[199 50/398] semantic=0.311 depth=0.203 normal=0.111
[199 75/398] semantic=0.489 depth=0.365 normal=0.144
MGDA-WARM WEIGHTS step=78900 weights=[0.48304399847984314, 0.34843215346336365, 0.1685238480567932]
[199 100/398] semantic=0.305 depth=0.277 normal=0.122
[199 125/398] semantic=0.245 depth=0.215 normal=0.108
[199 150/398] semantic=0.687 depth=0.334 normal=0.148
[199 175/398] semantic=0.567 depth=0.300 normal=0.201
MGDA-WARM WEIGHTS step=79000 weights=[0.4183148741722107, 0.15566182136535645, 0.42602330446243286]
[199 200/398] semantic=0.291 depth=0.262 normal=0.118
[199 225/398] semantic=0.412 depth=0.237 normal=0.116
[199 250/398] semantic=0.388 depth=0.211 normal=0.139
[199 275/398] semantic=0.408 depth=0.196 normal=0.139
MGDA-WARM WEIGHTS step=79100 weights=[0.0, 0.684444010257721, 0.31555601954460144]
[199 300/398] semantic=0.359 depth=0.187 normal=0.111
[199 325/398] semantic=0.370 depth=0.372 normal=0.153
[199 350/398] semantic=0.518 depth=0.155 normal=0.085
[199 375/398] semantic=0.572 depth=0.451 normal=0.183
MGDA-WARM WEIGHTS step=79200 weights=[0.0, 0.3843143582344055, 0.6156855821609497]
[199 398/398] semantic=0.417 depth=0.212 normal=0.116
Epoch 199: mIoU=37.270 pix=63.252 abs=0.5781 rel=0.2381 normal_mean=28.030 delta=7.358 wall_h=68.323
[200 1/398] semantic=1.083 depth=0.522 normal=0.118
[200 25/398] semantic=0.273 depth=0.246 normal=0.100
[200 50/398] semantic=0.337 depth=0.354 normal=0.175
[200 75/398] semantic=0.223 depth=0.285 normal=0.073
MGDA-WARM WEIGHTS step=79300 weights=[0.6834385991096497, 0.17343869805335999, 0.14312276244163513]
[200 100/398] semantic=0.523 depth=0.541 normal=0.203
[200 125/398] semantic=0.723 depth=0.468 normal=0.151
[200 150/398] semantic=0.322 depth=0.217 normal=0.141
[200 175/398] semantic=0.311 depth=0.429 normal=0.119
MGDA-WARM WEIGHTS step=79400 weights=[0.2763507068157196, 0.3411683440208435, 0.3824809193611145]
[200 200/398] semantic=0.479 depth=0.242 normal=0.125
[200 225/398] semantic=0.452 depth=0.240 normal=0.121
[200 250/398] semantic=0.294 depth=0.394 normal=0.145
[200 275/398] semantic=0.292 depth=0.304 normal=0.151
MGDA-WARM WEIGHTS step=79500 weights=[0.0, 0.7454716563224792, 0.25452831387519836]
[200 300/398] semantic=0.413 depth=0.302 normal=0.160
[200 325/398] semantic=0.715 depth=0.203 normal=0.148
[200 350/398] semantic=0.483 depth=0.356 normal=0.135
[200 375/398] semantic=0.412 depth=0.300 normal=0.165
MGDA-WARM WEIGHTS step=79600 weights=[0.0, 0.6508103609085083, 0.3491896092891693]
[200 398/398] semantic=0.351 depth=0.169 normal=0.136
Epoch 200: mIoU=38.534 pix=63.959 abs=0.5703 rel=0.2398 normal_mean=28.274 delta=7.697 wall_h=68.635
