RUN dataset=nyuv2 method=moco seed=42 lr=0.0001 batch=2 epochs=200
RESULT /mloscratch/homes/mirrokni/LMO-MOO/results/nyuv2/moco_sd42.stats
CHECKPOINT /mloscratch/homes/mirrokni/LMO-MOO/results/checkpoints/nyuv2/moco_sd42.pt
[1 1/398] semantic=2.807 depth=1.638 normal=1.170
[1 25/398] semantic=2.269 depth=1.110 normal=0.402
[1 50/398] semantic=2.298 depth=0.729 normal=0.378
[1 75/398] semantic=2.230 depth=0.807 normal=0.376
[1 100/398] semantic=1.805 depth=1.203 normal=0.455
[1 125/398] semantic=1.567 depth=0.962 normal=0.373
[1 150/398] semantic=1.807 depth=1.279 normal=0.297
[1 175/398] semantic=1.777 depth=0.778 normal=0.359
[1 200/398] semantic=2.028 depth=0.413 normal=0.298
[1 225/398] semantic=1.883 depth=1.063 normal=0.257
[1 250/398] semantic=1.487 depth=0.755 normal=0.250
[1 275/398] semantic=2.048 depth=0.614 normal=0.237
[1 300/398] semantic=1.711 depth=1.426 normal=0.392
[1 325/398] semantic=1.919 depth=1.043 normal=0.331
[1 350/398] semantic=2.375 depth=0.996 normal=0.348
[1 375/398] semantic=2.212 depth=0.751 normal=0.399
[1 398/398] semantic=1.928 depth=0.786 normal=0.368
Epoch 001: mIoU=7.682 pix=33.989 abs=0.9426 rel=0.3467 normal_mean=45.099 delta=69.345 wall_h=0.517
[2 1/398] semantic=1.841 depth=0.788 normal=0.253
[2 25/398] semantic=1.851 depth=1.517 normal=0.394
[2 50/398] semantic=1.592 depth=1.071 normal=0.336
[2 75/398] semantic=2.365 depth=1.141 normal=0.431
[2 100/398] semantic=1.981 depth=0.728 normal=0.219
[2 125/398] semantic=1.539 depth=1.700 normal=0.262
[2 150/398] semantic=1.560 depth=1.386 normal=0.327
[2 175/398] semantic=2.314 depth=0.747 normal=0.374
[2 200/398] semantic=2.275 depth=1.855 normal=0.408
[2 225/398] semantic=1.588 depth=1.219 normal=0.315
[2 250/398] semantic=1.873 depth=0.997 normal=0.336
[2 275/398] semantic=1.901 depth=0.387 normal=0.331
[2 300/398] semantic=2.250 depth=0.899 normal=0.339
[2 325/398] semantic=2.200 depth=1.058 normal=0.412
[2 350/398] semantic=2.023 depth=0.550 normal=0.405
[2 375/398] semantic=1.911 depth=0.895 normal=0.408
[2 398/398] semantic=2.924 depth=2.236 normal=0.507
Epoch 002: mIoU=8.428 pix=37.068 abs=0.9415 rel=0.3335 normal_mean=43.786 delta=65.632 wall_h=1.021
[3 1/398] semantic=1.775 depth=0.746 normal=0.335
[3 25/398] semantic=1.822 depth=0.552 normal=0.228
[3 50/398] semantic=2.341 depth=0.577 normal=0.337
[3 75/398] semantic=1.915 depth=1.158 normal=0.534
[3 100/398] semantic=2.031 depth=0.849 normal=0.279
[3 125/398] semantic=1.924 depth=1.168 normal=0.354
[3 150/398] semantic=1.462 depth=0.398 normal=0.239
[3 175/398] semantic=1.854 depth=0.957 normal=0.322
[3 200/398] semantic=1.628 depth=1.053 normal=0.271
[3 225/398] semantic=1.827 depth=0.415 normal=0.235
[3 250/398] semantic=1.874 depth=0.704 normal=0.343
[3 275/398] semantic=1.700 depth=0.983 normal=0.303
[3 300/398] semantic=2.097 depth=1.320 normal=0.350
[3 325/398] semantic=1.816 depth=1.076 normal=0.306
[3 350/398] semantic=1.855 depth=0.715 normal=0.305
[3 375/398] semantic=1.906 depth=0.945 normal=0.314
[3 398/398] semantic=2.237 depth=0.623 normal=0.342
Epoch 003: mIoU=8.572 pix=37.872 abs=0.8477 rel=0.3474 normal_mean=43.615 delta=63.730 wall_h=1.531
[4 1/398] semantic=2.469 depth=0.542 normal=0.348
[4 25/398] semantic=2.040 depth=0.577 normal=0.281
[4 50/398] semantic=1.897 depth=1.085 normal=0.251
[4 75/398] semantic=2.056 depth=1.436 normal=0.386
[4 100/398] semantic=1.595 depth=0.720 normal=0.327
[4 125/398] semantic=1.673 depth=0.651 normal=0.358
[4 150/398] semantic=1.605 depth=0.652 normal=0.341
[4 175/398] semantic=1.496 depth=1.230 normal=0.260
[4 200/398] semantic=1.782 depth=1.046 normal=0.392
[4 225/398] semantic=2.001 depth=0.592 normal=0.291
[4 250/398] semantic=2.023 depth=0.866 normal=0.375
[4 275/398] semantic=1.607 depth=0.802 normal=0.276
[4 300/398] semantic=2.254 depth=1.746 normal=0.394
[4 325/398] semantic=1.851 depth=0.993 normal=0.295
[4 350/398] semantic=1.870 depth=0.537 normal=0.343
[4 375/398] semantic=1.492 depth=0.944 normal=0.425
[4 398/398] semantic=1.375 depth=1.048 normal=0.306
Epoch 004: mIoU=8.432 pix=38.809 abs=0.8483 rel=0.3283 normal_mean=41.988 delta=60.663 wall_h=2.048
[5 1/398] semantic=1.704 depth=0.796 normal=0.400
[5 25/398] semantic=1.510 depth=1.563 normal=0.329
[5 50/398] semantic=2.034 depth=0.698 normal=0.314
[5 75/398] semantic=2.478 depth=0.491 normal=0.341
[5 100/398] semantic=1.719 depth=0.525 normal=0.297
[5 125/398] semantic=2.046 depth=1.268 normal=0.395
[5 150/398] semantic=1.620 depth=0.489 normal=0.320
[5 175/398] semantic=2.401 depth=0.440 normal=0.371
[5 200/398] semantic=1.766 depth=0.921 normal=0.232
[5 225/398] semantic=2.245 depth=0.524 normal=0.319
[5 250/398] semantic=1.749 depth=1.407 normal=0.375
[5 275/398] semantic=1.914 depth=1.150 normal=0.394
[5 300/398] semantic=1.506 depth=0.734 normal=0.336
[5 325/398] semantic=1.686 depth=0.800 normal=0.381
[5 350/398] semantic=1.983 depth=0.697 normal=0.298
[5 375/398] semantic=2.082 depth=1.354 normal=0.432
[5 398/398] semantic=1.649 depth=0.947 normal=0.310
Epoch 005: mIoU=8.869 pix=39.532 abs=0.8557 rel=0.3248 normal_mean=41.637 delta=59.507 wall_h=2.564
[6 1/398] semantic=1.828 depth=0.495 normal=0.253
[6 25/398] semantic=1.966 depth=0.486 normal=0.281
[6 50/398] semantic=1.887 depth=0.761 normal=0.339
[6 75/398] semantic=1.577 depth=0.305 normal=0.214
[6 100/398] semantic=1.654 depth=1.555 normal=0.319
[6 125/398] semantic=1.652 depth=0.677 normal=0.256
[6 150/398] semantic=2.104 depth=0.695 normal=0.367
[6 175/398] semantic=1.578 depth=0.715 normal=0.272
[6 200/398] semantic=1.674 depth=0.534 normal=0.307
[6 225/398] semantic=2.239 depth=0.985 normal=0.334
[6 250/398] semantic=1.704 depth=0.872 normal=0.340
[6 275/398] semantic=1.820 depth=0.740 normal=0.280
[6 300/398] semantic=2.246 depth=0.344 normal=0.267
[6 325/398] semantic=1.611 depth=0.731 normal=0.357
[6 350/398] semantic=1.624 depth=0.544 normal=0.303
[6 375/398] semantic=1.730 depth=0.826 normal=0.386
[6 398/398] semantic=1.456 depth=1.049 normal=0.421
Epoch 006: mIoU=9.242 pix=39.461 abs=0.8381 rel=0.3302 normal_mean=40.979 delta=57.953 wall_h=3.087
[7 1/398] semantic=1.533 depth=1.096 normal=0.400
[7 25/398] semantic=2.364 depth=0.895 normal=0.273
[7 50/398] semantic=1.421 depth=0.735 normal=0.216
[7 75/398] semantic=1.946 depth=0.777 normal=0.254
[7 100/398] semantic=1.487 depth=0.783 normal=0.301
[7 125/398] semantic=2.302 depth=1.182 normal=0.301
[7 150/398] semantic=1.428 depth=0.709 normal=0.287
[7 175/398] semantic=1.414 depth=0.775 normal=0.311
[7 200/398] semantic=1.279 depth=1.422 normal=0.343
[7 225/398] semantic=1.607 depth=0.855 normal=0.273
[7 250/398] semantic=2.190 depth=0.812 normal=0.318
[7 275/398] semantic=1.668 depth=1.766 normal=0.290
[7 300/398] semantic=1.983 depth=0.960 normal=0.304
[7 325/398] semantic=1.403 depth=0.589 normal=0.320
[7 350/398] semantic=1.891 depth=1.980 normal=0.237
[7 375/398] semantic=2.214 depth=0.984 normal=0.286
[7 398/398] semantic=2.343 depth=0.359 normal=0.295
Epoch 007: mIoU=9.429 pix=39.993 abs=0.9029 rel=0.3234 normal_mean=40.797 delta=57.359 wall_h=3.606
[8 1/398] semantic=1.854 depth=0.827 normal=0.372
[8 25/398] semantic=1.744 depth=0.869 normal=0.316
[8 50/398] semantic=2.206 depth=0.817 normal=0.345
[8 75/398] semantic=1.800 depth=1.187 normal=0.372
[8 100/398] semantic=1.464 depth=1.216 normal=0.296
[8 125/398] semantic=1.973 depth=0.626 normal=0.279
[8 150/398] semantic=1.370 depth=0.601 normal=0.252
[8 175/398] semantic=1.801 depth=1.052 normal=0.334
[8 200/398] semantic=1.845 depth=0.554 normal=0.294
[8 225/398] semantic=1.523 depth=0.713 normal=0.355
[8 250/398] semantic=1.455 depth=0.485 normal=0.289
[8 275/398] semantic=1.618 depth=0.904 normal=0.374
[8 300/398] semantic=1.532 depth=1.902 normal=0.483
[8 325/398] semantic=1.648 depth=0.800 normal=0.253
[8 350/398] semantic=1.484 depth=0.424 normal=0.387
[8 375/398] semantic=1.843 depth=0.687 normal=0.371
[8 398/398] semantic=1.293 depth=0.530 normal=0.278
Epoch 008: mIoU=9.498 pix=39.471 abs=0.8806 rel=0.3212 normal_mean=42.038 delta=61.067 wall_h=4.121
[9 1/398] semantic=1.335 depth=0.499 normal=0.311
[9 25/398] semantic=1.782 depth=0.510 normal=0.266
[9 50/398] semantic=1.525 depth=0.757 normal=0.286
[9 75/398] semantic=1.770 depth=0.836 normal=0.374
[9 100/398] semantic=1.535 depth=0.457 normal=0.286
[9 125/398] semantic=1.991 depth=0.984 normal=0.314
[9 150/398] semantic=1.229 depth=0.738 normal=0.254
[9 175/398] semantic=1.382 depth=1.012 normal=0.306
[9 200/398] semantic=1.605 depth=0.676 normal=0.257
[9 225/398] semantic=2.225 depth=0.704 normal=0.304
[9 250/398] semantic=1.593 depth=0.447 normal=0.246
[9 275/398] semantic=1.812 depth=2.075 normal=0.362
[9 300/398] semantic=1.948 depth=1.379 normal=0.362
[9 325/398] semantic=1.886 depth=0.922 normal=0.244
[9 350/398] semantic=1.884 depth=0.597 normal=0.299
[9 375/398] semantic=1.912 depth=0.962 normal=0.278
[9 398/398] semantic=1.394 depth=1.427 normal=0.272
Epoch 009: mIoU=10.649 pix=41.299 abs=0.8295 rel=0.3703 normal_mean=40.764 delta=58.796 wall_h=4.633
[10 1/398] semantic=1.502 depth=1.078 normal=0.261
[10 25/398] semantic=1.956 depth=0.821 normal=0.365
[10 50/398] semantic=1.916 depth=0.724 normal=0.357
[10 75/398] semantic=1.894 depth=0.325 normal=0.235
[10 100/398] semantic=2.117 depth=0.559 normal=0.330
[10 125/398] semantic=1.547 depth=0.953 normal=0.332
[10 150/398] semantic=1.501 depth=1.304 normal=0.246
[10 175/398] semantic=1.343 depth=0.634 normal=0.260
[10 200/398] semantic=2.078 depth=0.511 normal=0.404
[10 225/398] semantic=1.772 depth=0.675 normal=0.339
[10 250/398] semantic=1.637 depth=0.887 normal=0.282
[10 275/398] semantic=1.699 depth=0.795 normal=0.329
[10 300/398] semantic=1.752 depth=0.649 normal=0.265
[10 325/398] semantic=1.597 depth=0.778 normal=0.246
[10 350/398] semantic=1.847 depth=0.367 normal=0.287
[10 375/398] semantic=1.402 depth=0.807 normal=0.359
[10 398/398] semantic=1.848 depth=0.443 normal=0.302
Epoch 010: mIoU=10.412 pix=41.486 abs=0.8454 rel=0.3149 normal_mean=40.320 delta=55.322 wall_h=5.147
[11 1/398] semantic=1.897 depth=0.514 normal=0.293
[11 25/398] semantic=1.269 depth=0.594 normal=0.219
[11 50/398] semantic=2.010 depth=0.978 normal=0.247
[11 75/398] semantic=1.519 depth=1.155 normal=0.317
[11 100/398] semantic=1.523 depth=0.672 normal=0.189
[11 125/398] semantic=1.963 depth=0.929 normal=0.219
[11 150/398] semantic=1.570 depth=1.037 normal=0.246
[11 175/398] semantic=1.956 depth=0.988 normal=0.322
[11 200/398] semantic=1.728 depth=0.602 normal=0.293
[11 225/398] semantic=1.577 depth=0.674 normal=0.258
[11 250/398] semantic=1.544 depth=0.791 normal=0.295
[11 275/398] semantic=1.443 depth=0.863 normal=0.220
[11 300/398] semantic=1.500 depth=0.874 normal=0.294
[11 325/398] semantic=1.863 depth=0.448 normal=0.210
[11 350/398] semantic=1.767 depth=1.217 normal=0.323
[11 375/398] semantic=1.234 depth=0.766 normal=0.250
[11 398/398] semantic=1.129 depth=1.344 normal=0.208
Epoch 011: mIoU=10.566 pix=41.344 abs=0.8158 rel=0.3327 normal_mean=40.164 delta=54.622 wall_h=5.661
[12 1/398] semantic=1.597 depth=0.929 normal=0.295
[12 25/398] semantic=1.601 depth=0.862 normal=0.350
[12 50/398] semantic=1.563 depth=1.158 normal=0.345
[12 75/398] semantic=1.550 depth=0.665 normal=0.352
[12 100/398] semantic=1.316 depth=0.801 normal=0.267
[12 125/398] semantic=1.390 depth=0.392 normal=0.279
[12 150/398] semantic=2.131 depth=0.745 normal=0.285
[12 175/398] semantic=1.933 depth=0.431 normal=0.331
[12 200/398] semantic=1.812 depth=0.861 normal=0.291
[12 225/398] semantic=1.407 depth=1.492 normal=0.323
[12 250/398] semantic=1.629 depth=0.886 normal=0.339
[12 275/398] semantic=1.710 depth=0.596 normal=0.246
[12 300/398] semantic=1.361 depth=0.965 normal=0.321
[12 325/398] semantic=1.460 depth=1.142 normal=0.258
[12 350/398] semantic=1.731 depth=1.478 normal=0.414
[12 375/398] semantic=1.102 depth=0.923 normal=0.234
[12 398/398] semantic=1.577 depth=0.317 normal=0.202
Epoch 012: mIoU=10.038 pix=41.945 abs=1.0251 rel=0.3369 normal_mean=39.905 delta=58.511 wall_h=6.170
[13 1/398] semantic=1.745 depth=0.774 normal=0.225
[13 25/398] semantic=1.960 depth=0.732 normal=0.310
[13 50/398] semantic=1.562 depth=1.236 normal=0.306
[13 75/398] semantic=2.081 depth=0.845 normal=0.362
[13 100/398] semantic=1.423 depth=0.348 normal=0.227
[13 125/398] semantic=1.602 depth=0.911 normal=0.247
[13 150/398] semantic=1.719 depth=1.282 normal=0.225
[13 175/398] semantic=1.772 depth=0.541 normal=0.306
[13 200/398] semantic=1.399 depth=0.569 normal=0.270
[13 225/398] semantic=2.034 depth=1.078 normal=0.291
[13 250/398] semantic=1.633 depth=0.662 normal=0.253
[13 275/398] semantic=1.677 depth=1.088 normal=0.263
[13 300/398] semantic=2.168 depth=0.898 normal=0.300
[13 325/398] semantic=1.873 depth=1.662 normal=0.332
[13 350/398] semantic=1.760 depth=1.319 normal=0.353
[13 375/398] semantic=1.908 depth=1.397 normal=0.222
[13 398/398] semantic=1.818 depth=0.492 normal=0.281
Epoch 013: mIoU=9.477 pix=38.893 abs=0.8910 rel=0.3181 normal_mean=40.677 delta=56.900 wall_h=6.679
[14 1/398] semantic=1.376 depth=0.352 normal=0.269
[14 25/398] semantic=1.793 depth=0.481 normal=0.363
[14 50/398] semantic=1.884 depth=1.049 normal=0.317
[14 75/398] semantic=1.701 depth=0.588 normal=0.336
[14 100/398] semantic=1.556 depth=0.443 normal=0.282
[14 125/398] semantic=1.953 depth=0.885 normal=0.284
[14 150/398] semantic=1.776 depth=0.688 normal=0.332
[14 175/398] semantic=1.883 depth=0.707 normal=0.304
[14 200/398] semantic=1.166 depth=0.711 normal=0.216
[14 225/398] semantic=1.509 depth=1.439 normal=0.289
[14 250/398] semantic=1.739 depth=0.727 normal=0.377
[14 275/398] semantic=1.203 depth=0.679 normal=0.218
[14 300/398] semantic=1.932 depth=0.642 normal=0.266
[14 325/398] semantic=1.539 depth=2.430 normal=0.244
[14 350/398] semantic=1.422 depth=0.655 normal=0.279
[14 375/398] semantic=1.912 depth=0.399 normal=0.236
[14 398/398] semantic=1.959 depth=0.671 normal=0.275
Epoch 014: mIoU=9.844 pix=41.140 abs=0.8140 rel=0.3164 normal_mean=40.323 delta=54.954 wall_h=7.188
[15 1/398] semantic=1.939 depth=0.657 normal=0.279
[15 25/398] semantic=1.970 depth=1.132 normal=0.272
[15 50/398] semantic=1.914 depth=0.517 normal=0.224
[15 75/398] semantic=1.850 depth=0.582 normal=0.297
[15 100/398] semantic=1.775 depth=0.832 normal=0.303
[15 125/398] semantic=1.706 depth=0.803 normal=0.262
[15 150/398] semantic=1.156 depth=0.656 normal=0.242
[15 175/398] semantic=1.626 depth=0.752 normal=0.242
[15 200/398] semantic=1.422 depth=1.421 normal=0.287
[15 225/398] semantic=1.460 depth=0.554 normal=0.304
[15 250/398] semantic=1.436 depth=0.622 normal=0.315
[15 275/398] semantic=1.797 depth=0.711 normal=0.284
[15 300/398] semantic=2.452 depth=1.303 normal=0.331
[15 325/398] semantic=1.507 depth=0.564 normal=0.298
[15 350/398] semantic=1.956 depth=0.736 normal=0.316
[15 375/398] semantic=1.732 depth=0.902 normal=0.270
[15 398/398] semantic=1.482 depth=0.824 normal=0.281
Epoch 015: mIoU=10.416 pix=42.550 abs=0.8139 rel=0.3356 normal_mean=39.952 delta=55.198 wall_h=7.702
[16 1/398] semantic=1.742 depth=0.722 normal=0.214
[16 25/398] semantic=1.484 depth=1.335 normal=0.245
[16 50/398] semantic=2.444 depth=1.082 normal=0.498
[16 75/398] semantic=2.186 depth=0.650 normal=0.300
[16 100/398] semantic=1.495 depth=0.547 normal=0.314
[16 125/398] semantic=1.736 depth=0.588 normal=0.266
[16 150/398] semantic=1.206 depth=0.582 normal=0.242
[16 175/398] semantic=1.803 depth=1.021 normal=0.417
[16 200/398] semantic=1.210 depth=0.810 normal=0.222
[16 225/398] semantic=1.623 depth=0.756 normal=0.232
[16 250/398] semantic=1.527 depth=0.742 normal=0.275
[16 275/398] semantic=1.422 depth=1.049 normal=0.266
[16 300/398] semantic=1.788 depth=1.307 normal=0.304
[16 325/398] semantic=1.893 depth=0.885 normal=0.189
[16 350/398] semantic=1.833 depth=0.751 normal=0.212
[16 375/398] semantic=1.233 depth=1.341 normal=0.258
[16 398/398] semantic=1.812 depth=0.676 normal=0.239
Epoch 016: mIoU=11.416 pix=42.710 abs=0.8446 rel=0.3334 normal_mean=39.596 delta=53.678 wall_h=8.230
[17 1/398] semantic=1.520 depth=0.939 normal=0.361
[17 25/398] semantic=1.699 depth=1.472 normal=0.322
[17 50/398] semantic=1.479 depth=1.052 normal=0.247
[17 75/398] semantic=1.905 depth=0.657 normal=0.417
[17 100/398] semantic=1.709 depth=0.840 normal=0.190
[17 125/398] semantic=1.910 depth=0.633 normal=0.288
[17 150/398] semantic=1.784 depth=0.682 normal=0.455
[17 175/398] semantic=1.533 depth=0.683 normal=0.289
[17 200/398] semantic=1.170 depth=0.792 normal=0.197
[17 225/398] semantic=1.275 depth=0.851 normal=0.247
[17 250/398] semantic=1.440 depth=1.082 normal=0.298
[17 275/398] semantic=1.211 depth=0.802 normal=0.221
[17 300/398] semantic=1.501 depth=0.714 normal=0.264
[17 325/398] semantic=1.497 depth=0.502 normal=0.261
[17 350/398] semantic=1.597 depth=0.328 normal=0.239
[17 375/398] semantic=1.431 depth=1.931 normal=0.218
[17 398/398] semantic=2.091 depth=0.911 normal=0.247
Epoch 017: mIoU=11.873 pix=41.959 abs=0.8208 rel=0.3435 normal_mean=39.809 delta=54.694 wall_h=8.745
[18 1/398] semantic=1.542 depth=0.582 normal=0.243
[18 25/398] semantic=1.706 depth=0.464 normal=0.308
[18 50/398] semantic=2.271 depth=0.552 normal=0.276
[18 75/398] semantic=1.996 depth=0.637 normal=0.299
[18 100/398] semantic=2.036 depth=1.011 normal=0.324
[18 125/398] semantic=1.464 depth=0.704 normal=0.226
[18 150/398] semantic=1.061 depth=0.786 normal=0.207
[18 175/398] semantic=1.412 depth=1.622 normal=0.235
[18 200/398] semantic=2.029 depth=0.636 normal=0.254
[18 225/398] semantic=1.657 depth=0.753 normal=0.201
[18 250/398] semantic=1.623 depth=1.609 normal=0.323
[18 275/398] semantic=1.732 depth=0.855 normal=0.302
[18 300/398] semantic=1.787 depth=1.184 normal=0.339
[18 325/398] semantic=1.756 depth=1.167 normal=0.336
[18 350/398] semantic=2.170 depth=0.635 normal=0.279
[18 375/398] semantic=2.710 depth=0.818 normal=0.347
[18 398/398] semantic=1.407 depth=1.209 normal=0.225
Epoch 018: mIoU=11.440 pix=41.493 abs=0.8187 rel=0.3258 normal_mean=39.590 delta=54.683 wall_h=9.254
[19 1/398] semantic=1.890 depth=0.797 normal=0.306
[19 25/398] semantic=1.611 depth=1.062 normal=0.276
[19 50/398] semantic=1.634 depth=0.581 normal=0.249
[19 75/398] semantic=2.023 depth=0.593 normal=0.259
[19 100/398] semantic=1.379 depth=0.750 normal=0.362
[19 125/398] semantic=1.609 depth=0.517 normal=0.271
[19 150/398] semantic=1.463 depth=0.719 normal=0.230
[19 175/398] semantic=1.386 depth=0.904 normal=0.245
[19 200/398] semantic=1.036 depth=0.557 normal=0.240
[19 225/398] semantic=1.562 depth=0.614 normal=0.274
[19 250/398] semantic=1.438 depth=0.532 normal=0.241
[19 275/398] semantic=1.700 depth=0.532 normal=0.197
[19 300/398] semantic=1.889 depth=1.487 normal=0.263
[19 325/398] semantic=2.177 depth=0.957 normal=0.187
[19 350/398] semantic=1.341 depth=0.529 normal=0.274
[19 375/398] semantic=2.294 depth=0.807 normal=0.320
[19 398/398] semantic=1.407 depth=0.393 normal=0.250
Epoch 019: mIoU=11.100 pix=38.883 abs=0.8648 rel=0.3089 normal_mean=39.581 delta=54.267 wall_h=9.767
[20 1/398] semantic=1.487 depth=0.329 normal=0.171
[20 25/398] semantic=2.023 depth=1.702 normal=0.437
[20 50/398] semantic=1.293 depth=0.790 normal=0.241
[20 75/398] semantic=1.568 depth=0.680 normal=0.291
[20 100/398] semantic=1.889 depth=0.648 normal=0.341
[20 125/398] semantic=1.560 depth=0.696 normal=0.231
[20 150/398] semantic=1.769 depth=0.423 normal=0.321
[20 175/398] semantic=1.282 depth=0.461 normal=0.201
[20 200/398] semantic=1.644 depth=1.107 normal=0.296
[20 225/398] semantic=1.434 depth=0.736 normal=0.236
[20 250/398] semantic=1.638 depth=0.933 normal=0.280
[20 275/398] semantic=2.729 depth=1.497 normal=0.293
[20 300/398] semantic=1.889 depth=0.634 normal=0.297
[20 325/398] semantic=1.174 depth=0.861 normal=0.276
[20 350/398] semantic=2.031 depth=0.804 normal=0.343
[20 375/398] semantic=1.616 depth=1.098 normal=0.254
[20 398/398] semantic=2.519 depth=0.384 normal=0.358
Epoch 020: mIoU=12.744 pix=43.052 abs=0.8172 rel=0.3129 normal_mean=39.102 delta=52.231 wall_h=10.281
[21 1/398] semantic=1.681 depth=0.648 normal=0.250
[21 25/398] semantic=1.435 depth=0.448 normal=0.298
[21 50/398] semantic=2.325 depth=0.586 normal=0.315
[21 75/398] semantic=1.576 depth=0.513 normal=0.249
[21 100/398] semantic=1.905 depth=1.485 normal=0.259
[21 125/398] semantic=1.853 depth=1.304 normal=0.289
[21 150/398] semantic=1.757 depth=0.978 normal=0.291
[21 175/398] semantic=1.342 depth=0.728 normal=0.374
[21 200/398] semantic=1.760 depth=0.755 normal=0.220
[21 225/398] semantic=1.370 depth=1.561 normal=0.311
[21 250/398] semantic=1.406 depth=0.723 normal=0.308
[21 275/398] semantic=1.824 depth=0.802 normal=0.291
[21 300/398] semantic=1.336 depth=0.799 normal=0.265
[21 325/398] semantic=1.403 depth=0.931 normal=0.401
[21 350/398] semantic=1.602 depth=0.571 normal=0.321
[21 375/398] semantic=1.643 depth=0.546 normal=0.257
[21 398/398] semantic=1.860 depth=0.556 normal=0.194
Epoch 021: mIoU=11.365 pix=42.369 abs=0.8221 rel=0.3040 normal_mean=38.602 delta=51.532 wall_h=10.801
[22 1/398] semantic=1.691 depth=0.530 normal=0.231
[22 25/398] semantic=1.601 depth=0.631 normal=0.266
[22 50/398] semantic=2.252 depth=0.724 normal=0.297
[22 75/398] semantic=1.482 depth=0.946 normal=0.294
[22 100/398] semantic=1.695 depth=0.573 normal=0.238
[22 125/398] semantic=1.451 depth=0.705 normal=0.267
[22 150/398] semantic=1.563 depth=0.674 normal=0.275
[22 175/398] semantic=1.978 depth=0.745 normal=0.315
[22 200/398] semantic=1.609 depth=0.625 normal=0.467
[22 225/398] semantic=1.473 depth=0.448 normal=0.179
[22 250/398] semantic=2.437 depth=0.674 normal=0.240
[22 275/398] semantic=1.733 depth=0.495 normal=0.288
[22 300/398] semantic=2.315 depth=0.566 normal=0.326
[22 325/398] semantic=1.529 depth=0.975 normal=0.315
[22 350/398] semantic=1.685 depth=0.551 normal=0.253
[22 375/398] semantic=1.735 depth=0.481 normal=0.299
[22 398/398] semantic=1.122 depth=0.576 normal=0.364
Epoch 022: mIoU=11.591 pix=41.980 abs=0.8474 rel=0.3114 normal_mean=38.467 delta=50.773 wall_h=11.311
[23 1/398] semantic=1.229 depth=0.729 normal=0.237
[23 25/398] semantic=1.666 depth=0.808 normal=0.289
[23 50/398] semantic=1.479 depth=0.775 normal=0.210
[23 75/398] semantic=2.365 depth=1.091 normal=0.288
[23 100/398] semantic=1.398 depth=0.476 normal=0.232
[23 125/398] semantic=1.645 depth=0.871 normal=0.309
[23 150/398] semantic=1.746 depth=0.737 normal=0.250
[23 175/398] semantic=1.100 depth=1.070 normal=0.244
[23 200/398] semantic=1.178 depth=0.852 normal=0.359
[23 225/398] semantic=1.600 depth=0.475 normal=0.281
[23 250/398] semantic=2.788 depth=1.409 normal=0.345
[23 275/398] semantic=2.056 depth=0.918 normal=0.429
[23 300/398] semantic=1.521 depth=0.489 normal=0.259
[23 325/398] semantic=1.788 depth=0.577 normal=0.258
[23 350/398] semantic=1.127 depth=0.947 normal=0.226
[23 375/398] semantic=1.737 depth=1.240 normal=0.298
[23 398/398] semantic=2.100 depth=1.502 normal=0.195
Epoch 023: mIoU=10.803 pix=41.994 abs=0.8142 rel=0.3450 normal_mean=37.880 delta=50.014 wall_h=11.822
[24 1/398] semantic=1.529 depth=0.662 normal=0.296
[24 25/398] semantic=1.601 depth=0.708 normal=0.341
[24 50/398] semantic=1.481 depth=1.406 normal=0.242
[24 75/398] semantic=1.540 depth=0.547 normal=0.271
[24 100/398] semantic=2.001 depth=0.738 normal=0.279
[24 125/398] semantic=2.500 depth=1.138 normal=0.299
[24 150/398] semantic=2.043 depth=0.916 normal=0.267
[24 175/398] semantic=1.522 depth=0.537 normal=0.210
[24 200/398] semantic=1.387 depth=0.501 normal=0.246
[24 225/398] semantic=2.053 depth=0.653 normal=0.339
[24 250/398] semantic=1.828 depth=0.803 normal=0.242
[24 275/398] semantic=1.748 depth=0.889 normal=0.280
[24 300/398] semantic=1.633 depth=0.566 normal=0.284
[24 325/398] semantic=1.631 depth=0.627 normal=0.247
[24 350/398] semantic=1.686 depth=0.617 normal=0.272
[24 375/398] semantic=2.221 depth=0.644 normal=0.288
[24 398/398] semantic=2.022 depth=0.928 normal=0.280
Epoch 024: mIoU=13.213 pix=44.027 abs=0.7809 rel=0.3191 normal_mean=37.505 delta=47.604 wall_h=12.339
[25 1/398] semantic=1.908 depth=0.598 normal=0.324
[25 25/398] semantic=1.496 depth=0.688 normal=0.336
[25 50/398] semantic=1.759 depth=0.725 normal=0.289
[25 75/398] semantic=1.382 depth=0.954 normal=0.208
[25 100/398] semantic=1.878 depth=0.731 normal=0.299
[25 125/398] semantic=1.651 depth=0.697 normal=0.300
[25 150/398] semantic=1.534 depth=1.551 normal=0.253
[25 175/398] semantic=1.720 depth=0.523 normal=0.222
[25 200/398] semantic=1.302 depth=0.622 normal=0.248
[25 225/398] semantic=1.708 depth=0.554 normal=0.219
[25 250/398] semantic=1.894 depth=1.629 normal=0.296
[25 275/398] semantic=1.957 depth=0.518 normal=0.241
[25 300/398] semantic=1.681 depth=0.857 normal=0.292
[25 325/398] semantic=1.702 depth=0.860 normal=0.270
[25 350/398] semantic=1.349 depth=0.536 normal=0.218
[25 375/398] semantic=1.929 depth=0.303 normal=0.249
[25 398/398] semantic=1.399 depth=1.069 normal=0.278
Epoch 025: mIoU=11.627 pix=42.293 abs=0.7992 rel=0.3119 normal_mean=38.002 delta=50.197 wall_h=12.861
[26 1/398] semantic=1.363 depth=1.047 normal=0.298
[26 25/398] semantic=1.147 depth=0.874 normal=0.256
[26 50/398] semantic=1.497 depth=0.461 normal=0.245
[26 75/398] semantic=1.540 depth=0.541 normal=0.239
[26 100/398] semantic=1.462 depth=0.753 normal=0.248
[26 125/398] semantic=1.197 depth=1.645 normal=0.210
[26 150/398] semantic=1.257 depth=0.794 normal=0.278
[26 175/398] semantic=1.364 depth=0.952 normal=0.316
[26 200/398] semantic=1.553 depth=0.871 normal=0.252
[26 225/398] semantic=1.731 depth=0.550 normal=0.220
[26 250/398] semantic=1.677 depth=0.785 normal=0.267
[26 275/398] semantic=1.753 depth=0.777 normal=0.272
[26 300/398] semantic=1.598 depth=0.739 normal=0.291
[26 325/398] semantic=1.351 depth=0.850 normal=0.255
[26 350/398] semantic=1.528 depth=0.537 normal=0.226
[26 375/398] semantic=1.465 depth=0.893 normal=0.299
[26 398/398] semantic=1.200 depth=0.401 normal=0.269
Epoch 026: mIoU=11.854 pix=44.368 abs=0.8918 rel=0.3097 normal_mean=36.927 delta=47.097 wall_h=13.382
[27 1/398] semantic=1.589 depth=1.323 normal=0.279
[27 25/398] semantic=1.921 depth=1.265 normal=0.379
[27 50/398] semantic=1.816 depth=0.374 normal=0.197
[27 75/398] semantic=1.465 depth=0.640 normal=0.216
[27 100/398] semantic=1.712 depth=0.677 normal=0.276
[27 125/398] semantic=1.556 depth=0.685 normal=0.263
[27 150/398] semantic=1.897 depth=0.728 normal=0.277
[27 175/398] semantic=1.591 depth=0.871 normal=0.259
[27 200/398] semantic=2.354 depth=1.690 normal=0.290
[27 225/398] semantic=1.286 depth=1.038 normal=0.291
[27 250/398] semantic=1.738 depth=0.584 normal=0.247
[27 275/398] semantic=1.439 depth=0.725 normal=0.195
[27 300/398] semantic=2.135 depth=0.669 normal=0.295
[27 325/398] semantic=1.457 depth=1.015 normal=0.266
[27 350/398] semantic=1.323 depth=0.469 normal=0.214
[27 375/398] semantic=1.563 depth=0.352 normal=0.272
[27 398/398] semantic=1.441 depth=0.765 normal=0.209
Epoch 027: mIoU=11.963 pix=42.054 abs=0.7673 rel=0.3157 normal_mean=37.004 delta=46.148 wall_h=13.898
[28 1/398] semantic=1.282 depth=1.054 normal=0.254
[28 25/398] semantic=1.448 depth=0.636 normal=0.226
[28 50/398] semantic=1.410 depth=1.098 normal=0.260
[28 75/398] semantic=1.738 depth=1.411 normal=0.321
[28 100/398] semantic=2.099 depth=0.854 normal=0.282
[28 125/398] semantic=1.255 depth=1.293 normal=0.329
[28 150/398] semantic=1.401 depth=0.730 normal=0.216
[28 175/398] semantic=1.492 depth=0.524 normal=0.259
[28 200/398] semantic=1.429 depth=0.521 normal=0.259
[28 225/398] semantic=1.580 depth=0.546 normal=0.249
[28 250/398] semantic=1.281 depth=0.624 normal=0.256
[28 275/398] semantic=2.342 depth=0.534 normal=0.281
[28 300/398] semantic=1.571 depth=0.380 normal=0.265
[28 325/398] semantic=2.613 depth=0.556 normal=0.323
[28 350/398] semantic=1.624 depth=0.827 normal=0.268
[28 375/398] semantic=1.210 depth=0.861 normal=0.318
[28 398/398] semantic=1.535 depth=1.090 normal=0.325
Epoch 028: mIoU=12.784 pix=44.669 abs=0.7868 rel=0.3097 normal_mean=37.811 delta=48.114 wall_h=14.409
[29 1/398] semantic=1.454 depth=0.722 normal=0.327
[29 25/398] semantic=1.433 depth=1.176 normal=0.239
[29 50/398] semantic=1.510 depth=0.629 normal=0.248
[29 75/398] semantic=1.380 depth=0.577 normal=0.325
[29 100/398] semantic=1.442 depth=0.482 normal=0.198
[29 125/398] semantic=1.560 depth=0.650 normal=0.312
[29 150/398] semantic=1.154 depth=0.594 normal=0.210
[29 175/398] semantic=1.755 depth=0.975 normal=0.275
[29 200/398] semantic=1.243 depth=0.889 normal=0.192
[29 225/398] semantic=1.641 depth=0.539 normal=0.184
[29 250/398] semantic=1.772 depth=1.712 normal=0.306
[29 275/398] semantic=1.928 depth=0.744 normal=0.314
[29 300/398] semantic=1.257 depth=0.592 normal=0.235
[29 325/398] semantic=1.765 depth=0.992 normal=0.256
[29 350/398] semantic=1.065 depth=0.558 normal=0.257
[29 375/398] semantic=2.080 depth=0.497 normal=0.249
[29 398/398] semantic=1.155 depth=0.466 normal=0.232
Epoch 029: mIoU=14.601 pix=46.657 abs=0.7709 rel=0.3003 normal_mean=36.581 delta=42.282 wall_h=14.927
[30 1/398] semantic=1.648 depth=0.398 normal=0.276
[30 25/398] semantic=2.096 depth=0.542 normal=0.212
[30 50/398] semantic=1.559 depth=0.546 normal=0.337
[30 75/398] semantic=1.900 depth=0.760 normal=0.266
[30 100/398] semantic=1.597 depth=0.303 normal=0.226
[30 125/398] semantic=1.636 depth=0.475 normal=0.274
[30 150/398] semantic=1.363 depth=0.924 normal=0.250
[30 175/398] semantic=1.210 depth=0.487 normal=0.151
[30 200/398] semantic=1.429 depth=0.778 normal=0.228
[30 225/398] semantic=1.339 depth=0.377 normal=0.316
[30 250/398] semantic=1.795 depth=0.563 normal=0.213
[30 275/398] semantic=1.178 depth=0.607 normal=0.240
[30 300/398] semantic=1.201 depth=0.740 normal=0.288
[30 325/398] semantic=1.545 depth=0.582 normal=0.204
[30 350/398] semantic=1.344 depth=0.740 normal=0.209
[30 375/398] semantic=1.447 depth=0.339 normal=0.266
[30 398/398] semantic=1.306 depth=0.652 normal=0.308
Epoch 030: mIoU=12.635 pix=43.623 abs=0.8314 rel=0.3030 normal_mean=36.602 delta=45.160 wall_h=15.445
[31 1/398] semantic=2.004 depth=0.581 normal=0.215
[31 25/398] semantic=1.431 depth=0.615 normal=0.238
[31 50/398] semantic=2.038 depth=0.860 normal=0.268
[31 75/398] semantic=1.926 depth=0.562 normal=0.222
[31 100/398] semantic=1.456 depth=0.574 normal=0.245
[31 125/398] semantic=1.310 depth=0.663 normal=0.298
[31 150/398] semantic=1.423 depth=0.565 normal=0.222
[31 175/398] semantic=1.549 depth=0.700 normal=0.343
[31 200/398] semantic=1.759 depth=1.111 normal=0.365
[31 225/398] semantic=1.329 depth=1.954 normal=0.253
[31 250/398] semantic=1.514 depth=0.901 normal=0.257
[31 275/398] semantic=1.094 depth=1.419 normal=0.229
[31 300/398] semantic=1.996 depth=0.577 normal=0.347
[31 325/398] semantic=1.434 depth=0.947 normal=0.257
[31 350/398] semantic=1.434 depth=0.472 normal=0.204
[31 375/398] semantic=1.923 depth=1.089 normal=0.266
[31 398/398] semantic=2.768 depth=0.646 normal=0.266
Epoch 031: mIoU=15.502 pix=47.084 abs=0.7916 rel=0.3502 normal_mean=35.656 delta=41.465 wall_h=15.975
[32 1/398] semantic=1.685 depth=0.603 normal=0.236
[32 25/398] semantic=1.577 depth=0.415 normal=0.151
[32 50/398] semantic=1.348 depth=0.584 normal=0.338
[32 75/398] semantic=2.047 depth=0.811 normal=0.325
[32 100/398] semantic=1.556 depth=0.920 normal=0.274
[32 125/398] semantic=1.797 depth=0.562 normal=0.270
[32 150/398] semantic=1.386 depth=0.978 normal=0.252
[32 175/398] semantic=1.738 depth=0.801 normal=0.333
[32 200/398] semantic=1.142 depth=0.740 normal=0.347
[32 225/398] semantic=1.853 depth=0.715 normal=0.215
[32 250/398] semantic=1.251 depth=0.773 normal=0.277
[32 275/398] semantic=1.305 depth=1.377 normal=0.232
[32 300/398] semantic=1.172 depth=0.616 normal=0.292
[32 325/398] semantic=1.475 depth=0.758 normal=0.255
[32 350/398] semantic=1.601 depth=0.591 normal=0.195
[32 375/398] semantic=1.496 depth=0.362 normal=0.276
[32 398/398] semantic=0.818 depth=0.386 normal=0.191
Epoch 032: mIoU=13.931 pix=46.298 abs=0.8136 rel=0.3011 normal_mean=36.436 delta=44.036 wall_h=16.517
[33 1/398] semantic=1.695 depth=0.629 normal=0.300
[33 25/398] semantic=1.344 depth=0.783 normal=0.234
[33 50/398] semantic=1.662 depth=1.363 normal=0.279
[33 75/398] semantic=1.549 depth=1.021 normal=0.271
[33 100/398] semantic=1.210 depth=0.570 normal=0.298
[33 125/398] semantic=1.788 depth=0.844 normal=0.269
[33 150/398] semantic=1.462 depth=1.116 normal=0.302
[33 175/398] semantic=1.803 depth=0.565 normal=0.246
[33 200/398] semantic=2.038 depth=1.002 normal=0.365
[33 225/398] semantic=1.388 depth=0.484 normal=0.264
[33 250/398] semantic=1.797 depth=0.412 normal=0.243
[33 275/398] semantic=1.419 depth=1.344 normal=0.265
[33 300/398] semantic=1.113 depth=0.362 normal=0.212
[33 325/398] semantic=1.518 depth=0.916 normal=0.266
[33 350/398] semantic=1.765 depth=0.495 normal=0.181
[33 375/398] semantic=1.544 depth=0.702 normal=0.226
[33 398/398] semantic=1.927 depth=1.068 normal=0.272
Epoch 033: mIoU=14.333 pix=46.281 abs=0.7719 rel=0.3159 normal_mean=35.640 delta=41.406 wall_h=17.091
[34 1/398] semantic=1.750 depth=0.401 normal=0.210
[34 25/398] semantic=1.478 depth=0.751 normal=0.207
[34 50/398] semantic=1.520 depth=0.900 normal=0.215
[34 75/398] semantic=1.524 depth=0.964 normal=0.254
[34 100/398] semantic=1.460 depth=1.141 normal=0.227
[34 125/398] semantic=1.699 depth=0.668 normal=0.269
[34 150/398] semantic=1.237 depth=0.688 normal=0.282
[34 175/398] semantic=1.552 depth=0.476 normal=0.254
[34 200/398] semantic=2.155 depth=0.654 normal=0.238
[34 225/398] semantic=1.739 depth=0.595 normal=0.391
[34 250/398] semantic=1.609 depth=0.464 normal=0.329
[34 275/398] semantic=1.014 depth=0.734 normal=0.282
[34 300/398] semantic=1.994 depth=0.551 normal=0.263
[34 325/398] semantic=1.707 depth=0.508 normal=0.307
[34 350/398] semantic=1.612 depth=1.193 normal=0.283
[34 375/398] semantic=1.673 depth=0.556 normal=0.248
[34 398/398] semantic=1.195 depth=0.408 normal=0.179
Epoch 034: mIoU=13.454 pix=44.144 abs=0.9374 rel=0.3163 normal_mean=36.912 delta=49.008 wall_h=17.677
[35 1/398] semantic=2.038 depth=0.422 normal=0.253
[35 25/398] semantic=2.202 depth=0.795 normal=0.220
[35 50/398] semantic=1.530 depth=0.653 normal=0.202
[35 75/398] semantic=1.338 depth=0.461 normal=0.229
[35 100/398] semantic=1.698 depth=0.638 normal=0.312
[35 125/398] semantic=1.457 depth=0.580 normal=0.188
[35 150/398] semantic=1.877 depth=1.004 normal=0.214
[35 175/398] semantic=1.620 depth=0.855 normal=0.309
[35 200/398] semantic=1.467 depth=0.777 normal=0.344
[35 225/398] semantic=1.486 depth=0.853 normal=0.236
[35 250/398] semantic=1.476 depth=0.499 normal=0.199
[35 275/398] semantic=1.212 depth=0.581 normal=0.230
[35 300/398] semantic=1.331 depth=0.611 normal=0.230
[35 325/398] semantic=1.408 depth=0.599 normal=0.244
[35 350/398] semantic=1.543 depth=0.428 normal=0.254
[35 375/398] semantic=1.549 depth=0.480 normal=0.257
[35 398/398] semantic=1.441 depth=0.943 normal=0.191
Epoch 035: mIoU=13.295 pix=43.798 abs=0.7900 rel=0.3260 normal_mean=36.420 delta=45.774 wall_h=18.247
[36 1/398] semantic=2.084 depth=0.631 normal=0.263
[36 25/398] semantic=1.854 depth=0.905 normal=0.318
[36 50/398] semantic=1.623 depth=0.769 normal=0.274
[36 75/398] semantic=1.503 depth=0.912 normal=0.231
[36 100/398] semantic=1.203 depth=0.671 normal=0.254
[36 125/398] semantic=1.318 depth=0.697 normal=0.220
[36 150/398] semantic=1.167 depth=0.582 normal=0.259
[36 175/398] semantic=1.506 depth=0.564 normal=0.204
[36 200/398] semantic=1.550 depth=0.504 normal=0.203
[36 225/398] semantic=1.353 depth=0.756 normal=0.216
[36 250/398] semantic=2.399 depth=0.984 normal=0.291
[36 275/398] semantic=1.374 depth=0.590 normal=0.271
[36 300/398] semantic=1.476 depth=0.425 normal=0.199
[36 325/398] semantic=1.468 depth=0.889 normal=0.259
[36 350/398] semantic=1.170 depth=0.597 normal=0.195
[36 375/398] semantic=1.484 depth=0.410 normal=0.187
[36 398/398] semantic=1.295 depth=1.176 normal=0.314
Epoch 036: mIoU=14.173 pix=46.399 abs=0.7904 rel=0.3571 normal_mean=35.807 delta=43.363 wall_h=18.792
[37 1/398] semantic=1.933 depth=0.923 normal=0.298
[37 25/398] semantic=1.470 depth=0.814 normal=0.351
[37 50/398] semantic=1.495 depth=0.473 normal=0.247
[37 75/398] semantic=1.509 depth=0.672 normal=0.229
[37 100/398] semantic=1.184 depth=0.600 normal=0.225
[37 125/398] semantic=2.094 depth=1.323 normal=0.265
[37 150/398] semantic=1.424 depth=0.565 normal=0.232
[37 175/398] semantic=1.633 depth=0.441 normal=0.211
[37 200/398] semantic=1.390 depth=0.755 normal=0.263
[37 225/398] semantic=1.389 depth=0.446 normal=0.184
[37 250/398] semantic=1.661 depth=1.165 normal=0.311
[37 275/398] semantic=1.223 depth=0.992 normal=0.225
[37 300/398] semantic=1.367 depth=0.625 normal=0.256
[37 325/398] semantic=1.684 depth=0.614 normal=0.323
[37 350/398] semantic=2.024 depth=0.775 normal=0.282
[37 375/398] semantic=1.350 depth=0.527 normal=0.226
[37 398/398] semantic=1.127 depth=0.655 normal=0.294
Epoch 037: mIoU=13.661 pix=44.737 abs=0.7934 rel=0.3064 normal_mean=36.125 delta=43.698 wall_h=19.344
[38 1/398] semantic=1.321 depth=0.946 normal=0.324
[38 25/398] semantic=1.900 depth=0.855 normal=0.235
[38 50/398] semantic=0.994 depth=0.473 normal=0.191
[38 75/398] semantic=1.425 depth=0.769 normal=0.203
[38 100/398] semantic=1.274 depth=0.817 normal=0.252
[38 125/398] semantic=0.821 depth=0.798 normal=0.240
[38 150/398] semantic=1.061 depth=0.591 normal=0.220
[38 175/398] semantic=1.254 depth=1.014 normal=0.231
[38 200/398] semantic=1.453 depth=0.653 normal=0.191
[38 225/398] semantic=2.314 depth=0.586 normal=0.223
[38 250/398] semantic=1.757 depth=0.880 normal=0.227
[38 275/398] semantic=1.571 depth=1.397 normal=0.347
[38 300/398] semantic=2.012 depth=0.975 normal=0.322
[38 325/398] semantic=1.314 depth=0.809 normal=0.218
[38 350/398] semantic=2.341 depth=0.385 normal=0.284
[38 375/398] semantic=1.509 depth=0.694 normal=0.325
[38 398/398] semantic=1.537 depth=0.398 normal=0.257
RUN dataset=nyuv2 method=moco seed=42 lr=0.0001 batch=2 epochs=200 model=mtan
RESULT /mloscratch/homes/mirrokni/LMO-MOO/results/nyuv2/moco_sd42.stats
CHECKPOINT /mloscratch/homes/mirrokni/LMO-MOO/results/checkpoints/nyuv2/moco_sd42.pt
OPTIMIZER Adam lr=0.0001
RESUME epoch=38 phase=evaluate next_batch=60/327
RUN dataset=nyuv2 method=moco seed=42 lr=0.0001 batch=2 epochs=200 model=mtan
RESULT /mloscratch/homes/mirrokni/LMO-MOO/results/nyuv2/moco_sd42.stats
CHECKPOINT /mloscratch/homes/mirrokni/LMO-MOO/results/checkpoints/nyuv2/moco_sd42.pt
OPTIMIZER Adam lr=0.0001
RESUME epoch=38 phase=evaluate next_batch=163/327
RUN dataset=nyuv2 method=moco seed=42 lr=0.0001 batch=2 epochs=200 model=mtan
RESULT /mloscratch/homes/mirrokni/LMO-MOO/results/nyuv2/moco_sd42.stats
CHECKPOINT /mloscratch/homes/mirrokni/LMO-MOO/results/checkpoints/nyuv2/moco_sd42.pt
OPTIMIZER Adam lr=0.0001
RESUME epoch=38 phase=evaluate next_batch=264/327
Epoch 038: mIoU=13.585 pix=45.025 abs=0.7631 rel=0.3017 normal_mean=35.906 delta=43.127 wall_h=19.892
[39 1/398] semantic=2.016 depth=0.489 normal=0.265
[39 25/398] semantic=2.604 depth=0.767 normal=0.340
[39 50/398] semantic=1.803 depth=0.981 normal=0.216
[39 75/398] semantic=1.721 depth=0.825 normal=0.183
[39 100/398] semantic=1.509 depth=0.548 normal=0.278
[39 125/398] semantic=1.153 depth=0.570 normal=0.353
[39 150/398] semantic=1.735 depth=0.769 normal=0.208
[39 175/398] semantic=1.111 depth=0.443 normal=0.285
[39 200/398] semantic=1.017 depth=0.795 normal=0.234
RUN dataset=nyuv2 method=moco seed=42 lr=0.0001 batch=2 epochs=200 model=mtan
RESULT /mloscratch/homes/mirrokni/LMO-MOO/results/nyuv2/moco_sd42.stats
CHECKPOINT /mloscratch/homes/mirrokni/LMO-MOO/results/checkpoints/nyuv2/moco_sd42.pt
OPTIMIZER Adam lr=0.0001
RESUME epoch=39 phase=train next_batch=214/398
[39 225/398] semantic=1.266 depth=0.576 normal=0.278
[39 250/398] semantic=1.864 depth=0.632 normal=0.257
[39 275/398] semantic=1.538 depth=0.399 normal=0.269
[39 300/398] semantic=1.621 depth=1.166 normal=0.224
[39 325/398] semantic=1.805 depth=0.755 normal=0.274
[39 350/398] semantic=1.365 depth=1.312 normal=0.238
[39 375/398] semantic=2.187 depth=0.754 normal=0.269
[39 398/398] semantic=2.060 depth=1.296 normal=0.249
RUN dataset=nyuv2 method=moco seed=42 lr=0.0001 batch=2 epochs=200 model=mtan
RESULT /mloscratch/homes/mirrokni/LMO-MOO/results/nyuv2/moco_sd42.stats
CHECKPOINT /mloscratch/homes/mirrokni/LMO-MOO/results/checkpoints/nyuv2/moco_sd42.pt
OPTIMIZER Adam lr=0.0001
RESUME epoch=39 phase=evaluate next_batch=10/327
Epoch 039: mIoU=15.157 pix=46.549 abs=0.7576 rel=0.3108 normal_mean=35.707 delta=41.100 wall_h=20.517
[40 1/398] semantic=1.966 depth=1.213 normal=0.310
[40 25/398] semantic=1.508 depth=0.477 normal=0.230
[40 50/398] semantic=1.147 depth=0.452 normal=0.238
[40 75/398] semantic=1.449 depth=1.083 normal=0.271
[40 100/398] semantic=1.206 depth=0.607 normal=0.212
[40 125/398] semantic=1.081 depth=0.789 normal=0.225
[40 150/398] semantic=1.503 depth=0.712 normal=0.320
[40 175/398] semantic=1.389 depth=0.352 normal=0.203
[40 200/398] semantic=1.349 depth=0.581 normal=0.225
[40 225/398] semantic=1.292 depth=0.577 normal=0.258
[40 250/398] semantic=1.568 depth=0.696 normal=0.235
[40 275/398] semantic=1.295 depth=0.908 normal=0.223
[40 300/398] semantic=1.331 depth=0.696 normal=0.219
[40 325/398] semantic=1.527 depth=0.759 normal=0.229
[40 350/398] semantic=1.562 depth=0.512 normal=0.242
[40 375/398] semantic=1.752 depth=0.477 normal=0.249
[40 398/398] semantic=1.604 depth=0.513 normal=0.300
Epoch 040: mIoU=14.779 pix=47.090 abs=0.8315 rel=0.3745 normal_mean=35.399 delta=44.469 wall_h=21.063
[41 1/398] semantic=1.015 depth=1.180 normal=0.263
[41 25/398] semantic=1.414 depth=0.494 normal=0.253
[41 50/398] semantic=1.121 depth=0.939 normal=0.171
[41 75/398] semantic=1.373 depth=0.920 normal=0.314
[41 100/398] semantic=1.512 depth=0.792 normal=0.213
[41 125/398] semantic=1.403 depth=0.425 normal=0.194
[41 150/398] semantic=1.178 depth=0.535 normal=0.240
[41 175/398] semantic=1.182 depth=0.563 normal=0.269
[41 200/398] semantic=1.787 depth=0.413 normal=0.234
[41 225/398] semantic=1.352 depth=0.826 normal=0.323
[41 250/398] semantic=1.824 depth=1.517 normal=0.264
[41 275/398] semantic=1.476 depth=0.493 normal=0.261
[41 300/398] semantic=1.184 depth=0.654 normal=0.210
[41 325/398] semantic=1.015 depth=0.749 normal=0.210
[41 350/398] semantic=1.902 depth=1.841 normal=0.301
[41 375/398] semantic=1.550 depth=0.651 normal=0.251
[41 398/398] semantic=1.471 depth=0.837 normal=0.205
Epoch 041: mIoU=15.641 pix=46.319 abs=0.7778 rel=0.3548 normal_mean=35.228 delta=41.742 wall_h=21.594
[42 1/398] semantic=1.446 depth=0.455 normal=0.227
[42 25/398] semantic=1.154 depth=0.525 normal=0.185
[42 50/398] semantic=1.642 depth=0.539 normal=0.163
[42 75/398] semantic=1.280 depth=0.383 normal=0.230
[42 100/398] semantic=1.470 depth=0.758 normal=0.241
[42 125/398] semantic=1.276 depth=0.612 normal=0.218
[42 150/398] semantic=1.007 depth=0.536 normal=0.182
[42 175/398] semantic=1.464 depth=0.716 normal=0.238
[42 200/398] semantic=1.392 depth=0.857 normal=0.250
[42 225/398] semantic=1.307 depth=0.417 normal=0.215
[42 250/398] semantic=1.613 depth=0.864 normal=0.260
[42 275/398] semantic=1.238 depth=0.683 normal=0.317
[42 300/398] semantic=1.685 depth=0.825 normal=0.231
[42 325/398] semantic=2.887 depth=0.804 normal=0.488
[42 350/398] semantic=1.295 depth=1.138 normal=0.238
[42 375/398] semantic=1.618 depth=0.713 normal=0.303
[42 398/398] semantic=1.929 depth=1.493 normal=0.159
Epoch 042: mIoU=15.181 pix=45.865 abs=0.7824 rel=0.3035 normal_mean=35.060 delta=39.462 wall_h=22.119
[43 1/398] semantic=1.447 depth=1.084 normal=0.214
[43 25/398] semantic=1.632 depth=0.913 normal=0.258
[43 50/398] semantic=1.383 depth=0.736 normal=0.246
[43 75/398] semantic=1.304 depth=1.104 normal=0.233
[43 100/398] semantic=1.078 depth=0.359 normal=0.243
[43 125/398] semantic=1.569 depth=1.438 normal=0.271
[43 150/398] semantic=1.422 depth=0.384 normal=0.239
[43 175/398] semantic=1.603 depth=0.670 normal=0.270
[43 200/398] semantic=1.539 depth=1.050 normal=0.275
[43 225/398] semantic=1.275 depth=0.727 normal=0.268
[43 250/398] semantic=1.157 depth=0.548 normal=0.197
[43 275/398] semantic=1.275 depth=0.257 normal=0.175
[43 300/398] semantic=1.522 depth=0.767 normal=0.348
[43 325/398] semantic=1.298 depth=0.814 normal=0.225
[43 350/398] semantic=1.264 depth=0.746 normal=0.307
[43 375/398] semantic=1.489 depth=0.441 normal=0.238
[43 398/398] semantic=1.175 depth=0.634 normal=0.268
Epoch 043: mIoU=17.113 pix=48.555 abs=0.7408 rel=0.3119 normal_mean=34.958 delta=38.628 wall_h=22.641
[44 1/398] semantic=2.382 depth=0.986 normal=0.321
[44 25/398] semantic=1.472 depth=0.911 normal=0.291
[44 50/398] semantic=1.368 depth=0.406 normal=0.239
[44 75/398] semantic=1.129 depth=0.411 normal=0.182
[44 100/398] semantic=1.599 depth=0.506 normal=0.240
[44 125/398] semantic=1.242 depth=0.534 normal=0.197
[44 150/398] semantic=1.541 depth=0.407 normal=0.205
[44 175/398] semantic=1.544 depth=0.482 normal=0.202
[44 200/398] semantic=1.570 depth=0.585 normal=0.242
[44 225/398] semantic=1.124 depth=0.446 normal=0.138
[44 250/398] semantic=2.058 depth=0.436 normal=0.224
[44 275/398] semantic=1.653 depth=0.360 normal=0.205
[44 300/398] semantic=0.857 depth=0.837 normal=0.263
[44 325/398] semantic=1.349 depth=0.898 normal=0.305
[44 350/398] semantic=0.905 depth=0.571 normal=0.201
[44 375/398] semantic=1.416 depth=0.328 normal=0.193
[44 398/398] semantic=1.429 depth=1.074 normal=0.287
Epoch 044: mIoU=15.887 pix=48.638 abs=0.8202 rel=0.2929 normal_mean=34.571 delta=38.322 wall_h=23.165
[45 1/398] semantic=1.724 depth=0.364 normal=0.235
[45 25/398] semantic=0.953 depth=0.325 normal=0.201
[45 50/398] semantic=1.600 depth=0.444 normal=0.190
[45 75/398] semantic=1.274 depth=0.918 normal=0.277
[45 100/398] semantic=1.117 depth=0.512 normal=0.204
[45 125/398] semantic=1.814 depth=0.611 normal=0.232
[45 150/398] semantic=1.275 depth=0.520 normal=0.245
[45 175/398] semantic=1.312 depth=0.671 normal=0.250
[45 200/398] semantic=1.251 depth=0.712 normal=0.225
[45 225/398] semantic=1.720 depth=0.436 normal=0.206
[45 250/398] semantic=0.972 depth=0.429 normal=0.179
[45 275/398] semantic=1.107 depth=0.857 normal=0.344
[45 300/398] semantic=1.211 depth=0.475 normal=0.231
[45 325/398] semantic=1.484 depth=0.644 normal=0.311
[45 350/398] semantic=1.097 depth=0.622 normal=0.280
[45 375/398] semantic=1.486 depth=1.078 normal=0.243
[45 398/398] semantic=1.694 depth=0.864 normal=0.234
RUN dataset=nyuv2 method=moco seed=42 lr=0.0001 batch=2 epochs=200 model=mtan
RESULT /mloscratch/homes/mirrokni/LMO-MOO/results/nyuv2/moco_sd42.stats
CHECKPOINT /mloscratch/homes/mirrokni/LMO-MOO/results/checkpoints/nyuv2/moco_sd42.pt
OPTIMIZER Adam lr=0.0001
RESUME epoch=45 phase=evaluate next_batch=250/327
RUN dataset=nyuv2 method=moco seed=42 lr=0.0001 batch=2 epochs=200 model=mtan
RESULT /mloscratch/homes/mirrokni/LMO-MOO/results/nyuv2/moco_sd42.stats
CHECKPOINT /mloscratch/homes/mirrokni/LMO-MOO/results/checkpoints/nyuv2/moco_sd42.pt
OPTIMIZER Adam lr=0.0001
RESUME epoch=45 phase=evaluate next_batch=279/327
Epoch 045: mIoU=18.101 pix=49.559 abs=0.7542 rel=0.3316 normal_mean=34.316 delta=37.179 wall_h=23.698
[46 1/398] semantic=1.408 depth=0.625 normal=0.273
RUN dataset=nyuv2 method=moco seed=42 lr=0.0001 batch=2 epochs=200 model=mtan
RESULT /mloscratch/homes/mirrokni/LMO-MOO/results/nyuv2/moco_sd42.stats
CHECKPOINT /mloscratch/homes/mirrokni/LMO-MOO/results/checkpoints/nyuv2/moco_sd42.pt
OPTIMIZER Adam lr=0.0001
RESUME epoch=46 phase=train next_batch=9/398
[46 25/398] semantic=1.763 depth=0.537 normal=0.250
[46 50/398] semantic=1.206 depth=0.498 normal=0.234
[46 75/398] semantic=1.505 depth=0.677 normal=0.234
[46 100/398] semantic=1.676 depth=0.574 normal=0.254
[46 125/398] semantic=1.411 depth=0.441 normal=0.279
[46 150/398] semantic=1.550 depth=0.762 normal=0.239
[46 175/398] semantic=1.906 depth=0.492 normal=0.237
[46 200/398] semantic=1.600 depth=0.566 normal=0.300
[46 225/398] semantic=0.989 depth=0.578 normal=0.244
[46 250/398] semantic=1.186 depth=0.559 normal=0.222
[46 275/398] semantic=1.876 depth=0.678 normal=0.232
[46 300/398] semantic=1.394 depth=0.477 normal=0.220
[46 325/398] semantic=1.264 depth=0.523 normal=0.243
[46 350/398] semantic=2.056 depth=0.841 normal=0.280
[46 375/398] semantic=1.640 depth=0.435 normal=0.218
[46 398/398] semantic=1.486 depth=0.843 normal=0.273
Epoch 046: mIoU=18.169 pix=47.936 abs=0.7450 rel=0.3036 normal_mean=35.245 delta=38.530 wall_h=24.240
[47 1/398] semantic=1.655 depth=0.843 normal=0.188
[47 25/398] semantic=2.549 depth=0.379 normal=0.298
[47 50/398] semantic=1.313 depth=0.575 normal=0.198
[47 75/398] semantic=1.728 depth=0.857 normal=0.251
[47 100/398] semantic=1.573 depth=0.424 normal=0.286
[47 125/398] semantic=1.296 depth=0.478 normal=0.206
[47 150/398] semantic=1.346 depth=0.763 normal=0.225
[47 175/398] semantic=1.632 depth=0.504 normal=0.216
[47 200/398] semantic=1.380 depth=0.696 normal=0.227
[47 225/398] semantic=1.233 depth=0.664 normal=0.172
[47 250/398] semantic=1.342 depth=1.066 normal=0.275
[47 275/398] semantic=1.104 depth=0.369 normal=0.188
[47 300/398] semantic=2.688 depth=1.850 normal=0.235
[47 325/398] semantic=1.462 depth=0.634 normal=0.243
[47 350/398] semantic=1.603 depth=0.572 normal=0.284
[47 375/398] semantic=1.632 depth=0.731 normal=0.309
[47 398/398] semantic=0.839 depth=1.009 normal=0.185
RUN dataset=nyuv2 method=moco seed=42 lr=0.0001 batch=2 epochs=200 model=mtan
RESULT /mloscratch/homes/mirrokni/LMO-MOO/results/nyuv2/moco_sd42.stats
CHECKPOINT /mloscratch/homes/mirrokni/LMO-MOO/results/checkpoints/nyuv2/moco_sd42.pt
OPTIMIZER Adam lr=0.0001
RESUME epoch=47 phase=evaluate next_batch=42/327
Epoch 047: mIoU=18.679 pix=49.020 abs=0.7292 rel=0.3011 normal_mean=34.469 delta=36.272 wall_h=24.784
[48 1/398] semantic=0.693 depth=0.725 normal=0.234
[48 25/398] semantic=1.530 depth=0.877 normal=0.234
[48 50/398] semantic=1.496 depth=0.447 normal=0.220
[48 75/398] semantic=1.605 depth=0.365 normal=0.149
[48 100/398] semantic=1.420 depth=0.368 normal=0.253
[48 125/398] semantic=1.229 depth=0.505 normal=0.211
[48 150/398] semantic=1.627 depth=0.544 normal=0.244
[48 175/398] semantic=1.684 depth=0.571 normal=0.355
[48 200/398] semantic=1.577 depth=0.517 normal=0.155
[48 225/398] semantic=1.030 depth=0.466 normal=0.232
[48 250/398] semantic=1.432 depth=0.700 normal=0.287
[48 275/398] semantic=1.294 depth=0.706 normal=0.194
[48 300/398] semantic=1.362 depth=0.396 normal=0.220
[48 325/398] semantic=1.147 depth=0.438 normal=0.186
[48 350/398] semantic=1.023 depth=0.609 normal=0.149
[48 375/398] semantic=1.396 depth=0.588 normal=0.223
[48 398/398] semantic=0.857 depth=1.165 normal=0.146
RUN dataset=nyuv2 method=moco seed=42 lr=0.0001 batch=2 epochs=200 model=mtan
RESULT /mloscratch/homes/mirrokni/LMO-MOO/results/nyuv2/moco_sd42.stats
CHECKPOINT /mloscratch/homes/mirrokni/LMO-MOO/results/checkpoints/nyuv2/moco_sd42.pt
OPTIMIZER Adam lr=0.0001
RESUME epoch=48 phase=evaluate next_batch=88/327
Epoch 048: mIoU=18.692 pix=48.976 abs=0.7973 rel=0.3754 normal_mean=35.236 delta=41.950 wall_h=25.326
[49 1/398] semantic=1.257 depth=0.892 normal=0.233
[49 25/398] semantic=1.495 depth=0.702 normal=0.269
[49 50/398] semantic=1.189 depth=0.823 normal=0.261
[49 75/398] semantic=0.787 depth=0.372 normal=0.169
[49 100/398] semantic=1.670 depth=0.641 normal=0.220
[49 125/398] semantic=2.091 depth=0.504 normal=0.225
[49 150/398] semantic=1.219 depth=0.449 normal=0.221
[49 175/398] semantic=1.387 depth=1.099 normal=0.166
[49 200/398] semantic=1.279 depth=0.484 normal=0.177
[49 225/398] semantic=1.582 depth=0.549 normal=0.250
[49 250/398] semantic=1.408 depth=0.771 normal=0.280
[49 275/398] semantic=1.509 depth=1.834 normal=0.284
[49 300/398] semantic=1.626 depth=1.394 normal=0.206
[49 325/398] semantic=2.072 depth=1.339 normal=0.218
[49 350/398] semantic=1.664 depth=0.756 normal=0.206
[49 375/398] semantic=1.516 depth=0.642 normal=0.239
[49 398/398] semantic=1.475 depth=0.833 normal=0.290
Epoch 049: mIoU=18.820 pix=48.735 abs=0.8384 rel=0.2942 normal_mean=34.969 delta=38.848 wall_h=25.854
[50 1/398] semantic=1.589 depth=0.329 normal=0.219
[50 25/398] semantic=1.159 depth=0.478 normal=0.201
[50 50/398] semantic=1.346 depth=0.869 normal=0.322
[50 75/398] semantic=1.734 depth=0.453 normal=0.162
[50 100/398] semantic=0.975 depth=0.478 normal=0.204
[50 125/398] semantic=1.429 depth=0.807 normal=0.266
[50 150/398] semantic=1.269 depth=0.526 normal=0.196
[50 175/398] semantic=1.090 depth=0.795 normal=0.244
[50 200/398] semantic=1.542 depth=0.769 normal=0.241
[50 225/398] semantic=1.429 depth=0.504 normal=0.212
[50 250/398] semantic=1.059 depth=0.974 normal=0.275
[50 275/398] semantic=0.921 depth=0.705 normal=0.267
[50 300/398] semantic=1.229 depth=0.653 normal=0.269
[50 325/398] semantic=1.140 depth=0.772 normal=0.234
[50 350/398] semantic=1.844 depth=0.611 normal=0.221
[50 375/398] semantic=1.228 depth=0.961 normal=0.265
[50 398/398] semantic=1.955 depth=0.955 normal=0.274
Epoch 050: mIoU=18.794 pix=49.311 abs=0.7512 rel=0.2956 normal_mean=34.617 delta=36.205 wall_h=26.356
[51 1/398] semantic=2.414 depth=0.732 normal=0.334
[51 25/398] semantic=1.618 depth=1.105 normal=0.279
[51 50/398] semantic=1.170 depth=0.459 normal=0.250
[51 75/398] semantic=1.423 depth=0.552 normal=0.281
[51 100/398] semantic=2.083 depth=0.523 normal=0.293
[51 125/398] semantic=1.054 depth=0.350 normal=0.177
[51 150/398] semantic=1.761 depth=0.605 normal=0.254
[51 175/398] semantic=1.339 depth=0.879 normal=0.213
[51 200/398] semantic=1.324 depth=0.422 normal=0.258
[51 225/398] semantic=1.419 depth=0.790 normal=0.333
[51 250/398] semantic=1.166 depth=0.682 normal=0.248
[51 275/398] semantic=1.476 depth=1.088 normal=0.260
[51 300/398] semantic=1.845 depth=1.482 normal=0.261
[51 325/398] semantic=1.301 depth=0.957 normal=0.316
[51 350/398] semantic=1.448 depth=0.846 normal=0.247
[51 375/398] semantic=1.088 depth=0.476 normal=0.250
[51 398/398] semantic=1.774 depth=1.314 normal=0.286
Epoch 051: mIoU=19.082 pix=50.975 abs=0.7549 rel=0.3424 normal_mean=34.004 delta=36.160 wall_h=26.867
[52 1/398] semantic=2.205 depth=0.776 normal=0.312
[52 25/398] semantic=1.234 depth=0.902 normal=0.213
[52 50/398] semantic=1.358 depth=0.460 normal=0.303
[52 75/398] semantic=1.717 depth=0.665 normal=0.275
[52 100/398] semantic=1.839 depth=0.937 normal=0.303
[52 125/398] semantic=1.883 depth=0.910 normal=0.264
[52 150/398] semantic=1.069 depth=0.494 normal=0.212
[52 175/398] semantic=1.404 depth=0.347 normal=0.189
[52 200/398] semantic=1.447 depth=0.706 normal=0.182
[52 225/398] semantic=1.072 depth=0.452 normal=0.212
[52 250/398] semantic=1.419 depth=1.148 normal=0.250
[52 275/398] semantic=1.201 depth=0.429 normal=0.212
[52 300/398] semantic=1.073 depth=0.979 normal=0.226
[52 325/398] semantic=1.083 depth=0.806 normal=0.195
[52 350/398] semantic=1.548 depth=0.662 normal=0.228
RUN dataset=nyuv2 method=moco seed=42 lr=0.0001 batch=2 epochs=200 model=mtan
RESULT /mloscratch/homes/mirrokni/LMO-MOO/results/nyuv2/moco_sd42.stats
CHECKPOINT /mloscratch/homes/mirrokni/LMO-MOO/results/checkpoints/nyuv2/moco_sd42.pt
OPTIMIZER Adam lr=0.0001
RESUME epoch=52 phase=train next_batch=350/398
[52 375/398] semantic=1.192 depth=0.832 normal=0.240
[52 398/398] semantic=0.922 depth=1.932 normal=0.169
Epoch 052: mIoU=20.084 pix=50.952 abs=0.8729 rel=0.2963 normal_mean=33.972 delta=35.918 wall_h=27.422
[53 1/398] semantic=1.407 depth=0.522 normal=0.219
[53 25/398] semantic=1.242 depth=0.533 normal=0.177
[53 50/398] semantic=1.319 depth=0.823 normal=0.243
[53 75/398] semantic=1.822 depth=0.481 normal=0.142
[53 100/398] semantic=1.283 depth=0.584 normal=0.176
[53 125/398] semantic=1.127 depth=0.581 normal=0.202
=2 epochs=200 model=mtan
RESULT /mloscratch/homes/mirrokni/LMO-MOO/results/nyuv2/moco_sd42.stats
CHECKPOINT /mloscratch/homes/mirrokni/LMO-MOO/results/checkpoints/nyuv2/moco_sd42.pt
OPTIMIZER Adam lr=0.0001
RUN dataset=nyuv2 method=moco seed=42 lr=0.0001 batch=2 epochs=200 model=mtan
RESULT /mloscratch/homes/mirrokni/LMO-MOO/results/nyuv2/moco_sd42.stats
CHECKPOINT /mloscratch/homes/mirrokni/LMO-MOO/results/checkpoints/nyuv2/moco_sd42.pt
OPTIMIZER Adam lr=0.0001
RESUME epoch=53 phase=train next_batch=126/398
[53 150/398] semantic=1.104 depth=0.770 normal=0.210
[53 175/398] semantic=1.293 depth=1.249 normal=0.262
[53 200/398] semantic=2.119 depth=0.515 normal=0.286
[53 225/398] semantic=1.452 depth=0.846 normal=0.313
[53 250/398] semantic=1.643 depth=0.594 normal=0.321
[53 275/398] semantic=1.767 depth=0.584 normal=0.251
[53 300/398] semantic=1.247 depth=0.466 normal=0.198
[53 325/398] semantic=1.474 depth=0.387 normal=0.260
[53 350/398] semantic=1.181 depth=0.586 normal=0.240
[53 375/398] semantic=1.682 depth=0.340 normal=0.190
[53 398/398] semantic=1.106 depth=0.595 normal=0.268
Epoch 053: mIoU=20.775 pix=50.763 abs=0.8257 rel=0.3920 normal_mean=34.470 delta=40.824 wall_h=27.981
[54 1/398] semantic=1.354 depth=0.763 normal=0.239
[54 25/398] semantic=1.015 depth=0.669 normal=0.227
[54 50/398] semantic=0.760 depth=0.279 normal=0.133
[54 75/398] semantic=1.332 depth=0.510 normal=0.177
[54 100/398] semantic=1.201 depth=0.470 normal=0.247
[54 125/398] semantic=1.167 depth=0.449 normal=0.130
[54 150/398] semantic=1.254 depth=0.486 normal=0.166
[54 175/398] semantic=1.334 depth=0.686 normal=0.203
[54 200/398] semantic=1.574 depth=1.064 normal=0.220
[54 225/398] semantic=1.329 depth=0.793 normal=0.172
[54 250/398] semantic=2.184 depth=0.383 normal=0.243
[54 275/398] semantic=1.422 depth=0.457 normal=0.247
[54 300/398] semantic=1.370 depth=0.838 normal=0.240
[54 325/398] semantic=1.452 depth=0.650 normal=0.207
[54 350/398] semantic=1.164 depth=0.562 normal=0.153
[54 375/398] semantic=1.258 depth=0.558 normal=0.257
[54 398/398] semantic=1.496 depth=0.365 normal=0.291
Epoch 054: mIoU=20.620 pix=51.171 abs=0.8229 rel=0.2934 normal_mean=34.083 delta=35.528 wall_h=28.541
[55 1/398] semantic=2.026 depth=0.564 normal=0.279
[55 25/398] semantic=1.542 depth=0.593 normal=0.233
[55 50/398] semantic=1.542 depth=0.621 normal=0.231
[55 75/398] semantic=0.944 depth=0.285 normal=0.179
[55 100/398] semantic=1.223 depth=0.459 normal=0.204
[55 125/398] semantic=1.269 depth=0.488 normal=0.197
[55 150/398] semantic=1.773 depth=0.604 normal=0.240
[55 175/398] semantic=1.229 depth=0.611 normal=0.205
[55 200/398] semantic=1.501 depth=0.395 normal=0.227
[55 225/398] semantic=1.310 depth=0.731 normal=0.235
[55 250/398] semantic=1.092 depth=0.405 normal=0.191
[55 275/398] semantic=0.721 depth=0.757 normal=0.202
[55 300/398] semantic=1.611 depth=0.534 normal=0.241
[55 325/398] semantic=2.061 depth=0.665 normal=0.194
[55 350/398] semantic=0.948 depth=0.605 normal=0.166
[55 375/398] semantic=1.222 depth=0.640 normal=0.219
[55 398/398] semantic=1.798 depth=0.608 normal=0.282
Epoch 055: mIoU=20.132 pix=49.860 abs=0.7283 rel=0.3134 normal_mean=34.200 delta=35.466 wall_h=29.098
[56 1/398] semantic=1.589 depth=0.479 normal=0.230
[56 25/398] semantic=0.960 depth=0.547 normal=0.168
[56 50/398] semantic=1.658 depth=0.996 normal=0.278
[56 75/398] semantic=1.714 depth=0.482 normal=0.241
[56 100/398] semantic=2.483 depth=0.765 normal=0.318
[56 125/398] semantic=1.259 depth=0.290 normal=0.205
[56 150/398] semantic=1.309 depth=0.918 normal=0.266
[56 175/398] semantic=1.616 depth=0.531 normal=0.300
[56 200/398] semantic=1.498 depth=1.017 normal=0.268
[56 225/398] semantic=1.326 depth=0.662 normal=0.189
[56 250/398] semantic=1.149 depth=0.609 normal=0.170
[56 275/398] semantic=1.626 depth=1.061 normal=0.213
[56 300/398] semantic=1.170 depth=0.549 normal=0.187
[56 325/398] semantic=1.192 depth=0.556 normal=0.220
[56 350/398] semantic=1.504 depth=0.821 normal=0.234
[56 375/398] semantic=1.589 depth=0.410 normal=0.208
[56 398/398] semantic=1.405 depth=1.233 normal=0.229
Epoch 056: mIoU=18.563 pix=50.253 abs=0.7092 rel=0.3129 normal_mean=34.341 delta=35.781 wall_h=29.652
[57 1/398] semantic=0.987 depth=0.388 normal=0.186
[57 25/398] semantic=1.129 depth=0.959 normal=0.193
[57 50/398] semantic=1.152 depth=0.749 normal=0.227
[57 75/398] semantic=1.353 depth=0.445 normal=0.223
[57 100/398] semantic=1.679 depth=0.514 normal=0.265
[57 125/398] semantic=1.437 depth=0.622 normal=0.244
[57 150/398] semantic=1.320 depth=0.537 normal=0.246
[57 175/398] semantic=1.502 depth=0.433 normal=0.253
[57 200/398] semantic=1.390 depth=0.445 normal=0.242
[57 225/398] semantic=1.108 depth=0.493 normal=0.154
[57 250/398] semantic=1.094 depth=0.563 normal=0.275
[57 275/398] semantic=1.474 depth=1.195 normal=0.259
[57 300/398] semantic=1.396 depth=0.512 normal=0.175
[57 325/398] semantic=1.126 depth=0.531 normal=0.202
[57 350/398] semantic=1.042 depth=1.012 normal=0.181
[57 375/398] semantic=1.083 depth=0.622 normal=0.155
[57 398/398] semantic=1.129 depth=0.558 normal=0.256
Epoch 057: mIoU=21.046 pix=51.017 abs=0.7108 rel=0.3004 normal_mean=34.018 delta=34.517 wall_h=30.206
[58 1/398] semantic=1.315 depth=0.955 normal=0.298
[58 25/398] semantic=1.037 depth=0.643 normal=0.167
[58 50/398] semantic=1.202 depth=0.991 normal=0.215
[58 75/398] semantic=0.969 depth=1.357 normal=0.205
[58 100/398] semantic=1.614 depth=0.977 normal=0.373
[58 125/398] semantic=1.851 depth=0.658 normal=0.299
[58 150/398] semantic=1.428 depth=0.618 normal=0.199
[58 175/398] semantic=1.336 depth=0.601 normal=0.204
[58 200/398] semantic=2.048 depth=1.522 normal=0.290
[58 225/398] semantic=1.402 depth=0.985 normal=0.199
[58 250/398] semantic=1.331 depth=0.389 normal=0.195
[58 275/398] semantic=1.885 depth=0.597 normal=0.255
[58 300/398] semantic=1.322 depth=1.163 normal=0.230
[58 325/398] semantic=1.313 depth=0.628 normal=0.184
[58 350/398] semantic=1.198 depth=0.756 normal=0.225
[58 375/398] semantic=1.201 depth=0.425 normal=0.167
[58 398/398] semantic=1.280 depth=1.153 normal=0.277
Epoch 058: mIoU=20.360 pix=50.158 abs=0.7664 rel=0.3525 normal_mean=34.505 delta=39.106 wall_h=30.761
[59 1/398] semantic=1.779 depth=0.851 normal=0.266
[59 25/398] semantic=1.549 depth=0.344 normal=0.196
[59 50/398] semantic=2.148 depth=0.602 normal=0.252
[59 75/398] semantic=1.231 depth=0.525 normal=0.204
[59 100/398] semantic=0.882 depth=0.382 normal=0.207
[59 125/398] semantic=1.158 depth=0.450 normal=0.172
[59 150/398] semantic=1.341 depth=0.638 normal=0.190
[59 175/398] semantic=1.165 depth=0.431 normal=0.147
[59 200/398] semantic=1.821 depth=0.607 normal=0.273
[59 225/398] semantic=1.606 depth=0.846 normal=0.228
[59 250/398] semantic=2.287 depth=0.853 normal=0.236
[59 275/398] semantic=1.724 depth=0.473 normal=0.250
[59 300/398] semantic=1.580 depth=0.352 normal=0.276
[59 325/398] semantic=1.514 depth=0.686 normal=0.222
[59 350/398] semantic=0.976 depth=0.580 normal=0.187
[59 375/398] semantic=1.376 depth=1.088 normal=0.231
[59 398/398] semantic=1.047 depth=0.731 normal=0.229
Epoch 059: mIoU=21.781 pix=52.515 abs=0.6872 rel=0.2881 normal_mean=33.508 delta=31.168 wall_h=31.313
[60 1/398] semantic=1.166 depth=0.732 normal=0.174
[60 25/398] semantic=1.018 depth=1.031 normal=0.307
[60 50/398] semantic=1.808 depth=0.589 normal=0.203
[60 75/398] semantic=1.005 depth=0.552 normal=0.186
[60 100/398] semantic=1.193 depth=0.372 normal=0.233
[60 125/398] semantic=1.367 depth=0.604 normal=0.180
[60 150/398] semantic=1.201 depth=0.384 normal=0.194
[60 175/398] semantic=2.629 depth=0.542 normal=0.359
[60 200/398] semantic=0.932 depth=0.380 normal=0.213
[60 225/398] semantic=1.552 depth=0.495 normal=0.145
[60 250/398] semantic=1.296 depth=0.666 normal=0.221
[60 275/398] semantic=1.302 depth=0.373 normal=0.210
[60 300/398] semantic=1.430 depth=0.471 normal=0.267
[60 325/398] semantic=0.971 depth=0.437 normal=0.224
[60 350/398] semantic=0.813 depth=0.425 normal=0.182
[60 375/398] semantic=1.507 depth=1.099 normal=0.238
[60 398/398] semantic=1.847 depth=0.607 normal=0.349
Epoch 060: mIoU=21.360 pix=51.705 abs=0.7490 rel=0.3323 normal_mean=33.925 delta=35.524 wall_h=31.831
[61 1/398] semantic=1.179 depth=0.389 normal=0.179
[61 25/398] semantic=1.300 depth=0.492 normal=0.167
[61 50/398] semantic=1.771 depth=0.464 normal=0.222
[61 75/398] semantic=1.461 depth=0.397 normal=0.252
[61 100/398] semantic=1.741 depth=1.012 normal=0.250
[61 125/398] semantic=0.923 depth=0.464 normal=0.157
[61 150/398] semantic=1.484 depth=0.904 normal=0.166
[61 175/398] semantic=1.477 depth=0.602 normal=0.191
[61 200/398] semantic=1.210 depth=0.806 normal=0.224
[61 225/398] semantic=1.160 depth=0.622 normal=0.215
[61 250/398] semantic=1.351 depth=0.800 normal=0.149
[61 275/398] semantic=1.368 depth=0.355 normal=0.198
[61 300/398] semantic=1.175 depth=0.393 normal=0.215
[61 325/398] semantic=1.185 depth=0.545 normal=0.145
[61 350/398] semantic=1.145 depth=0.666 normal=0.246
[61 375/398] semantic=0.878 depth=0.471 normal=0.175
[61 398/398] semantic=1.404 depth=0.427 normal=0.247
Epoch 061: mIoU=23.016 pix=53.447 abs=0.7152 rel=0.2866 normal_mean=33.369 delta=31.277 wall_h=32.340
[62 1/398] semantic=1.229 depth=0.832 normal=0.187
[62 25/398] semantic=2.234 depth=0.419 normal=0.205
[62 50/398] semantic=1.520 depth=0.659 normal=0.256
[62 75/398] semantic=1.208 depth=0.412 normal=0.184
[62 100/398] semantic=0.951 depth=0.410 normal=0.200
[62 125/398] semantic=1.844 depth=0.476 normal=0.214
[62 150/398] semantic=1.135 depth=0.994 normal=0.236
[62 175/398] semantic=1.489 depth=0.421 normal=0.186
[62 200/398] semantic=1.438 depth=0.343 normal=0.216
[62 225/398] semantic=1.225 depth=0.537 normal=0.236
[62 250/398] semantic=1.283 depth=0.480 normal=0.180
[62 275/398] semantic=1.123 depth=0.502 normal=0.321
[62 300/398] semantic=1.357 depth=0.826 normal=0.175
[62 325/398] semantic=1.103 depth=0.532 normal=0.228
[62 350/398] semantic=1.354 depth=0.768 normal=0.183
[62 375/398] semantic=1.072 depth=0.695 normal=0.199
[62 398/398] semantic=1.612 depth=0.965 normal=0.199
Epoch 062: mIoU=22.382 pix=51.489 abs=0.7291 rel=0.3161 normal_mean=33.608 delta=33.147 wall_h=32.858
[63 1/398] semantic=0.851 depth=0.636 normal=0.201
[63 25/398] semantic=1.333 depth=0.498 normal=0.192
[63 50/398] semantic=0.764 depth=0.401 normal=0.143
[63 75/398] semantic=0.975 depth=0.419 normal=0.145
[63 100/398] semantic=0.672 depth=0.943 normal=0.169
[63 125/398] semantic=1.293 depth=0.611 normal=0.258
[63 150/398] semantic=1.334 depth=0.339 normal=0.183
[63 175/398] semantic=0.977 depth=0.856 normal=0.221
[63 200/398] semantic=1.258 depth=0.448 normal=0.132
[63 225/398] semantic=1.484 depth=0.349 normal=0.216
[63 250/398] semantic=1.298 depth=0.528 normal=0.153
[63 275/398] semantic=1.349 depth=0.787 normal=0.200
[63 300/398] semantic=1.102 depth=1.326 normal=0.190
[63 325/398] semantic=1.145 depth=0.722 normal=0.347
[63 350/398] semantic=1.005 depth=0.649 normal=0.285
[63 375/398] semantic=2.721 depth=0.585 normal=0.340
[63 398/398] semantic=1.462 depth=0.532 normal=0.303
Epoch 063: mIoU=20.393 pix=52.229 abs=0.7283 rel=0.2741 normal_mean=33.543 delta=32.197 wall_h=33.386
[64 1/398] semantic=1.004 depth=0.300 normal=0.235
[64 25/398] semantic=1.332 depth=0.467 normal=0.225
[64 50/398] semantic=1.637 depth=0.972 normal=0.229
[64 75/398] semantic=0.872 depth=0.359 normal=0.153
[64 100/398] semantic=1.676 depth=0.509 normal=0.213
[64 125/398] semantic=1.255 depth=0.843 normal=0.223
[64 150/398] semantic=2.048 depth=0.634 normal=0.193
[64 175/398] semantic=1.154 depth=0.795 normal=0.220
[64 200/398] semantic=1.203 depth=0.508 normal=0.241
[64 225/398] semantic=1.651 depth=0.557 normal=0.249
[64 250/398] semantic=1.090 depth=0.654 normal=0.242
[64 275/398] semantic=1.072 depth=0.522 normal=0.214
[64 300/398] semantic=1.276 depth=0.565 normal=0.271
[64 325/398] semantic=0.935 depth=0.588 normal=0.193
[64 350/398] semantic=1.062 depth=0.617 normal=0.182
[64 375/398] semantic=1.036 depth=0.474 normal=0.160
[64 398/398] semantic=1.545 depth=0.510 normal=0.322
Epoch 064: mIoU=21.973 pix=53.689 abs=0.7424 rel=0.2771 normal_mean=34.500 delta=33.825 wall_h=33.908
[65 1/398] semantic=1.463 depth=0.444 normal=0.201
[65 25/398] semantic=1.411 depth=0.476 normal=0.156
[65 50/398] semantic=1.294 depth=0.556 normal=0.211
[65 75/398] semantic=1.658 depth=0.476 normal=0.215
[65 100/398] semantic=1.645 depth=0.982 normal=0.204
[65 125/398] semantic=1.347 depth=0.546 normal=0.225
[65 150/398] semantic=1.153 depth=0.596 normal=0.232
[65 175/398] semantic=1.540 depth=0.654 normal=0.292
[65 200/398] semantic=1.182 depth=0.745 normal=0.203
[65 225/398] semantic=1.244 depth=0.402 normal=0.207
[65 250/398] semantic=1.064 depth=0.512 normal=0.160
[65 275/398] semantic=1.131 depth=0.745 normal=0.304
[65 300/398] semantic=1.160 depth=0.751 normal=0.267
[65 325/398] semantic=0.850 depth=0.633 normal=0.157
[65 350/398] semantic=0.687 depth=0.705 normal=0.155
[65 375/398] semantic=1.331 depth=0.538 normal=0.174
[65 398/398] semantic=1.007 depth=0.359 normal=0.204
Epoch 065: mIoU=22.739 pix=53.113 abs=0.6740 rel=0.2802 normal_mean=33.491 delta=30.985 wall_h=34.433
[66 1/398] semantic=0.715 depth=0.392 normal=0.111
[66 25/398] semantic=1.582 depth=0.939 normal=0.237
[66 50/398] semantic=0.898 depth=0.683 normal=0.252
[66 75/398] semantic=1.418 depth=0.454 normal=0.200
[66 100/398] semantic=1.521 depth=0.715 normal=0.222
[66 125/398] semantic=1.546 depth=0.822 normal=0.288
[66 150/398] semantic=1.571 depth=0.525 normal=0.193
[66 175/398] semantic=1.005 depth=0.710 normal=0.187
[66 200/398] semantic=1.251 depth=0.456 normal=0.217
[66 225/398] semantic=1.001 depth=0.512 normal=0.185
[66 250/398] semantic=1.355 depth=0.576 normal=0.287
[66 275/398] semantic=1.012 depth=0.550 normal=0.182
[66 300/398] semantic=1.371 depth=0.800 normal=0.171
[66 325/398] semantic=1.386 depth=0.736 normal=0.230
[66 350/398] semantic=1.059 depth=0.593 normal=0.192
[66 375/398] semantic=1.358 depth=0.375 normal=0.210
[66 398/398] semantic=1.226 depth=0.572 normal=0.242
Epoch 066: mIoU=24.227 pix=54.409 abs=0.7322 rel=0.3321 normal_mean=33.804 delta=33.769 wall_h=34.958
[67 1/398] semantic=1.356 depth=0.556 normal=0.210
[67 25/398] semantic=1.493 depth=0.930 normal=0.227
[67 50/398] semantic=1.468 depth=0.426 normal=0.210
[67 75/398] semantic=0.914 depth=0.772 normal=0.167
[67 100/398] semantic=1.273 depth=0.590 normal=0.316
[67 125/398] semantic=1.655 depth=0.559 normal=0.216
[67 150/398] semantic=1.391 depth=0.362 normal=0.169
[67 175/398] semantic=0.878 depth=0.598 normal=0.182
[67 200/398] semantic=0.945 depth=0.290 normal=0.194
[67 225/398] semantic=1.362 depth=0.317 normal=0.223
[67 250/398] semantic=1.324 depth=0.251 normal=0.184
[67 275/398] semantic=1.770 depth=0.655 normal=0.247
[67 300/398] semantic=1.833 depth=0.351 normal=0.254
[67 325/398] semantic=0.882 depth=0.902 normal=0.224
[67 350/398] semantic=1.945 depth=1.287 normal=0.231
[67 375/398] semantic=0.880 depth=0.440 normal=0.216
[67 398/398] semantic=3.336 depth=1.202 normal=0.195
Epoch 067: mIoU=22.942 pix=53.913 abs=0.7623 rel=0.2701 normal_mean=33.443 delta=31.487 wall_h=35.484
[68 1/398] semantic=1.740 depth=0.625 normal=0.246
[68 25/398] semantic=1.776 depth=0.308 normal=0.232
[68 50/398] semantic=1.862 depth=0.557 normal=0.215
[68 75/398] semantic=0.933 depth=0.576 normal=0.239
[68 100/398] semantic=1.059 depth=0.359 normal=0.227
[68 125/398] semantic=1.074 depth=0.444 normal=0.182
[68 150/398] semantic=1.211 depth=0.578 normal=0.245
[68 175/398] semantic=1.284 depth=1.010 normal=0.239
[68 200/398] semantic=1.098 depth=0.317 normal=0.214
[68 225/398] semantic=1.104 depth=0.345 normal=0.142
[68 250/398] semantic=1.746 depth=0.610 normal=0.164
[68 275/398] semantic=1.059 depth=1.069 normal=0.230
[68 300/398] semantic=1.355 depth=0.818 normal=0.252
[68 325/398] semantic=1.387 depth=0.469 normal=0.246
[68 350/398] semantic=1.833 depth=0.409 normal=0.269
[68 375/398] semantic=1.162 depth=0.415 normal=0.196
[68 398/398] semantic=1.931 depth=0.602 normal=0.280
Epoch 068: mIoU=23.724 pix=53.933 abs=0.7157 rel=0.2830 normal_mean=33.288 delta=29.765 wall_h=36.033
[69 1/398] semantic=1.357 depth=0.810 normal=0.231
[69 25/398] semantic=1.064 depth=0.244 normal=0.218
[69 50/398] semantic=1.226 depth=0.468 normal=0.162
[69 75/398] semantic=1.170 depth=0.617 normal=0.140
[69 100/398] semantic=0.795 depth=0.436 normal=0.169
[69 125/398] semantic=1.551 depth=0.776 normal=0.293
[69 150/398] semantic=1.441 depth=0.318 normal=0.206
[69 175/398] semantic=1.777 depth=0.976 normal=0.243
[69 200/398] semantic=1.437 depth=0.502 normal=0.204
[69 225/398] semantic=1.381 depth=0.923 normal=0.225
[69 250/398] semantic=1.455 depth=0.542 normal=0.202
[69 275/398] semantic=1.071 depth=0.693 normal=0.192
[69 300/398] semantic=1.095 depth=0.386 normal=0.220
[69 325/398] semantic=1.034 depth=0.481 normal=0.151
[69 350/398] semantic=1.546 depth=0.974 normal=0.273
[69 375/398] semantic=1.247 depth=0.380 normal=0.265
[69 398/398] semantic=1.347 depth=0.854 normal=0.309
Epoch 069: mIoU=21.027 pix=51.342 abs=0.7136 rel=0.2843 normal_mean=33.957 delta=33.980 wall_h=36.580
[70 1/398] semantic=1.005 depth=0.431 normal=0.163
[70 25/398] semantic=1.159 depth=0.381 normal=0.132
[70 50/398] semantic=1.237 depth=0.476 normal=0.192
[70 75/398] semantic=1.105 depth=0.596 normal=0.163
[70 100/398] semantic=2.116 depth=0.730 normal=0.215
[70 125/398] semantic=1.084 depth=0.728 normal=0.239
[70 150/398] semantic=1.155 depth=0.726 normal=0.199
[70 175/398] semantic=1.658 depth=0.273 normal=0.158
[70 200/398] semantic=1.029 depth=0.573 normal=0.199
[70 225/398] semantic=1.585 depth=1.044 normal=0.285
[70 250/398] semantic=1.538 depth=0.401 normal=0.152
[70 275/398] semantic=1.545 depth=0.541 normal=0.255
[70 300/398] semantic=1.807 depth=0.408 normal=0.179
[70 325/398] semantic=1.483 depth=0.889 normal=0.242
[70 350/398] semantic=1.666 depth=0.586 normal=0.241
[70 375/398] semantic=0.998 depth=0.544 normal=0.228
[70 398/398] semantic=1.152 depth=0.550 normal=0.247
Epoch 070: mIoU=23.284 pix=52.427 abs=0.6683 rel=0.2858 normal_mean=33.359 delta=30.978 wall_h=37.126
[71 1/398] semantic=0.963 depth=0.588 normal=0.188
[71 25/398] semantic=0.894 depth=0.661 normal=0.186
[71 50/398] semantic=1.367 depth=0.530 normal=0.294
[71 75/398] semantic=1.895 depth=0.472 normal=0.240
[71 100/398] semantic=1.272 depth=0.563 normal=0.192
[71 125/398] semantic=0.983 depth=0.505 normal=0.211
[71 150/398] semantic=1.664 depth=0.464 normal=0.155
[71 175/398] semantic=1.252 depth=1.119 normal=0.296
[71 200/398] semantic=1.793 depth=0.519 normal=0.253
[71 225/398] semantic=0.968 depth=0.670 normal=0.192
[71 250/398] semantic=1.234 depth=1.390 normal=0.375
[71 275/398] semantic=0.993 depth=0.874 normal=0.245
[71 300/398] semantic=0.570 depth=0.461 normal=0.131
[71 325/398] semantic=1.686 depth=0.982 normal=0.165
[71 350/398] semantic=1.128 depth=0.478 normal=0.173
[71 375/398] semantic=1.286 depth=0.590 normal=0.196
[71 398/398] semantic=1.896 depth=0.488 normal=0.189
Epoch 071: mIoU=24.577 pix=53.901 abs=0.7349 rel=0.2737 normal_mean=32.593 delta=27.526 wall_h=37.671
[72 1/398] semantic=1.250 depth=0.820 normal=0.238
[72 25/398] semantic=1.287 depth=0.275 normal=0.218
[72 50/398] semantic=0.936 depth=0.386 normal=0.173
[72 75/398] semantic=1.133 depth=0.529 normal=0.234
[72 100/398] semantic=1.221 depth=0.894 normal=0.221
[72 125/398] semantic=1.333 depth=0.552 normal=0.244
[72 150/398] semantic=1.353 depth=0.409 normal=0.212
[72 175/398] semantic=0.944 depth=0.798 normal=0.244
[72 200/398] semantic=1.643 depth=0.661 normal=0.229
[72 225/398] semantic=0.935 depth=1.036 normal=0.323
[72 250/398] semantic=1.144 depth=0.839 normal=0.253
[72 275/398] semantic=1.105 depth=0.341 normal=0.167
[72 300/398] semantic=1.119 depth=0.579 normal=0.183
[72 325/398] semantic=1.318 depth=0.891 normal=0.249
[72 350/398] semantic=1.208 depth=0.983 normal=0.172
[72 375/398] semantic=1.372 depth=0.500 normal=0.181
[72 398/398] semantic=1.459 depth=0.561 normal=0.177
Epoch 072: mIoU=24.669 pix=54.095 abs=0.6567 rel=0.2757 normal_mean=33.944 delta=30.478 wall_h=38.218
[73 1/398] semantic=1.536 depth=0.444 normal=0.248
[73 25/398] semantic=1.402 depth=1.266 normal=0.318
[73 50/398] semantic=0.927 depth=0.714 normal=0.229
RUN dataset=nyuv2 method=moco seed=42 lr=0.0001 batch=2 epochs=200 model=mtan
RESULT /mloscratch/homes/mirrokni/LMO-MOO/results/nyuv2/moco_sd42.stats
CHECKPOINT /mloscratch/homes/mirrokni/LMO-MOO/results/checkpoints/nyuv2/moco_sd42.pt
OPTIMIZER Adam lr=0.0001
RESUME epoch=73 phase=train next_batch=70/398
[73 75/398] semantic=1.200 depth=0.460 normal=0.171
[73 100/398] semantic=1.129 depth=0.472 normal=0.181
[73 125/398] semantic=1.187 depth=0.462 normal=0.215
[73 150/398] semantic=1.650 depth=0.505 normal=0.194
[73 175/398] semantic=1.103 depth=0.780 normal=0.237
[73 200/398] semantic=1.336 depth=0.460 normal=0.235
[73 225/398] semantic=0.884 depth=0.986 normal=0.167
[73 250/398] semantic=1.503 depth=0.485 normal=0.229
[73 275/398] semantic=0.797 depth=0.640 normal=0.151
[73 300/398] semantic=1.015 depth=0.530 normal=0.175
[73 325/398] semantic=0.679 depth=0.540 normal=0.134
RUN dataset=nyuv2 method=moco seed=42 lr=0.0001 batch=2 epochs=200 model=mtan
RESULT /mloscratch/homes/mirrokni/LMO-MOO/results/nyuv2/moco_sd42.stats
CHECKPOINT /mloscratch/homes/mirrokni/LMO-MOO/results/checkpoints/nyuv2/moco_sd42.pt
OPTIMIZER Adam lr=0.0001
RESUME epoch=73 phase=train next_batch=339/398
[73 350/398] semantic=1.608 depth=0.857 normal=0.225
[73 375/398] semantic=0.733 depth=0.684 normal=0.170
[73 398/398] semantic=1.496 depth=0.351 normal=0.177
RUN dataset=nyuv2 method=moco seed=42 lr=0.0001 batch=2 epochs=200 model=mtan
RESULT /mloscratch/homes/mirrokni/LMO-MOO/results/nyuv2/moco_sd42.stats
CHECKPOINT /mloscratch/homes/mirrokni/LMO-MOO/results/checkpoints/nyuv2/moco_sd42.pt
OPTIMIZER Adam lr=0.0001
RESUME epoch=73 phase=evaluate next_batch=137/327
Epoch 073: mIoU=25.586 pix=53.800 abs=0.7303 rel=0.2760 normal_mean=33.091 delta=30.150 wall_h=38.798
[74 1/398] semantic=1.657 depth=0.583 normal=0.297
[74 25/398] semantic=1.232 depth=1.400 normal=0.243
[74 50/398] semantic=1.558 depth=0.663 normal=0.216
[74 75/398] semantic=1.194 depth=0.449 normal=0.239
[74 100/398] semantic=1.296 depth=0.485 normal=0.253
[74 125/398] semantic=1.008 depth=0.502 normal=0.265
[74 150/398] semantic=0.819 depth=0.300 normal=0.164
[74 175/398] semantic=1.855 depth=0.456 normal=0.250
[74 200/398] semantic=1.172 depth=0.593 normal=0.184
[74 225/398] semantic=0.932 depth=0.649 normal=0.169
[74 250/398] semantic=1.216 depth=0.563 normal=0.199
[74 275/398] semantic=1.041 depth=0.935 normal=0.232
[74 300/398] semantic=1.229 depth=0.712 normal=0.313
[74 325/398] semantic=1.265 depth=0.689 normal=0.310
[74 350/398] semantic=1.008 depth=0.428 normal=0.216
[74 375/398] semantic=0.771 depth=0.445 normal=0.188
[74 398/398] semantic=0.947 depth=0.483 normal=0.240
Epoch 074: mIoU=22.727 pix=53.728 abs=0.6750 rel=0.2712 normal_mean=33.743 delta=31.127 wall_h=39.474
[75 1/398] semantic=1.410 depth=0.298 normal=0.192
[75 25/398] semantic=1.328 depth=0.628 normal=0.256
[75 50/398] semantic=1.046 depth=0.669 normal=0.251
[75 75/398] semantic=1.436 depth=0.623 normal=0.224
[75 100/398] semantic=1.035 depth=0.531 normal=0.285
[75 125/398] semantic=1.155 depth=0.427 normal=0.196
[75 150/398] semantic=0.832 depth=0.525 normal=0.148
[75 175/398] semantic=0.983 depth=0.632 normal=0.230
[75 200/398] semantic=1.184 depth=0.900 normal=0.201
RUN dataset=nyuv2 method=moco seed=42 lr=0.0001 batch=2 epochs=200 model=mtan
RESULT /mloscratch/homes/mirrokni/LMO-MOO/results/nyuv2/moco_sd42.stats
CHECKPOINT /mloscratch/homes/mirrokni/LMO-MOO/results/checkpoints/nyuv2/moco_sd42.pt
OPTIMIZER Adam lr=0.0001
RESUME epoch=75 phase=train next_batch=206/398
[75 225/398] semantic=1.471 depth=0.555 normal=0.163
[75 250/398] semantic=0.938 depth=0.438 normal=0.208
[75 275/398] semantic=1.018 depth=0.890 normal=0.224
[75 300/398] semantic=1.353 depth=1.158 normal=0.253
[75 325/398] semantic=1.058 depth=0.551 normal=0.229
[75 350/398] semantic=1.464 depth=0.683 normal=0.227
[75 375/398] semantic=1.766 depth=0.571 normal=0.201
[75 398/398] semantic=1.333 depth=0.509 normal=0.207
Epoch 075: mIoU=27.125 pix=55.972 abs=0.6675 rel=0.2676 normal_mean=33.217 delta=27.748 wall_h=40.054
[76 1/398] semantic=1.367 depth=0.625 normal=0.198
[76 25/398] semantic=0.950 depth=0.692 normal=0.173
[76 50/398] semantic=1.454 depth=0.505 normal=0.203
[76 75/398] semantic=0.980 depth=0.343 normal=0.209
[76 100/398] semantic=1.241 depth=0.714 normal=0.188
[76 125/398] semantic=0.945 depth=0.615 normal=0.182
[76 150/398] semantic=1.640 depth=0.985 normal=0.353
[76 175/398] semantic=1.143 depth=0.604 normal=0.215
[76 200/398] semantic=1.154 depth=0.509 normal=0.268
[76 225/398] semantic=1.499 depth=0.507 normal=0.275
[76 250/398] semantic=0.886 depth=0.436 normal=0.149
[76 275/398] semantic=0.744 depth=0.629 normal=0.192
[76 300/398] semantic=1.007 depth=0.385 normal=0.149
[76 325/398] semantic=0.975 depth=0.748 normal=0.315
[76 350/398] semantic=1.047 depth=0.482 normal=0.194
[76 375/398] semantic=1.378 depth=0.695 normal=0.259
[76 398/398] semantic=1.287 depth=0.678 normal=0.186
RUN dataset=nyuv2 method=moco seed=42 lr=0.0001 batch=2 epochs=200 model=mtan
RESULT /mloscratch/homes/mirrokni/LMO-MOO/results/nyuv2/moco_sd42.stats
CHECKPOINT /mloscratch/homes/mirrokni/LMO-MOO/results/checkpoints/nyuv2/moco_sd42.pt
OPTIMIZER Adam lr=0.0001
RESUME epoch=76 phase=evaluate next_batch=21/327
Epoch 076: mIoU=25.386 pix=55.407 abs=0.6766 rel=0.2645 normal_mean=34.260 delta=30.811 wall_h=40.604
[77 1/398] semantic=0.941 depth=0.434 normal=0.212
[77 25/398] semantic=1.876 depth=0.578 normal=0.230
[77 50/398] semantic=1.415 depth=0.821 normal=0.173
[77 75/398] semantic=1.072 depth=0.818 normal=0.211
[77 100/398] semantic=1.346 depth=0.625 normal=0.217
[77 125/398] semantic=0.864 depth=0.789 normal=0.223
[77 150/398] semantic=1.401 depth=0.594 normal=0.264
[77 175/398] semantic=0.887 depth=0.420 normal=0.152
[77 200/398] semantic=0.812 depth=0.591 normal=0.157
[77 225/398] semantic=1.093 depth=0.665 normal=0.329
[77 250/398] semantic=0.966 depth=0.824 normal=0.263
[77 275/398] semantic=1.527 depth=0.862 normal=0.238
[77 300/398] semantic=1.052 depth=0.540 normal=0.148
[77 325/398] semantic=0.769 depth=0.677 normal=0.167
[77 350/398] semantic=0.793 depth=0.739 normal=0.186
[77 375/398] semantic=1.645 depth=0.578 normal=0.225
[77 398/398] semantic=1.025 depth=0.734 normal=0.165
Epoch 077: mIoU=26.742 pix=56.000 abs=0.6329 rel=0.2583 normal_mean=32.446 delta=23.809 wall_h=41.125
[78 1/398] semantic=0.993 depth=0.854 normal=0.178
[78 25/398] semantic=1.157 depth=0.544 normal=0.225
[78 50/398] semantic=0.754 depth=0.541 normal=0.134
[78 75/398] semantic=1.314 depth=0.575 normal=0.216
[78 100/398] semantic=1.285 depth=0.681 normal=0.259
[78 125/398] semantic=0.648 depth=0.573 normal=0.160
[78 150/398] semantic=1.021 depth=0.415 normal=0.162
[78 175/398] semantic=1.110 depth=0.516 normal=0.183
[78 200/398] semantic=1.118 depth=0.585 normal=0.194
[78 225/398] semantic=1.146 depth=0.419 normal=0.220
[78 250/398] semantic=1.086 depth=0.847 normal=0.221
[78 275/398] semantic=0.952 depth=0.526 normal=0.195
[78 300/398] semantic=1.193 depth=0.440 normal=0.175
[78 325/398] semantic=1.315 depth=0.531 normal=0.236
[78 350/398] semantic=1.062 depth=0.673 normal=0.184
[78 375/398] semantic=1.264 depth=0.355 normal=0.145
[78 398/398] semantic=1.565 depth=0.245 normal=0.172
Epoch 078: mIoU=26.625 pix=57.682 abs=0.6471 rel=0.2656 normal_mean=33.318 delta=26.952 wall_h=41.629
[79 1/398] semantic=1.496 depth=0.399 normal=0.228
[79 25/398] semantic=1.091 depth=0.807 normal=0.251
[79 50/398] semantic=1.094 depth=0.573 normal=0.152
[79 75/398] semantic=0.789 depth=0.485 normal=0.215
[79 100/398] semantic=1.073 depth=0.430 normal=0.250
[79 125/398] semantic=0.714 depth=0.417 normal=0.127
[79 150/398] semantic=1.183 depth=0.765 normal=0.210
[79 175/398] semantic=1.219 depth=0.315 normal=0.210
[79 200/398] semantic=1.070 depth=0.476 normal=0.171
[79 225/398] semantic=1.188 depth=0.507 normal=0.187
[79 250/398] semantic=0.653 depth=0.371 normal=0.142
[79 275/398] semantic=1.356 depth=0.486 normal=0.190
[79 300/398] semantic=1.013 depth=0.341 normal=0.229
[79 325/398] semantic=1.324 depth=0.549 normal=0.190
[79 350/398] semantic=1.232 depth=1.085 normal=0.261
[79 375/398] semantic=0.692 depth=0.484 normal=0.153
[79 398/398] semantic=1.816 depth=0.401 normal=0.206
Epoch 079: mIoU=26.750 pix=56.408 abs=0.6795 rel=0.2606 normal_mean=33.961 delta=28.297 wall_h=42.157
[80 1/398] semantic=0.986 depth=0.624 normal=0.224
[80 25/398] semantic=0.857 depth=0.609 normal=0.141
[80 50/398] semantic=1.084 depth=0.867 normal=0.237
[80 75/398] semantic=1.178 depth=0.755 normal=0.299
[80 100/398] semantic=1.219 depth=0.466 normal=0.184
[80 125/398] semantic=1.715 depth=0.610 normal=0.178
[80 150/398] semantic=0.810 depth=0.657 normal=0.160
[80 175/398] semantic=1.649 depth=0.695 normal=0.259
[80 200/398] semantic=0.716 depth=0.629 normal=0.187
[80 225/398] semantic=1.359 depth=0.330 normal=0.229
[80 250/398] semantic=1.393 depth=0.602 normal=0.171
[80 275/398] semantic=0.844 depth=0.326 normal=0.157
[80 300/398] semantic=1.205 depth=0.729 normal=0.377
[80 325/398] semantic=1.199 depth=0.549 normal=0.215
[80 350/398] semantic=1.724 depth=0.440 normal=0.210
[80 375/398] semantic=1.452 depth=0.568 normal=0.298
[80 398/398] semantic=1.965 depth=0.484 normal=0.163
Epoch 080: mIoU=26.559 pix=55.281 abs=0.6985 rel=0.2687 normal_mean=33.527 delta=30.159 wall_h=42.682
[81 1/398] semantic=1.769 depth=0.422 normal=0.199
[81 25/398] semantic=0.682 depth=0.348 normal=0.199
[81 50/398] semantic=1.003 depth=0.839 normal=0.174
[81 75/398] semantic=1.499 depth=0.549 normal=0.160
[81 100/398] semantic=1.067 depth=0.262 normal=0.249
[81 125/398] semantic=0.905 depth=0.530 normal=0.217
[81 150/398] semantic=1.081 depth=0.432 normal=0.207
[81 175/398] semantic=1.559 depth=0.405 normal=0.242
[81 200/398] semantic=1.409 depth=0.534 normal=0.200
[81 225/398] semantic=1.022 depth=0.382 normal=0.158
[81 250/398] semantic=1.710 depth=0.570 normal=0.133
[81 275/398] semantic=0.870 depth=0.895 normal=0.233
[81 300/398] semantic=0.692 depth=0.560 normal=0.222
[81 325/398] semantic=0.840 depth=0.402 normal=0.197
[81 350/398] semantic=0.859 depth=0.589 normal=0.187
[81 375/398] semantic=1.010 depth=0.532 normal=0.177
[81 398/398] semantic=2.258 depth=0.280 normal=0.331
Epoch 081: mIoU=24.888 pix=55.764 abs=0.6632 rel=0.2714 normal_mean=33.208 delta=28.135 wall_h=43.239
[82 1/398] semantic=1.396 depth=0.641 normal=0.206
[82 25/398] semantic=1.468 depth=0.395 normal=0.270
[82 50/398] semantic=1.318 depth=0.447 normal=0.252
[82 75/398] semantic=0.976 depth=1.076 normal=0.256
[82 100/398] semantic=0.962 depth=0.310 normal=0.163
[82 125/398] semantic=1.134 depth=0.631 normal=0.132
[82 150/398] semantic=1.466 depth=0.783 normal=0.187
[82 175/398] semantic=1.359 depth=0.499 normal=0.186
[82 200/398] semantic=1.040 depth=0.514 normal=0.135
[82 225/398] semantic=1.150 depth=0.586 normal=0.253
[82 250/398] semantic=0.910 depth=0.748 normal=0.212
[82 275/398] semantic=0.785 depth=0.687 normal=0.225
[82 300/398] semantic=0.980 depth=0.540 normal=0.169
[82 325/398] semantic=1.074 depth=0.439 normal=0.134
[82 350/398] semantic=0.866 depth=0.826 normal=0.183
[82 375/398] semantic=1.066 depth=0.511 normal=0.269
[82 398/398] semantic=0.770 depth=0.609 normal=0.157
Epoch 082: mIoU=27.504 pix=56.683 abs=0.6924 rel=0.2648 normal_mean=33.153 delta=27.645 wall_h=43.812
[83 1/398] semantic=0.906 depth=0.551 normal=0.182
[83 25/398] semantic=1.358 depth=0.428 normal=0.214
[83 50/398] semantic=0.832 depth=1.062 normal=0.252
[83 75/398] semantic=1.034 depth=0.368 normal=0.189
[83 100/398] semantic=0.751 depth=0.722 normal=0.082
[83 125/398] semantic=1.281 depth=0.828 normal=0.187
[83 150/398] semantic=0.799 depth=0.460 normal=0.192
[83 175/398] semantic=1.199 depth=0.497 normal=0.248
[83 200/398] semantic=1.041 depth=0.538 normal=0.199
[83 225/398] semantic=1.501 depth=0.644 normal=0.237
[83 250/398] semantic=0.780 depth=0.408 normal=0.227
[83 275/398] semantic=1.069 depth=0.560 normal=0.172
[83 300/398] semantic=0.639 depth=0.383 normal=0.196
[83 325/398] semantic=1.123 depth=0.475 normal=0.150
[83 350/398] semantic=1.390 depth=0.597 normal=0.311
[83 375/398] semantic=1.821 depth=0.496 normal=0.271
[83 398/398] semantic=0.985 depth=0.732 normal=0.181
Epoch 083: mIoU=27.799 pix=56.467 abs=0.6619 rel=0.2869 normal_mean=33.168 delta=28.151 wall_h=44.340
[84 1/398] semantic=0.763 depth=0.622 normal=0.241
[84 25/398] semantic=1.065 depth=0.489 normal=0.164
[84 50/398] semantic=1.234 depth=0.419 normal=0.129
[84 75/398] semantic=1.279 depth=0.859 normal=0.187
[84 100/398] semantic=1.132 depth=0.821 normal=0.160
[84 125/398] semantic=1.205 depth=0.311 normal=0.150
[84 150/398] semantic=1.051 depth=0.392 normal=0.160
[84 175/398] semantic=0.903 depth=0.483 normal=0.167
[84 200/398] semantic=0.993 depth=0.406 normal=0.154
[84 225/398] semantic=1.014 depth=0.313 normal=0.136
[84 250/398] semantic=0.946 depth=0.652 normal=0.216
[84 275/398] semantic=1.275 depth=0.572 normal=0.206
[84 300/398] semantic=1.472 depth=1.031 normal=0.260
[84 325/398] semantic=1.077 depth=0.563 normal=0.251
[84 350/398] semantic=0.841 depth=0.419 normal=0.190
[84 375/398] semantic=0.805 depth=0.290 normal=0.161
[84 398/398] semantic=0.872 depth=0.946 normal=0.322
Epoch 084: mIoU=27.553 pix=56.485 abs=0.6694 rel=0.2811 normal_mean=33.530 delta=29.060 wall_h=44.862
[85 1/398] semantic=0.812 depth=0.494 normal=0.257
[85 25/398] semantic=1.123 depth=0.714 normal=0.237
[85 50/398] semantic=0.769 depth=0.373 normal=0.160
[85 75/398] semantic=0.839 depth=0.439 normal=0.214
[85 100/398] semantic=0.932 depth=0.566 normal=0.208
[85 125/398] semantic=1.060 depth=0.489 normal=0.165
[85 150/398] semantic=1.124 depth=0.439 normal=0.183
[85 175/398] semantic=0.883 depth=0.403 normal=0.158
[85 200/398] semantic=0.752 depth=0.914 normal=0.169
[85 225/398] semantic=1.706 depth=0.794 normal=0.313
[85 250/398] semantic=1.393 depth=0.597 normal=0.256
[85 275/398] semantic=1.155 depth=0.637 normal=0.233
[85 300/398] semantic=0.690 depth=0.336 normal=0.170
[85 325/398] semantic=1.133 depth=0.504 normal=0.186
[85 350/398] semantic=0.939 depth=0.365 normal=0.226
[85 375/398] semantic=0.699 depth=0.472 normal=0.156
[85 398/398] semantic=0.856 depth=0.888 normal=0.146
Epoch 085: mIoU=27.472 pix=55.959 abs=0.6660 rel=0.2595 normal_mean=33.273 delta=27.633 wall_h=45.383
[86 1/398] semantic=0.677 depth=0.458 normal=0.152
[86 25/398] semantic=1.199 depth=0.235 normal=0.188
[86 50/398] semantic=1.016 depth=0.590 normal=0.221
[86 75/398] semantic=1.089 depth=0.526 normal=0.161
[86 100/398] semantic=0.871 depth=0.502 normal=0.153
[86 125/398] semantic=2.224 depth=0.413 normal=0.291
[86 150/398] semantic=1.149 depth=1.160 normal=0.217
[86 175/398] semantic=0.823 depth=0.323 normal=0.265
[86 200/398] semantic=1.104 depth=0.331 normal=0.249
[86 225/398] semantic=1.013 depth=0.344 normal=0.146
[86 250/398] semantic=1.054 depth=0.445 normal=0.225
[86 275/398] semantic=1.178 depth=0.735 normal=0.199
[86 300/398] semantic=1.227 depth=0.425 normal=0.213
[86 325/398] semantic=0.761 depth=0.610 normal=0.155
[86 350/398] semantic=1.076 depth=0.864 normal=0.199
[86 375/398] semantic=0.939 depth=0.501 normal=0.210
[86 398/398] semantic=0.796 depth=0.574 normal=0.279
Epoch 086: mIoU=26.960 pix=57.018 abs=0.6860 rel=0.3156 normal_mean=32.617 delta=27.924 wall_h=45.904
[87 1/398] semantic=1.260 depth=0.368 normal=0.184
[87 25/398] semantic=0.854 depth=0.812 normal=0.231
[87 50/398] semantic=0.648 depth=0.523 normal=0.183
[87 75/398] semantic=1.186 depth=0.532 normal=0.239
[87 100/398] semantic=1.446 depth=0.701 normal=0.291
[87 125/398] semantic=0.941 depth=0.365 normal=0.196
[87 150/398] semantic=1.031 depth=0.338 normal=0.155
[87 175/398] semantic=1.369 depth=0.518 normal=0.165
[87 200/398] semantic=1.328 depth=0.466 normal=0.187
[87 225/398] semantic=1.024 depth=0.702 normal=0.233
[87 250/398] semantic=1.171 depth=0.732 normal=0.222
[87 275/398] semantic=1.061 depth=0.434 normal=0.201
[87 300/398] semantic=0.897 depth=0.737 normal=0.201
[87 325/398] semantic=1.579 depth=0.759 normal=0.245
[87 350/398] semantic=1.724 depth=0.728 normal=0.223
[87 375/398] semantic=2.818 depth=0.334 normal=0.225
[87 398/398] semantic=0.372 depth=0.383 normal=0.104
Epoch 087: mIoU=26.573 pix=56.239 abs=0.6339 rel=0.2583 normal_mean=33.235 delta=27.157 wall_h=46.423
[88 1/398] semantic=1.397 depth=0.585 normal=0.256
[88 25/398] semantic=1.435 depth=0.670 normal=0.176
[88 50/398] semantic=0.996 depth=0.453 normal=0.172
[88 75/398] semantic=1.238 depth=0.569 normal=0.238
[88 100/398] semantic=0.931 depth=0.426 normal=0.197
[88 125/398] semantic=0.898 depth=0.608 normal=0.221
[88 150/398] semantic=1.622 depth=0.534 normal=0.121
[88 175/398] semantic=0.658 depth=0.370 normal=0.177
[88 200/398] semantic=1.174 depth=0.555 normal=0.213
[88 225/398] semantic=1.126 depth=0.965 normal=0.260
[88 250/398] semantic=1.109 depth=0.626 normal=0.214
[88 275/398] semantic=1.500 depth=0.440 normal=0.257
[88 300/398] semantic=1.204 depth=0.724 normal=0.196
[88 325/398] semantic=1.418 depth=0.560 normal=0.164
[88 350/398] semantic=0.907 depth=0.386 normal=0.174
[88 375/398] semantic=1.241 depth=0.724 normal=0.249
[88 398/398] semantic=0.612 depth=0.852 normal=0.184
Epoch 088: mIoU=28.253 pix=58.468 abs=0.6446 rel=0.2698 normal_mean=32.530 delta=25.127 wall_h=46.935
[89 1/398] semantic=1.224 depth=0.489 normal=0.177
[89 25/398] semantic=1.718 depth=0.734 normal=0.234
[89 50/398] semantic=1.122 depth=0.616 normal=0.197
[89 75/398] semantic=1.052 depth=0.401 normal=0.170
[89 100/398] semantic=1.067 depth=0.449 normal=0.168
[89 125/398] semantic=0.819 depth=0.551 normal=0.236
[89 150/398] semantic=1.114 depth=1.051 normal=0.244
[89 175/398] semantic=1.127 depth=0.372 normal=0.153
[89 200/398] semantic=1.132 depth=0.254 normal=0.158
[89 225/398] semantic=1.055 depth=0.869 normal=0.184
[89 250/398] semantic=1.080 depth=0.597 normal=0.268
[89 275/398] semantic=0.904 depth=0.449 normal=0.184
[89 300/398] semantic=0.409 depth=0.421 normal=0.211
[89 325/398] semantic=1.590 depth=0.491 normal=0.236
[89 350/398] semantic=1.611 depth=0.310 normal=0.174
[89 375/398] semantic=1.352 depth=0.650 normal=0.212
[89 398/398] semantic=0.862 depth=0.349 normal=0.179
Epoch 089: mIoU=25.794 pix=56.476 abs=0.6547 rel=0.2643 normal_mean=32.990 delta=26.988 wall_h=47.452
[90 1/398] semantic=0.568 depth=0.323 normal=0.131
[90 25/398] semantic=0.933 depth=0.405 normal=0.168
[90 50/398] semantic=0.682 depth=0.471 normal=0.157
[90 75/398] semantic=1.306 depth=0.671 normal=0.203
[90 100/398] semantic=1.066 depth=0.538 normal=0.155
[90 125/398] semantic=0.958 depth=0.271 normal=0.140
[90 150/398] semantic=0.958 depth=0.252 normal=0.130
[90 175/398] semantic=1.409 depth=0.535 normal=0.168
[90 200/398] semantic=0.940 depth=0.349 normal=0.192
[90 225/398] semantic=1.354 depth=0.497 normal=0.315
[90 250/398] semantic=0.852 depth=0.596 normal=0.185
[90 275/398] semantic=1.018 depth=0.299 normal=0.158
[90 300/398] semantic=0.676 depth=0.382 normal=0.129
[90 325/398] semantic=1.193 depth=0.574 normal=0.201
[90 350/398] semantic=1.685 depth=0.710 normal=0.284
[90 375/398] semantic=1.356 depth=0.791 normal=0.298
[90 398/398] semantic=2.706 depth=0.728 normal=0.164
Epoch 090: mIoU=28.244 pix=56.301 abs=0.6496 rel=0.2726 normal_mean=33.670 delta=28.361 wall_h=47.976
[91 1/398] semantic=1.545 depth=0.439 normal=0.308
[91 25/398] semantic=1.525 depth=0.742 normal=0.292
[91 50/398] semantic=1.022 depth=0.401 normal=0.252
[91 75/398] semantic=1.162 depth=0.384 normal=0.189
[91 100/398] semantic=1.610 depth=0.457 normal=0.248
[91 125/398] semantic=0.827 depth=0.975 normal=0.181
[91 150/398] semantic=1.276 depth=0.495 normal=0.340
[91 175/398] semantic=0.735 depth=0.313 normal=0.174
[91 200/398] semantic=1.450 depth=0.491 normal=0.229
[91 225/398] semantic=1.036 depth=0.526 normal=0.136
[91 250/398] semantic=0.766 depth=0.585 normal=0.176
[91 275/398] semantic=1.766 depth=0.504 normal=0.188
[91 300/398] semantic=1.637 depth=0.421 normal=0.274
[91 325/398] semantic=1.010 depth=0.426 normal=0.142
[91 350/398] semantic=1.246 depth=0.601 normal=0.223
[91 375/398] semantic=1.431 depth=0.711 normal=0.246
[91 398/398] semantic=0.768 depth=0.331 normal=0.196
Epoch 091: mIoU=27.265 pix=57.000 abs=0.6660 rel=0.2629 normal_mean=31.973 delta=24.202 wall_h=48.507
[92 1/398] semantic=0.899 depth=0.462 normal=0.127
[92 25/398] semantic=1.669 depth=0.408 normal=0.184
[92 50/398] semantic=2.260 depth=0.383 normal=0.178
[92 75/398] semantic=1.340 depth=0.668 normal=0.193
[92 100/398] semantic=0.951 depth=0.648 normal=0.203
[92 125/398] semantic=1.206 depth=0.748 normal=0.218
[92 150/398] semantic=0.807 depth=0.452 normal=0.102
[92 175/398] semantic=1.602 depth=0.669 normal=0.234
[92 200/398] semantic=1.279 depth=0.276 normal=0.180
[92 225/398] semantic=1.114 depth=0.533 normal=0.250
[92 250/398] semantic=0.617 depth=0.341 normal=0.117
[92 275/398] semantic=1.199 depth=0.545 normal=0.263
[92 300/398] semantic=0.953 depth=0.641 normal=0.235
[92 325/398] semantic=0.846 depth=0.486 normal=0.161
[92 350/398] semantic=0.927 depth=0.411 normal=0.151
[92 375/398] semantic=0.976 depth=0.400 normal=0.196
[92 398/398] semantic=0.655 depth=0.542 normal=0.220
RUN dataset=nyuv2 method=moco seed=42 lr=0.0001 batch=2 epochs=200 model=mtan
RESULT /mloscratch/homes/mirrokni/LMO-MOO/results/nyuv2/moco_sd42.stats
CHECKPOINT /mloscratch/homes/mirrokni/LMO-MOO/results/checkpoints/nyuv2/moco_sd42.pt
OPTIMIZER Adam lr=0.0001
RESUME epoch=93 phase=train next_batch=8/398
[93 25/398] semantic=1.282 depth=0.510 normal=0.195
[93 50/398] semantic=0.961 depth=0.873 normal=0.228
[93 75/398] semantic=1.351 depth=0.883 normal=0.330
[93 100/398] semantic=1.196 depth=0.736 normal=0.275
[93 125/398] semantic=0.924 depth=0.436 normal=0.215
[93 150/398] semantic=1.237 depth=0.835 normal=0.219
[93 175/398] semantic=0.968 depth=0.311 normal=0.196
[93 200/398] semantic=0.962 depth=0.413 normal=0.202
[93 225/398] semantic=1.130 depth=0.464 normal=0.200
[93 250/398] semantic=0.667 depth=0.369 normal=0.198
[93 275/398] semantic=0.810 depth=0.447 normal=0.140
[93 300/398] semantic=0.733 depth=0.456 normal=0.214
[93 325/398] semantic=1.094 depth=0.318 normal=0.108
[93 350/398] semantic=1.223 depth=0.901 normal=0.176
[93 375/398] semantic=1.088 depth=0.475 normal=0.158
[93 398/398] semantic=1.359 depth=0.927 normal=0.358
Epoch 093: mIoU=26.625 pix=56.619 abs=0.6501 rel=0.2651 normal_mean=32.337 delta=24.252 wall_h=49.665
[94 1/398] semantic=0.879 depth=0.940 normal=0.201
[94 25/398] semantic=0.597 depth=0.286 normal=0.119
[94 50/398] semantic=0.726 depth=0.378 normal=0.152
[94 75/398] semantic=0.745 depth=0.555 normal=0.106
[94 100/398] semantic=1.233 depth=0.455 normal=0.195
[94 125/398] semantic=1.225 depth=0.410 normal=0.218
[94 150/398] semantic=0.608 depth=0.712 normal=0.130
[94 175/398] semantic=0.727 depth=0.416 normal=0.174
[94 200/398] semantic=0.863 depth=0.502 normal=0.248
[94 225/398] semantic=1.392 depth=0.373 normal=0.192
[94 250/398] semantic=0.784 depth=0.481 normal=0.155
[94 275/398] semantic=1.191 depth=0.512 normal=0.157
[94 300/398] semantic=0.805 depth=0.339 normal=0.162
[94 325/398] semantic=1.142 depth=0.293 normal=0.156
[94 350/398] semantic=1.035 depth=0.762 normal=0.298
[94 375/398] semantic=0.913 depth=0.497 normal=0.157
[94 398/398] semantic=1.194 depth=0.358 normal=0.199
Epoch 094: mIoU=30.428 pix=58.356 abs=0.6562 rel=0.2520 normal_mean=33.129 delta=25.510 wall_h=50.261
[95 1/398] semantic=0.650 depth=0.598 normal=0.129
[95 25/398] semantic=0.638 depth=0.262 normal=0.202
[95 50/398] semantic=0.968 depth=0.400 normal=0.188
[95 75/398] semantic=1.169 depth=0.565 normal=0.202
[95 100/398] semantic=0.814 depth=0.429 normal=0.159
[95 125/398] semantic=0.779 depth=0.337 normal=0.110
[95 150/398] semantic=1.188 depth=0.585 normal=0.194
[95 175/398] semantic=1.009 depth=0.595 normal=0.156
[95 200/398] semantic=1.236 depth=0.368 normal=0.140
[95 225/398] semantic=1.327 depth=0.631 normal=0.256
[95 250/398] semantic=1.047 depth=0.344 normal=0.155
[95 275/398] semantic=1.946 depth=0.324 normal=0.246
[95 300/398] semantic=0.915 depth=0.274 normal=0.137
[95 325/398] semantic=1.767 depth=0.599 normal=0.273
[95 350/398] semantic=0.809 depth=0.557 normal=0.171
[95 375/398] semantic=1.157 depth=0.941 normal=0.152
[95 398/398] semantic=0.883 depth=0.350 normal=0.128
Epoch 095: mIoU=27.436 pix=55.339 abs=0.7037 rel=0.2618 normal_mean=32.579 delta=26.790 wall_h=50.854
[96 1/398] semantic=1.242 depth=0.743 normal=0.163
[96 25/398] semantic=1.113 depth=0.698 normal=0.185
[96 50/398] semantic=0.632 depth=0.428 normal=0.155
[96 75/398] semantic=0.554 depth=0.631 normal=0.178
[96 100/398] semantic=1.225 depth=0.572 normal=0.161
[96 125/398] semantic=0.858 depth=0.469 normal=0.181
[96 150/398] semantic=0.693 depth=0.483 normal=0.147
[96 175/398] semantic=0.892 depth=0.444 normal=0.152
[96 200/398] semantic=1.345 depth=0.420 normal=0.214
[96 225/398] semantic=0.973 depth=0.385 normal=0.147
[96 250/398] semantic=0.892 depth=0.497 normal=0.193
[96 275/398] semantic=1.090 depth=0.347 normal=0.185
[96 300/398] semantic=0.728 depth=0.304 normal=0.175
[96 325/398] semantic=1.241 depth=0.605 normal=0.180
[96 350/398] semantic=0.782 depth=0.389 normal=0.171
[96 375/398] semantic=1.149 depth=0.441 normal=0.185
[96 398/398] semantic=1.443 depth=1.278 normal=0.401
Epoch 096: mIoU=28.396 pix=57.808 abs=0.6383 rel=0.2794 normal_mean=33.072 delta=26.894 wall_h=51.418
[97 1/398] semantic=0.694 depth=0.397 normal=0.142
[97 25/398] semantic=0.746 depth=0.252 normal=0.143
[97 50/398] semantic=1.031 depth=0.432 normal=0.149
[97 75/398] semantic=1.125 depth=0.321 normal=0.182
[97 100/398] semantic=0.992 depth=0.322 normal=0.158
[97 125/398] semantic=1.313 depth=0.368 normal=0.243
[97 150/398] semantic=0.959 depth=0.871 normal=0.256
[97 175/398] semantic=1.055 depth=0.582 normal=0.199
[97 200/398] semantic=0.851 depth=0.467 normal=0.178
[97 225/398] semantic=1.331 depth=0.745 normal=0.253
[97 250/398] semantic=0.718 depth=0.570 normal=0.156
[97 275/398] semantic=0.992 depth=0.346 normal=0.185
[97 300/398] semantic=1.512 depth=1.060 normal=0.240
[97 325/398] semantic=0.970 depth=0.457 normal=0.224
[97 350/398] semantic=1.229 depth=0.333 normal=0.203
[97 375/398] semantic=0.861 depth=0.489 normal=0.143
[97 398/398] semantic=1.044 depth=0.601 normal=0.325
Epoch 097: mIoU=30.678 pix=58.075 abs=0.6362 rel=0.2857 normal_mean=32.058 delta=24.097 wall_h=51.973
[98 1/398] semantic=1.415 depth=0.435 normal=0.167
[98 25/398] semantic=0.590 depth=0.320 normal=0.223
[98 50/398] semantic=1.170 depth=0.408 normal=0.175
[98 75/398] semantic=0.869 depth=0.377 normal=0.187
[98 100/398] semantic=1.004 depth=0.463 normal=0.202
[98 125/398] semantic=0.860 depth=0.531 normal=0.150
[98 150/398] semantic=1.457 depth=0.451 normal=0.173
[98 175/398] semantic=0.692 depth=0.545 normal=0.175
[98 200/398] semantic=1.236 depth=0.796 normal=0.192
[98 225/398] semantic=1.044 depth=0.321 normal=0.136
[98 250/398] semantic=1.508 depth=0.800 normal=0.211
[98 275/398] semantic=0.820 depth=0.522 normal=0.276
[98 300/398] semantic=0.708 depth=0.680 normal=0.241
[98 325/398] semantic=0.563 depth=0.419 normal=0.180
[98 350/398] semantic=0.943 depth=0.659 normal=0.222
[98 375/398] semantic=1.216 depth=0.475 normal=0.183
[98 398/398] semantic=1.252 depth=0.425 normal=0.182
Epoch 098: mIoU=29.663 pix=58.128 abs=0.6284 rel=0.2481 normal_mean=34.027 delta=28.025 wall_h=52.524
[99 1/398] semantic=2.224 depth=0.390 normal=0.158
[99 25/398] semantic=0.922 depth=0.657 normal=0.289
[99 50/398] semantic=0.570 depth=0.491 normal=0.112
[99 75/398] semantic=0.892 depth=0.753 normal=0.175
[99 100/398] semantic=1.676 depth=0.473 normal=0.167
[99 125/398] semantic=0.705 depth=0.390 normal=0.114
[99 150/398] semantic=0.556 depth=0.342 normal=0.129
[99 175/398] semantic=0.862 depth=0.554 normal=0.131
[99 200/398] semantic=0.884 depth=0.554 normal=0.205
[99 225/398] semantic=0.943 depth=0.444 normal=0.193
[99 250/398] semantic=1.389 depth=0.284 normal=0.243
[99 275/398] semantic=0.875 depth=0.485 normal=0.125
[99 300/398] semantic=0.697 depth=0.426 normal=0.137
[99 325/398] semantic=0.856 depth=0.429 normal=0.203
[99 350/398] semantic=1.094 depth=0.940 normal=0.231
[99 375/398] semantic=0.645 depth=0.455 normal=0.129
[99 398/398] semantic=0.837 depth=0.276 normal=0.136
Epoch 099: mIoU=27.529 pix=57.648 abs=0.6969 rel=0.2567 normal_mean=32.751 delta=26.999 wall_h=53.072
[100 1/398] semantic=1.163 depth=0.324 normal=0.184
[100 25/398] semantic=0.580 depth=0.414 normal=0.136
[100 50/398] semantic=0.481 depth=0.486 normal=0.153
[100 75/398] semantic=1.398 depth=0.446 normal=0.220
[100 100/398] semantic=1.427 depth=0.722 normal=0.274
[100 125/398] semantic=0.997 depth=0.497 normal=0.134
[100 150/398] semantic=0.974 depth=0.373 normal=0.149
[100 175/398] semantic=1.279 depth=0.579 normal=0.194
[100 200/398] semantic=1.435 depth=0.490 normal=0.161
[100 225/398] semantic=0.809 depth=0.414 normal=0.148
[100 250/398] semantic=1.248 depth=0.410 normal=0.188
[100 275/398] semantic=1.116 depth=0.528 normal=0.255
[100 300/398] semantic=1.112 depth=0.351 normal=0.137
[100 325/398] semantic=0.849 depth=0.667 normal=0.146
[100 350/398] semantic=0.913 depth=0.724 normal=0.262
[100 375/398] semantic=0.532 depth=0.370 normal=0.138
[100 398/398] semantic=0.579 depth=0.273 normal=0.141
Epoch 100: mIoU=27.075 pix=57.697 abs=0.6337 rel=0.2532 normal_mean=32.932 delta=26.226 wall_h=53.624
[101 1/398] semantic=0.649 depth=0.345 normal=0.128
[101 25/398] semantic=0.784 depth=0.459 normal=0.137
[101 50/398] semantic=0.949 depth=0.372 normal=0.152
[101 75/398] semantic=0.532 depth=0.318 normal=0.106
[101 100/398] semantic=1.240 depth=0.352 normal=0.214
[101 125/398] semantic=0.993 depth=0.549 normal=0.147
[101 150/398] semantic=0.812 depth=0.716 normal=0.167
[101 175/398] semantic=1.028 depth=0.484 normal=0.214
[101 200/398] semantic=0.872 depth=0.469 normal=0.223
[101 225/398] semantic=0.899 depth=0.857 normal=0.361
[101 250/398] semantic=0.917 depth=0.359 normal=0.149
[101 275/398] semantic=0.757 depth=0.534 normal=0.170
[101 300/398] semantic=1.149 depth=0.796 normal=0.172
[101 325/398] semantic=0.797 depth=0.617 normal=0.206
[101 350/398] semantic=0.689 depth=0.823 normal=0.206
[101 375/398] semantic=1.497 depth=0.362 normal=0.224
[101 398/398] semantic=0.974 depth=0.866 normal=0.222
Epoch 101: mIoU=31.550 pix=59.552 abs=0.6489 rel=0.2524 normal_mean=32.222 delta=22.432 wall_h=54.176
[102 1/398] semantic=0.717 depth=0.597 normal=0.134
[102 25/398] semantic=0.703 depth=0.790 normal=0.152
[102 50/398] semantic=1.077 depth=0.292 normal=0.139
[102 75/398] semantic=0.723 depth=0.347 normal=0.242
[102 100/398] semantic=0.800 depth=0.480 normal=0.156
[102 125/398] semantic=0.784 depth=0.331 normal=0.189
[102 150/398] semantic=0.744 depth=0.310 normal=0.167
[102 175/398] semantic=1.018 depth=0.480 normal=0.227
[102 200/398] semantic=1.375 depth=0.475 normal=0.251
[102 225/398] semantic=1.367 depth=0.215 normal=0.140
[102 250/398] semantic=1.844 depth=0.586 normal=0.142
[102 275/398] semantic=1.044 depth=0.672 normal=0.156
[102 300/398] semantic=1.036 depth=0.654 normal=0.319
[102 325/398] semantic=0.908 depth=0.548 normal=0.228
[102 350/398] semantic=0.910 depth=0.359 normal=0.118
[102 375/398] semantic=1.068 depth=0.445 normal=0.159
[102 398/398] semantic=0.659 depth=0.286 normal=0.104
Epoch 102: mIoU=32.913 pix=59.794 abs=0.6581 rel=0.2528 normal_mean=32.327 delta=22.976 wall_h=54.732
[103 1/398] semantic=0.923 depth=0.409 normal=0.153
[103 25/398] semantic=0.991 depth=0.588 normal=0.186
[103 50/398] semantic=0.816 depth=0.455 normal=0.222
[103 75/398] semantic=1.393 depth=0.343 normal=0.181
[103 100/398] semantic=0.833 depth=0.640 normal=0.158
[103 125/398] semantic=1.058 depth=0.487 normal=0.176
[103 150/398] semantic=1.093 depth=0.641 normal=0.155
[103 175/398] semantic=0.779 depth=0.373 normal=0.166
[103 200/398] semantic=0.668 depth=0.521 normal=0.181
[103 225/398] semantic=0.772 depth=0.586 normal=0.275
[103 250/398] semantic=1.031 depth=0.397 normal=0.187
[103 275/398] semantic=0.717 depth=0.357 normal=0.172
[103 300/398] semantic=0.798 depth=0.776 normal=0.151
[103 325/398] semantic=0.828 depth=0.522 normal=0.245
[103 350/398] semantic=1.097 depth=0.609 normal=0.156
[103 375/398] semantic=1.041 depth=0.423 normal=0.136
[103 398/398] semantic=1.040 depth=0.536 normal=0.243
Epoch 103: mIoU=32.149 pix=59.976 abs=0.6098 rel=0.2389 normal_mean=32.188 delta=20.872 wall_h=55.284
[104 1/398] semantic=0.653 depth=0.803 normal=0.135
[104 25/398] semantic=1.080 depth=0.349 normal=0.164
[104 50/398] semantic=0.595 depth=0.456 normal=0.216
[104 75/398] semantic=1.432 depth=0.326 normal=0.175
[104 100/398] semantic=0.543 depth=0.205 normal=0.115
[104 125/398] semantic=0.548 depth=0.507 normal=0.216
[104 150/398] semantic=1.034 depth=0.591 normal=0.206
[104 175/398] semantic=0.932 depth=0.325 normal=0.237
[104 200/398] semantic=0.738 depth=0.469 normal=0.198
[104 225/398] semantic=0.957 depth=0.335 normal=0.208
[104 250/398] semantic=0.757 depth=0.468 normal=0.188
[104 275/398] semantic=1.228 depth=0.355 normal=0.200
[104 300/398] semantic=0.536 depth=0.319 normal=0.117
[104 325/398] semantic=0.839 depth=0.374 normal=0.153
[104 350/398] semantic=0.705 depth=0.362 normal=0.195
[104 375/398] semantic=0.426 depth=0.361 normal=0.112
[104 398/398] semantic=0.589 depth=0.372 normal=0.155
Epoch 104: mIoU=32.107 pix=60.083 abs=0.6650 rel=0.2552 normal_mean=32.364 delta=23.655 wall_h=55.839
[105 1/398] semantic=0.516 depth=0.463 normal=0.143
[105 25/398] semantic=0.389 depth=0.273 normal=0.140
[105 50/398] semantic=0.893 depth=0.485 normal=0.273
[105 75/398] semantic=0.710 depth=0.571 normal=0.178
[105 100/398] semantic=0.674 depth=0.408 normal=0.139
[105 125/398] semantic=1.200 depth=0.313 normal=0.159
[105 150/398] semantic=0.640 depth=0.357 normal=0.155
[105 175/398] semantic=1.046 depth=0.486 normal=0.197
[105 200/398] semantic=0.958 depth=0.294 normal=0.192
[105 225/398] semantic=0.867 depth=0.311 normal=0.193
[105 250/398] semantic=0.568 depth=0.555 normal=0.210
[105 275/398] semantic=0.651 depth=0.473 normal=0.280
[105 300/398] semantic=0.740 depth=0.314 normal=0.173
[105 325/398] semantic=0.843 depth=0.376 normal=0.188
[105 350/398] semantic=1.062 depth=0.406 normal=0.121
[105 375/398] semantic=0.555 depth=0.479 normal=0.149
[105 398/398] semantic=0.985 depth=0.532 normal=0.253
Epoch 105: mIoU=32.737 pix=60.713 abs=0.6203 rel=0.2539 normal_mean=31.785 delta=20.466 wall_h=56.391
[106 1/398] semantic=0.537 depth=0.468 normal=0.208
[106 25/398] semantic=0.518 depth=0.281 normal=0.137
[106 50/398] semantic=1.101 depth=0.758 normal=0.242
[106 75/398] semantic=0.789 depth=0.380 normal=0.173
[106 100/398] semantic=0.928 depth=0.317 normal=0.226
[106 125/398] semantic=0.534 depth=0.458 normal=0.112
[106 150/398] semantic=1.358 depth=0.403 normal=0.220
[106 175/398] semantic=0.646 depth=0.421 normal=0.123
[106 200/398] semantic=0.524 depth=0.581 normal=0.192
[106 225/398] semantic=0.445 depth=0.525 normal=0.160
[106 250/398] semantic=0.452 depth=0.358 normal=0.167
[106 275/398] semantic=1.121 depth=0.493 normal=0.203
[106 300/398] semantic=0.833 depth=0.450 normal=0.141
[106 325/398] semantic=0.752 depth=0.284 normal=0.144
[106 350/398] semantic=0.705 depth=0.563 normal=0.153
[106 375/398] semantic=0.896 depth=0.494 normal=0.183
[106 398/398] semantic=0.456 depth=0.246 normal=0.115
Epoch 106: mIoU=31.372 pix=60.440 abs=0.6289 rel=0.2399 normal_mean=31.883 delta=21.263 wall_h=56.944
[107 1/398] semantic=0.442 depth=0.479 normal=0.152
[107 25/398] semantic=0.741 depth=0.410 normal=0.179
[107 50/398] semantic=0.784 depth=0.405 normal=0.132
[107 75/398] semantic=0.838 depth=0.365 normal=0.140
[107 100/398] semantic=0.637 depth=0.399 normal=0.151
[107 125/398] semantic=0.959 depth=0.474 normal=0.185
[107 150/398] semantic=0.924 depth=0.341 normal=0.209
[107 175/398] semantic=0.954 depth=0.557 normal=0.188
[107 200/398] semantic=0.742 depth=0.276 normal=0.135
[107 225/398] semantic=0.563 depth=0.316 normal=0.216
[107 250/398] semantic=1.034 depth=0.240 normal=0.161
[107 275/398] semantic=0.805 depth=0.325 normal=0.117
[107 300/398] semantic=0.932 depth=0.445 normal=0.145
[107 325/398] semantic=0.402 depth=0.241 normal=0.096
[107 350/398] semantic=0.544 depth=0.423 normal=0.171
[107 375/398] semantic=0.909 depth=0.970 normal=0.201
[107 398/398] semantic=0.587 depth=0.811 normal=0.154
Epoch 107: mIoU=32.368 pix=59.429 abs=0.6442 rel=0.2513 normal_mean=32.344 delta=23.266 wall_h=57.490
[108 1/398] semantic=0.682 depth=0.635 normal=0.150
[108 25/398] semantic=0.828 depth=0.379 normal=0.202
[108 50/398] semantic=0.821 depth=0.275 normal=0.144
[108 75/398] semantic=0.588 depth=0.479 normal=0.172
[108 100/398] semantic=0.904 depth=0.570 normal=0.188
[108 125/398] semantic=0.835 depth=0.666 normal=0.169
[108 150/398] semantic=1.031 depth=0.259 normal=0.161
[108 175/398] semantic=0.756 depth=0.295 normal=0.165
[108 200/398] semantic=1.101 depth=0.365 normal=0.192
[108 225/398] semantic=0.792 depth=0.390 normal=0.178
[108 250/398] semantic=0.850 depth=0.420 normal=0.127
[108 275/398] semantic=0.888 depth=0.372 normal=0.174
[108 300/398] semantic=0.765 depth=0.284 normal=0.147
[108 325/398] semantic=1.137 depth=0.376 normal=0.185
[108 350/398] semantic=0.535 depth=0.416 normal=0.148
[108 375/398] semantic=0.655 depth=0.389 normal=0.181
[108 398/398] semantic=0.558 depth=0.309 normal=0.098
Epoch 108: mIoU=32.143 pix=60.279 abs=0.6074 rel=0.2576 normal_mean=32.364 delta=22.201 wall_h=58.036
[109 1/398] semantic=0.700 depth=0.559 normal=0.216
[109 25/398] semantic=0.572 depth=0.284 normal=0.113
[109 50/398] semantic=0.633 depth=0.298 normal=0.116
[109 75/398] semantic=0.718 depth=0.308 normal=0.135
[109 100/398] semantic=0.594 depth=0.399 normal=0.181
[109 125/398] semantic=1.132 depth=0.311 normal=0.161
[109 150/398] semantic=0.786 depth=0.485 normal=0.162
[109 175/398] semantic=0.758 depth=0.301 normal=0.115
[109 200/398] semantic=1.124 depth=0.606 normal=0.204
[109 225/398] semantic=0.418 depth=0.304 normal=0.117
[109 250/398] semantic=0.852 depth=0.341 normal=0.124
[109 275/398] semantic=0.551 depth=0.321 normal=0.112
[109 300/398] semantic=0.872 depth=0.317 normal=0.166
[109 325/398] semantic=0.651 depth=0.423 normal=0.188
[109 350/398] semantic=0.726 depth=0.320 normal=0.105
[109 375/398] semantic=0.801 depth=0.342 normal=0.137
[109 398/398] semantic=0.393 depth=0.180 normal=0.110
Epoch 109: mIoU=33.354 pix=59.908 abs=0.6098 rel=0.2430 normal_mean=32.460 delta=21.875 wall_h=58.580
[110 1/398] semantic=0.872 depth=0.389 normal=0.130
[110 25/398] semantic=0.790 depth=0.571 normal=0.179
[110 50/398] semantic=0.724 depth=0.306 normal=0.150
[110 75/398] semantic=1.131 depth=0.367 normal=0.193
[110 100/398] semantic=0.647 depth=0.462 normal=0.181
[110 125/398] semantic=0.917 depth=0.532 normal=0.181
[110 150/398] semantic=0.677 depth=0.279 normal=0.145
[110 175/398] semantic=1.065 depth=0.556 normal=0.206
[110 200/398] semantic=0.894 depth=0.301 normal=0.144
[110 225/398] semantic=0.686 depth=0.403 normal=0.124
[110 250/398] semantic=0.437 depth=0.444 normal=0.133
[110 275/398] semantic=0.740 depth=0.404 normal=0.180
[110 300/398] semantic=0.556 depth=0.487 normal=0.188
[110 325/398] semantic=0.858 depth=0.266 normal=0.189
[110 350/398] semantic=0.911 depth=0.281 normal=0.103
[110 375/398] semantic=0.672 depth=0.385 normal=0.169
[110 398/398] semantic=1.257 depth=0.372 normal=0.203
Epoch 110: mIoU=31.510 pix=60.477 abs=0.6644 rel=0.2511 normal_mean=32.077 delta=21.766 wall_h=59.125
[111 1/398] semantic=0.757 depth=0.401 normal=0.171
[111 25/398] semantic=0.730 depth=0.383 normal=0.129
[111 50/398] semantic=0.531 depth=0.235 normal=0.163
[111 75/398] semantic=0.873 depth=0.390 normal=0.159
[111 100/398] semantic=0.608 depth=0.692 normal=0.154
[111 125/398] semantic=0.871 depth=0.444 normal=0.202
[111 150/398] semantic=0.869 depth=0.282 normal=0.220
[111 175/398] semantic=0.721 depth=0.517 normal=0.145
[111 200/398] semantic=0.644 depth=0.527 normal=0.175
[111 225/398] semantic=0.519 depth=0.296 normal=0.148
[111 250/398] semantic=0.461 depth=0.371 normal=0.119
[111 275/398] semantic=0.740 depth=0.316 normal=0.130
[111 300/398] semantic=0.588 depth=0.839 normal=0.206
[111 325/398] semantic=0.976 depth=0.280 normal=0.158
[111 350/398] semantic=0.726 depth=0.469 normal=0.209
[111 375/398] semantic=0.869 depth=0.463 normal=0.155
[111 398/398] semantic=0.471 depth=0.505 normal=0.242
Epoch 111: mIoU=29.491 pix=57.501 abs=0.6540 rel=0.2489 normal_mean=32.277 delta=24.535 wall_h=59.669
[112 1/398] semantic=0.943 depth=0.354 normal=0.156
[112 25/398] semantic=0.620 depth=0.415 normal=0.177
[112 50/398] semantic=0.845 depth=0.494 normal=0.283
[112 75/398] semantic=0.443 depth=0.276 normal=0.130
[112 100/398] semantic=0.564 depth=0.406 normal=0.120
[112 125/398] semantic=0.598 depth=0.463 normal=0.163
[112 150/398] semantic=0.611 depth=0.425 normal=0.162
[112 175/398] semantic=0.656 depth=0.571 normal=0.170
[112 200/398] semantic=0.795 depth=0.574 normal=0.181
[112 225/398] semantic=0.650 depth=0.342 normal=0.147
[112 250/398] semantic=0.938 depth=0.217 normal=0.165
[112 275/398] semantic=0.477 depth=0.335 normal=0.165
[112 300/398] semantic=0.730 depth=0.374 normal=0.175
[112 325/398] semantic=0.630 depth=0.409 normal=0.119
[112 350/398] semantic=0.790 depth=0.283 normal=0.113
[112 375/398] semantic=1.231 depth=0.228 normal=0.134
[112 398/398] semantic=0.457 depth=0.291 normal=0.163
Epoch 112: mIoU=33.222 pix=61.287 abs=0.6223 rel=0.2494 normal_mean=32.220 delta=21.158 wall_h=60.211
[113 1/398] semantic=0.970 depth=0.429 normal=0.214
[113 25/398] semantic=0.915 depth=0.315 normal=0.110
[113 50/398] semantic=1.266 depth=0.482 normal=0.240
[113 75/398] semantic=0.968 depth=0.430 normal=0.148
[113 100/398] semantic=0.972 depth=0.396 normal=0.140
[113 125/398] semantic=0.644 depth=0.356 normal=0.116
[113 150/398] semantic=0.982 depth=0.476 normal=0.197
[113 175/398] semantic=0.693 depth=0.372 normal=0.166
[113 200/398] semantic=0.990 depth=0.297 normal=0.161
[113 225/398] semantic=0.786 depth=0.278 normal=0.189
[113 250/398] semantic=0.504 depth=0.348 normal=0.194
[113 275/398] semantic=1.000 depth=0.878 normal=0.195
[113 300/398] semantic=0.868 depth=0.469 normal=0.253
[113 325/398] semantic=0.533 depth=0.464 normal=0.155
[113 350/398] semantic=0.656 depth=0.648 normal=0.152
[113 375/398] semantic=0.752 depth=0.425 normal=0.235
[113 398/398] semantic=0.636 depth=0.209 normal=0.206
Epoch 113: mIoU=31.009 pix=59.844 abs=0.6678 rel=0.2511 normal_mean=32.210 delta=22.904 wall_h=60.780
[114 1/398] semantic=1.763 depth=0.453 normal=0.218
[114 25/398] semantic=0.981 depth=0.282 normal=0.177
[114 50/398] semantic=1.210 depth=0.358 normal=0.185
[114 75/398] semantic=0.566 depth=0.529 normal=0.094
[114 100/398] semantic=0.847 depth=0.483 normal=0.167
[114 125/398] semantic=0.635 depth=0.313 normal=0.165
[114 150/398] semantic=0.551 depth=0.515 normal=0.209
[114 175/398] semantic=0.896 depth=0.377 normal=0.321
[114 200/398] semantic=1.011 depth=0.348 normal=0.166
[114 225/398] semantic=1.069 depth=0.627 normal=0.235
[114 250/398] semantic=0.541 depth=0.530 normal=0.161
[114 275/398] semantic=0.733 depth=0.426 normal=0.194
[114 300/398] semantic=0.544 depth=0.411 normal=0.131
[114 325/398] semantic=0.723 depth=0.278 normal=0.143
[114 350/398] semantic=0.764 depth=0.496 normal=0.172
[114 375/398] semantic=0.907 depth=0.389 normal=0.208
[114 398/398] semantic=0.410 depth=0.628 normal=0.139
Epoch 114: mIoU=32.149 pix=59.671 abs=0.6686 rel=0.2492 normal_mean=32.371 delta=23.657 wall_h=61.337
[115 1/398] semantic=0.556 depth=0.322 normal=0.169
[115 25/398] semantic=0.624 depth=0.368 normal=0.132
[115 50/398] semantic=0.673 depth=0.376 normal=0.171
[115 75/398] semantic=0.738 depth=0.420 normal=0.128
[115 100/398] semantic=0.872 depth=0.333 normal=0.206
[115 125/398] semantic=0.918 depth=0.558 normal=0.169
[115 150/398] semantic=1.077 depth=0.546 normal=0.208
[115 175/398] semantic=1.189 depth=0.235 normal=0.163
[115 200/398] semantic=0.517 depth=0.342 normal=0.161
[115 225/398] semantic=0.841 depth=0.269 normal=0.169
[115 250/398] semantic=0.968 depth=0.341 normal=0.276
[115 275/398] semantic=0.520 depth=0.355 normal=0.130
[115 300/398] semantic=0.624 depth=0.302 normal=0.125
[115 325/398] semantic=0.660 depth=0.355 normal=0.178
[115 350/398] semantic=0.957 depth=0.318 normal=0.214
[115 375/398] semantic=0.564 depth=0.591 normal=0.152
[115 398/398] semantic=1.220 depth=0.457 normal=0.203
Epoch 115: mIoU=32.225 pix=59.934 abs=0.6148 rel=0.2521 normal_mean=32.610 delta=22.269 wall_h=61.885
[116 1/398] semantic=0.306 depth=0.363 normal=0.127
[116 25/398] semantic=0.924 depth=0.575 normal=0.212
[116 50/398] semantic=0.874 depth=0.427 normal=0.152
[116 75/398] semantic=0.512 depth=0.341 normal=0.106
[116 100/398] semantic=1.989 depth=0.535 normal=0.235
[116 125/398] semantic=0.798 depth=0.766 normal=0.152
[116 150/398] semantic=1.012 depth=0.441 normal=0.190
[116 175/398] semantic=0.769 depth=0.387 normal=0.162
[116 200/398] semantic=0.724 depth=0.601 normal=0.251
[116 225/398] semantic=0.536 depth=0.326 normal=0.156
[116 250/398] semantic=0.647 depth=0.458 normal=0.166
[116 275/398] semantic=0.465 depth=0.389 normal=0.110
[116 300/398] semantic=0.627 depth=0.255 normal=0.139
[116 325/398] semantic=0.685 depth=0.292 normal=0.151
[116 350/398] semantic=0.504 depth=0.304 normal=0.108
[116 375/398] semantic=1.015 depth=0.499 normal=0.134
[116 398/398] semantic=0.566 depth=0.228 normal=0.224
Epoch 116: mIoU=31.660 pix=60.455 abs=0.6288 rel=0.2435 normal_mean=32.354 delta=21.334 wall_h=62.434
[117 1/398] semantic=0.731 depth=0.492 normal=0.203
[117 25/398] semantic=0.348 depth=0.336 normal=0.142
[117 50/398] semantic=0.581 depth=0.341 normal=0.095
[117 75/398] semantic=0.743 depth=0.333 normal=0.195
[117 100/398] semantic=0.662 depth=0.290 normal=0.144
[117 125/398] semantic=1.173 depth=0.663 normal=0.185
[117 150/398] semantic=0.564 depth=0.299 normal=0.154
[117 175/398] semantic=0.992 depth=0.586 normal=0.130
[117 200/398] semantic=0.440 depth=0.271 normal=0.123
[117 225/398] semantic=0.860 depth=0.349 normal=0.160
[117 250/398] semantic=0.707 depth=0.218 normal=0.169
[117 275/398] semantic=0.612 depth=0.299 normal=0.133
[117 300/398] semantic=0.605 depth=0.492 normal=0.201
[117 325/398] semantic=0.978 depth=0.311 normal=0.165
[117 350/398] semantic=0.895 depth=0.382 normal=0.179
[117 375/398] semantic=0.535 depth=0.547 normal=0.140
[117 398/398] semantic=0.471 depth=0.405 normal=0.118
Epoch 117: mIoU=32.742 pix=59.741 abs=0.6501 rel=0.2463 normal_mean=32.873 delta=23.147 wall_h=62.976
[118 1/398] semantic=1.010 depth=0.309 normal=0.203
[118 25/398] semantic=0.761 depth=0.494 normal=0.214
[118 50/398] semantic=0.663 depth=0.348 normal=0.152
[118 75/398] semantic=0.719 depth=0.492 normal=0.186
[118 100/398] semantic=0.319 depth=0.306 normal=0.118
[118 125/398] semantic=0.656 depth=0.421 normal=0.169
[118 150/398] semantic=0.649 depth=0.317 normal=0.123
[118 175/398] semantic=0.682 depth=0.282 normal=0.146
[118 200/398] semantic=0.636 depth=0.245 normal=0.125
[118 225/398] semantic=0.573 depth=0.252 normal=0.176
[118 250/398] semantic=0.679 depth=0.500 normal=0.115
[118 275/398] semantic=0.628 depth=0.309 normal=0.145
[118 300/398] semantic=0.881 depth=0.391 normal=0.164
[118 325/398] semantic=0.743 depth=0.816 normal=0.202
[118 350/398] semantic=0.288 depth=0.362 normal=0.105
[118 375/398] semantic=0.550 depth=0.610 normal=0.198
[118 398/398] semantic=0.961 depth=0.228 normal=0.130
Epoch 118: mIoU=31.125 pix=59.567 abs=0.6170 rel=0.2442 normal_mean=32.070 delta=21.757 wall_h=63.509
[119 1/398] semantic=0.859 depth=0.613 normal=0.208
[119 25/398] semantic=1.051 depth=0.317 normal=0.188
[119 50/398] semantic=0.752 depth=0.423 normal=0.123
[119 75/398] semantic=1.219 depth=0.550 normal=0.277
[119 100/398] semantic=0.519 depth=0.441 normal=0.172
[119 125/398] semantic=1.007 depth=0.236 normal=0.107
[119 150/398] semantic=0.510 depth=0.442 normal=0.118
[119 175/398] semantic=0.925 depth=0.460 normal=0.143
[119 200/398] semantic=0.601 depth=0.301 normal=0.152
[119 225/398] semantic=0.499 depth=0.348 normal=0.169
[119 250/398] semantic=0.401 depth=0.393 normal=0.156
[119 275/398] semantic=1.144 depth=0.421 normal=0.188
[119 300/398] semantic=0.705 depth=0.428 normal=0.184
[119 325/398] semantic=0.851 depth=0.318 normal=0.117
[119 350/398] semantic=0.641 depth=0.290 normal=0.137
[119 375/398] semantic=0.393 depth=0.256 normal=0.153
[119 398/398] semantic=0.908 depth=0.658 normal=0.253
Epoch 119: mIoU=33.735 pix=59.621 abs=0.6176 rel=0.2499 normal_mean=33.077 delta=24.030 wall_h=64.057
[120 1/398] semantic=0.504 depth=0.309 normal=0.154
[120 25/398] semantic=0.619 depth=0.251 normal=0.122
[120 50/398] semantic=0.483 depth=0.407 normal=0.138
[120 75/398] semantic=0.965 depth=0.329 normal=0.172
[120 100/398] semantic=0.468 depth=0.334 normal=0.143
[120 125/398] semantic=0.665 depth=0.398 normal=0.142
[120 150/398] semantic=0.819 depth=0.255 normal=0.133
[120 175/398] semantic=0.376 depth=0.263 normal=0.110
[120 200/398] semantic=1.370 depth=0.350 normal=0.135
[120 225/398] semantic=0.877 depth=0.450 normal=0.161
[120 250/398] semantic=0.759 depth=0.344 normal=0.169
[120 275/398] semantic=0.598 depth=0.431 normal=0.141
[120 300/398] semantic=0.403 depth=0.205 normal=0.134
[120 325/398] semantic=0.744 depth=0.404 normal=0.172
[120 350/398] semantic=0.569 depth=0.253 normal=0.149
[120 375/398] semantic=0.783 depth=0.427 normal=0.171
[120 398/398] semantic=1.140 depth=0.195 normal=0.104
Epoch 120: mIoU=34.148 pix=61.127 abs=0.6098 rel=0.2509 normal_mean=32.154 delta=21.138 wall_h=64.592
[121 1/398] semantic=0.851 depth=0.382 normal=0.199
[121 25/398] semantic=0.455 depth=0.493 normal=0.183
[121 50/398] semantic=0.688 depth=0.490 normal=0.198
[121 75/398] semantic=0.952 depth=0.746 normal=0.233
[121 100/398] semantic=0.746 depth=0.266 normal=0.100
[121 125/398] semantic=0.814 depth=0.259 normal=0.120
[121 150/398] semantic=0.490 depth=0.339 normal=0.241
[121 175/398] semantic=0.677 depth=0.372 normal=0.153
[121 200/398] semantic=0.549 depth=0.341 normal=0.155
[121 225/398] semantic=0.552 depth=0.427 normal=0.201
[121 250/398] semantic=0.685 depth=0.443 normal=0.146
[121 275/398] semantic=0.784 depth=0.452 normal=0.209
[121 300/398] semantic=0.712 depth=0.646 normal=0.176
[121 325/398] semantic=0.536 depth=0.281 normal=0.168
[121 350/398] semantic=0.583 depth=0.430 normal=0.126
[121 375/398] semantic=0.658 depth=0.777 normal=0.246
[121 398/398] semantic=0.453 depth=0.446 normal=0.123
Epoch 121: mIoU=34.174 pix=61.637 abs=0.6748 rel=0.2466 normal_mean=32.292 delta=21.839 wall_h=65.141
[122 1/398] semantic=0.706 depth=0.325 normal=0.177
[122 25/398] semantic=0.678 depth=0.305 normal=0.192
[122 50/398] semantic=0.601 depth=0.291 normal=0.145
[122 75/398] semantic=0.494 depth=0.288 normal=0.103
[122 100/398] semantic=0.469 depth=0.242 normal=0.196
[122 125/398] semantic=1.141 depth=0.428 normal=0.175
[122 150/398] semantic=0.844 depth=0.339 normal=0.205
[122 175/398] semantic=0.640 depth=0.235 normal=0.148
[122 200/398] semantic=0.677 depth=0.336 normal=0.140
[122 225/398] semantic=0.653 depth=0.347 normal=0.104
[122 250/398] semantic=0.969 depth=0.364 normal=0.168
[122 275/398] semantic=1.227 depth=0.327 normal=0.196
[122 300/398] semantic=0.724 depth=0.365 normal=0.248
[122 325/398] semantic=1.316 depth=0.347 normal=0.231
[122 350/398] semantic=0.503 depth=0.338 normal=0.133
[122 375/398] semantic=0.632 depth=0.626 normal=0.156
[122 398/398] semantic=0.475 depth=0.214 normal=0.095
Epoch 122: mIoU=34.823 pix=60.875 abs=0.6298 rel=0.2358 normal_mean=32.795 delta=21.586 wall_h=65.684
[123 1/398] semantic=0.583 depth=0.370 normal=0.180
[123 25/398] semantic=0.811 depth=0.275 normal=0.161
[123 50/398] semantic=0.604 depth=0.448 normal=0.245
[123 75/398] semantic=0.760 depth=0.377 normal=0.214
[123 100/398] semantic=0.459 depth=0.420 normal=0.125
[123 125/398] semantic=1.340 depth=0.564 normal=0.210
[123 150/398] semantic=0.583 depth=0.411 normal=0.206
[123 175/398] semantic=0.486 depth=0.217 normal=0.120
[123 200/398] semantic=0.569 depth=0.449 normal=0.112
[123 225/398] semantic=0.670 depth=0.689 normal=0.158
[123 250/398] semantic=0.818 depth=0.319 normal=0.140
[123 275/398] semantic=0.455 depth=0.510 normal=0.125
[123 300/398] semantic=0.507 depth=0.562 normal=0.237
[123 325/398] semantic=0.520 depth=0.296 normal=0.090
[123 350/398] semantic=0.680 depth=0.318 normal=0.167
[123 375/398] semantic=0.430 depth=0.234 normal=0.141
[123 398/398] semantic=0.234 depth=0.197 normal=0.105
Epoch 123: mIoU=33.318 pix=60.005 abs=0.6349 rel=0.2386 normal_mean=32.027 delta=20.740 wall_h=66.232
[124 1/398] semantic=0.742 depth=0.369 normal=0.141
[124 25/398] semantic=0.789 depth=0.308 normal=0.155
[124 50/398] semantic=0.647 depth=0.653 normal=0.199
[124 75/398] semantic=0.260 depth=0.350 normal=0.124
[124 100/398] semantic=0.488 depth=0.334 normal=0.183
[124 125/398] semantic=1.010 depth=0.400 normal=0.195
[124 150/398] semantic=0.531 depth=0.389 normal=0.147
[124 175/398] semantic=0.606 depth=0.706 normal=0.158
[124 200/398] semantic=0.950 depth=0.708 normal=0.194
[124 225/398] semantic=0.884 depth=0.618 normal=0.136
[124 250/398] semantic=0.959 depth=0.743 normal=0.148
[124 275/398] semantic=0.579 depth=0.337 normal=0.134
[124 300/398] semantic=0.618 depth=0.328 normal=0.126
[124 325/398] semantic=0.634 depth=0.255 normal=0.088
[124 350/398] semantic=0.749 depth=0.488 normal=0.171
[124 375/398] semantic=0.818 depth=0.336 normal=0.161
[124 398/398] semantic=1.296 depth=0.233 normal=0.306
Epoch 124: mIoU=32.683 pix=60.381 abs=0.7003 rel=0.2521 normal_mean=32.388 delta=23.417 wall_h=66.819
[125 1/398] semantic=0.878 depth=0.464 normal=0.161
[125 25/398] semantic=0.547 depth=0.335 normal=0.128
[125 50/398] semantic=0.738 depth=0.470 normal=0.207
[125 75/398] semantic=0.631 depth=0.367 normal=0.111
[125 100/398] semantic=0.957 depth=0.475 normal=0.185
[125 125/398] semantic=0.852 depth=0.259 normal=0.106
[125 150/398] semantic=0.584 depth=0.292 normal=0.133
[125 175/398] semantic=0.905 depth=0.361 normal=0.197
[125 200/398] semantic=0.755 depth=0.686 normal=0.148
[125 225/398] semantic=0.967 depth=0.597 normal=0.237
[125 250/398] semantic=0.498 depth=0.272 normal=0.152
[125 275/398] semantic=0.797 depth=0.355 normal=0.182
[125 300/398] semantic=0.644 depth=0.452 normal=0.144
[125 325/398] semantic=0.692 depth=0.223 normal=0.102
[125 350/398] semantic=0.799 depth=0.302 normal=0.168
[125 375/398] semantic=0.526 depth=0.422 normal=0.155
[125 398/398] semantic=0.845 depth=0.336 normal=0.226
Epoch 125: mIoU=33.142 pix=60.230 abs=0.5943 rel=0.2450 normal_mean=31.669 delta=20.082 wall_h=67.417
[126 1/398] semantic=0.491 depth=0.367 normal=0.133
[126 25/398] semantic=0.917 depth=0.470 normal=0.153
[126 50/398] semantic=0.536 depth=0.428 normal=0.162
[126 75/398] semantic=0.531 depth=0.572 normal=0.131
[126 100/398] semantic=0.748 depth=0.627 normal=0.171
[126 125/398] semantic=0.617 depth=0.367 normal=0.139
[126 150/398] semantic=0.694 depth=0.335 normal=0.122
[126 175/398] semantic=0.541 depth=0.458 normal=0.211
[126 200/398] semantic=0.837 depth=0.297 normal=0.161
[126 225/398] semantic=0.582 depth=0.421 normal=0.171
[126 250/398] semantic=0.712 depth=0.347 normal=0.154
[126 275/398] semantic=0.389 depth=0.416 normal=0.077
[126 300/398] semantic=0.790 depth=0.177 normal=0.171
[126 325/398] semantic=0.615 depth=0.512 normal=0.179
[126 350/398] semantic=0.352 depth=0.287 normal=0.127
[126 375/398] semantic=0.841 depth=0.683 normal=0.172
[126 398/398] semantic=0.649 depth=0.418 normal=0.148
Epoch 126: mIoU=33.636 pix=61.292 abs=0.5767 rel=0.2433 normal_mean=32.536 delta=21.060 wall_h=68.051
[127 1/398] semantic=0.705 depth=0.398 normal=0.148
[127 25/398] semantic=0.574 depth=0.592 normal=0.151
[127 50/398] semantic=1.209 depth=0.523 normal=0.183
[127 75/398] semantic=0.915 depth=0.310 normal=0.185
[127 100/398] semantic=0.311 depth=0.391 normal=0.102
[127 125/398] semantic=0.683 depth=0.431 normal=0.195
[127 150/398] semantic=0.593 depth=0.409 normal=0.128
[127 175/398] semantic=1.194 depth=0.753 normal=0.231
[127 200/398] semantic=0.844 depth=0.214 normal=0.119
[127 225/398] semantic=0.636 depth=0.257 normal=0.198
[127 250/398] semantic=1.513 depth=0.512 normal=0.343
[127 275/398] semantic=0.367 depth=0.283 normal=0.192
[127 300/398] semantic=0.463 depth=0.350 normal=0.162
[127 325/398] semantic=0.255 depth=0.212 normal=0.152
[127 350/398] semantic=0.833 depth=0.424 normal=0.181
[127 375/398] semantic=0.617 depth=0.355 normal=0.236
[127 398/398] semantic=1.273 depth=0.491 normal=0.291
Epoch 127: mIoU=33.640 pix=59.996 abs=0.5821 rel=0.2503 normal_mean=32.609 delta=21.590 wall_h=68.643
[128 1/398] semantic=1.145 depth=0.319 normal=0.149
[128 25/398] semantic=0.510 depth=0.223 normal=0.112
[128 50/398] semantic=0.932 depth=0.313 normal=0.162
[128 75/398] semantic=0.582 depth=0.493 normal=0.145
[128 100/398] semantic=0.368 depth=0.268 normal=0.129
[128 125/398] semantic=0.505 depth=0.484 normal=0.147
[128 150/398] semantic=0.543 depth=0.685 normal=0.161
[128 175/398] semantic=0.511 depth=0.446 normal=0.172
[128 200/398] semantic=0.518 depth=0.348 normal=0.145
[128 225/398] semantic=0.781 depth=0.451 normal=0.110
[128 250/398] semantic=0.959 depth=0.546 normal=0.307
[128 275/398] semantic=0.959 depth=0.214 normal=0.120
[128 300/398] semantic=0.780 depth=0.258 normal=0.166
[128 325/398] semantic=0.520 depth=0.452 normal=0.094
[128 350/398] semantic=0.807 depth=0.473 normal=0.187
[128 375/398] semantic=0.493 depth=0.327 normal=0.142
[128 398/398] semantic=0.774 depth=0.308 normal=0.114
Epoch 128: mIoU=32.924 pix=59.097 abs=0.6167 rel=0.2425 normal_mean=31.878 delta=20.707 wall_h=69.274
[129 1/398] semantic=0.725 depth=0.480 normal=0.156
[129 25/398] semantic=0.414 depth=0.277 normal=0.097
[129 50/398] semantic=0.770 depth=0.279 normal=0.092
[129 75/398] semantic=0.383 depth=0.313 normal=0.120
[129 100/398] semantic=0.589 depth=0.281 normal=0.093
[129 125/398] semantic=0.528 depth=0.234 normal=0.125
[129 150/398] semantic=0.830 depth=0.376 normal=0.197
[129 175/398] semantic=0.762 depth=0.266 normal=0.129
[129 200/398] semantic=0.815 depth=0.437 normal=0.121
[129 225/398] semantic=0.849 depth=0.312 normal=0.144
[129 250/398] semantic=0.802 depth=0.481 normal=0.159
[129 275/398] semantic=0.771 depth=0.246 normal=0.132
[129 300/398] semantic=0.528 depth=0.562 normal=0.186
[129 325/398] semantic=0.568 depth=0.484 normal=0.203
[129 350/398] semantic=0.737 depth=0.456 normal=0.263
[129 375/398] semantic=0.939 depth=0.389 normal=0.144
[129 398/398] semantic=0.514 depth=0.226 normal=0.121
Epoch 129: mIoU=29.757 pix=59.052 abs=0.6479 rel=0.2395 normal_mean=32.690 delta=25.197 wall_h=70.045
[130 1/398] semantic=1.443 depth=0.334 normal=0.142
[130 25/398] semantic=0.733 depth=0.382 normal=0.132
[130 50/398] semantic=0.576 depth=0.324 normal=0.149
[130 75/398] semantic=0.435 depth=0.330 normal=0.105
[130 100/398] semantic=1.065 depth=0.266 normal=0.174
[130 125/398] semantic=0.819 depth=0.440 normal=0.195
[130 150/398] semantic=0.308 depth=0.849 normal=0.128
[130 175/398] semantic=0.539 depth=0.215 normal=0.126
[130 200/398] semantic=0.631 depth=0.429 normal=0.142
[130 225/398] semantic=0.416 depth=0.718 normal=0.156
[130 250/398] semantic=0.660 depth=0.589 normal=0.198
[130 275/398] semantic=0.859 depth=0.340 normal=0.154
[130 300/398] semantic=0.693 depth=0.537 normal=0.187
[130 325/398] semantic=0.507 depth=0.254 normal=0.097
[130 350/398] semantic=0.913 depth=0.414 normal=0.202
[130 375/398] semantic=0.630 depth=0.312 normal=0.141
[130 398/398] semantic=0.484 depth=0.340 normal=0.108
Epoch 130: mIoU=32.496 pix=60.109 abs=0.6000 rel=0.2545 normal_mean=32.657 delta=22.283 wall_h=70.816
[131 1/398] semantic=0.710 depth=0.544 normal=0.118
[131 25/398] semantic=0.579 depth=0.222 normal=0.133
[131 50/398] semantic=0.486 depth=0.416 normal=0.161
[131 75/398] semantic=0.424 depth=0.418 normal=0.198
[131 100/398] semantic=0.707 depth=0.579 normal=0.149
[131 125/398] semantic=0.621 depth=0.485 normal=0.143
[131 150/398] semantic=0.842 depth=0.462 normal=0.178
[131 175/398] semantic=0.316 depth=0.312 normal=0.117
[131 200/398] semantic=0.697 depth=0.475 normal=0.180
[131 225/398] semantic=0.516 depth=0.422 normal=0.142
[131 250/398] semantic=0.916 depth=0.600 normal=0.174
[131 275/398] semantic=0.248 depth=0.342 normal=0.098
[131 300/398] semantic=0.526 depth=0.365 normal=0.109
[131 325/398] semantic=0.861 depth=0.457 normal=0.112
[131 350/398] semantic=0.587 depth=0.274 normal=0.152
[131 375/398] semantic=0.781 depth=0.607 normal=0.179
[131 398/398] semantic=1.821 depth=0.310 normal=0.136
Epoch 131: mIoU=31.498 pix=59.641 abs=0.6314 rel=0.2475 normal_mean=31.906 delta=21.061 wall_h=71.583
[132 1/398] semantic=0.602 depth=0.358 normal=0.222
[132 25/398] semantic=0.826 depth=0.209 normal=0.162
[132 50/398] semantic=0.364 depth=0.386 normal=0.155
[132 75/398] semantic=0.488 depth=0.469 normal=0.137
[132 100/398] semantic=1.493 depth=0.551 normal=0.253
[132 125/398] semantic=0.819 depth=0.438 normal=0.142
[132 150/398] semantic=0.762 depth=0.230 normal=0.142
[132 175/398] semantic=0.426 depth=0.258 normal=0.152
[132 200/398] semantic=0.823 depth=0.319 normal=0.144
[132 225/398] semantic=0.511 depth=0.369 normal=0.138
[132 250/398] semantic=0.685 depth=0.302 normal=0.169
[132 275/398] semantic=0.547 depth=0.452 normal=0.159
[132 300/398] semantic=0.427 depth=0.307 normal=0.117
[132 325/398] semantic=0.478 depth=0.282 normal=0.144
[132 350/398] semantic=0.555 depth=0.190 normal=0.099
[132 375/398] semantic=0.449 depth=0.364 normal=0.267
[132 398/398] semantic=0.935 depth=0.341 normal=0.118
Epoch 132: mIoU=33.537 pix=60.948 abs=0.6012 rel=0.2689 normal_mean=32.367 delta=22.359 wall_h=72.354
[133 1/398] semantic=1.125 depth=0.471 normal=0.189
[133 25/398] semantic=0.633 depth=0.394 normal=0.117
[133 50/398] semantic=0.741 depth=0.254 normal=0.129
[133 75/398] semantic=0.518 depth=0.254 normal=0.119
[133 100/398] semantic=0.564 depth=0.399 normal=0.134
[133 125/398] semantic=0.596 depth=0.427 normal=0.187
[133 150/398] semantic=0.337 depth=0.280 normal=0.105
[133 175/398] semantic=0.458 depth=0.272 normal=0.092
[133 200/398] semantic=0.380 depth=0.242 normal=0.194
[133 225/398] semantic=0.603 depth=0.431 normal=0.141
[133 250/398] semantic=1.140 depth=0.434 normal=0.209
[133 275/398] semantic=0.513 depth=0.351 normal=0.129
[133 300/398] semantic=0.262 depth=0.260 normal=0.140
[133 325/398] semantic=0.385 depth=0.285 normal=0.087
[133 350/398] semantic=0.465 depth=0.259 normal=0.110
[133 375/398] semantic=0.522 depth=0.357 normal=0.113
[133 398/398] semantic=0.555 depth=0.382 normal=0.131
Epoch 133: mIoU=34.052 pix=60.850 abs=0.5926 rel=0.2354 normal_mean=32.607 delta=20.547 wall_h=73.125
[134 1/398] semantic=0.756 depth=0.325 normal=0.218
[134 25/398] semantic=0.504 depth=0.380 normal=0.134
[134 50/398] semantic=0.754 depth=0.279 normal=0.151
[134 75/398] semantic=1.374 depth=0.658 normal=0.188
[134 100/398] semantic=0.488 depth=0.739 normal=0.218
[134 125/398] semantic=0.509 depth=0.342 normal=0.131
[134 150/398] semantic=0.388 depth=0.360 normal=0.130
[134 175/398] semantic=0.826 depth=0.341 normal=0.212
[134 200/398] semantic=0.576 depth=0.215 normal=0.107
[134 225/398] semantic=0.852 depth=0.444 normal=0.138
[134 250/398] semantic=0.417 depth=0.235 normal=0.158
[134 275/398] semantic=1.125 depth=0.373 normal=0.177
[134 300/398] semantic=0.740 depth=0.182 normal=0.195
[134 325/398] semantic=0.663 depth=0.489 normal=0.136
[134 350/398] semantic=0.251 depth=0.179 normal=0.119
[134 375/398] semantic=0.624 depth=0.309 normal=0.093
[134 398/398] semantic=0.626 depth=0.660 normal=0.196
Epoch 134: mIoU=34.120 pix=60.883 abs=0.5946 rel=0.2480 normal_mean=31.220 delta=18.201 wall_h=73.902
[135 1/398] semantic=0.928 depth=0.381 normal=0.236
[135 25/398] semantic=0.727 depth=0.277 normal=0.159
[135 50/398] semantic=0.660 depth=0.392 normal=0.126
[135 75/398] semantic=0.811 depth=0.461 normal=0.152
[135 100/398] semantic=0.374 depth=0.413 normal=0.110
[135 125/398] semantic=0.556 depth=0.325 normal=0.091
[135 150/398] semantic=0.399 depth=0.308 normal=0.120
[135 175/398] semantic=0.957 depth=0.470 normal=0.169
[135 200/398] semantic=0.503 depth=0.793 normal=0.156
[135 225/398] semantic=0.388 depth=0.296 normal=0.089
[135 250/398] semantic=0.809 depth=0.366 normal=0.232
[135 275/398] semantic=0.662 depth=0.528 normal=0.181
[135 300/398] semantic=0.559 depth=0.350 normal=0.177
[135 325/398] semantic=0.456 depth=0.475 normal=0.166
[135 350/398] semantic=0.381 depth=0.331 normal=0.132
[135 375/398] semantic=0.442 depth=0.304 normal=0.113
[135 398/398] semantic=0.431 depth=0.287 normal=0.095
Epoch 135: mIoU=31.885 pix=59.964 abs=0.6009 rel=0.2312 normal_mean=32.929 delta=22.567 wall_h=74.696
[136 1/398] semantic=0.533 depth=0.333 normal=0.133
[136 25/398] semantic=0.655 depth=0.422 normal=0.133
[136 50/398] semantic=0.620 depth=0.411 normal=0.159
[136 75/398] semantic=0.444 depth=0.198 normal=0.108
[136 100/398] semantic=0.974 depth=0.254 normal=0.157
[136 125/398] semantic=1.167 depth=0.322 normal=0.160
[136 150/398] semantic=0.613 depth=0.244 normal=0.138
[136 175/398] semantic=0.384 depth=0.204 normal=0.169
[136 200/398] semantic=1.150 depth=0.221 normal=0.133
[136 225/398] semantic=0.358 depth=0.257 normal=0.120
[136 250/398] semantic=0.865 depth=0.761 normal=0.323
[136 275/398] semantic=0.658 depth=0.339 normal=0.148
[136 300/398] semantic=0.262 depth=0.234 normal=0.091
[136 325/398] semantic=0.718 depth=0.432 normal=0.120
[136 350/398] semantic=2.202 depth=0.480 normal=0.230
[136 375/398] semantic=0.434 depth=0.405 normal=0.113
[136 398/398] semantic=0.967 depth=1.019 normal=0.223
Epoch 136: mIoU=34.979 pix=61.451 abs=0.6850 rel=0.2485 normal_mean=32.505 delta=23.045 wall_h=75.447
[137 1/398] semantic=0.569 depth=0.241 normal=0.135
[137 25/398] semantic=0.410 depth=0.262 normal=0.162
[137 50/398] semantic=0.823 depth=0.385 normal=0.188
[137 75/398] semantic=0.474 depth=0.342 normal=0.134
[137 100/398] semantic=0.443 depth=0.367 normal=0.166
[137 125/398] semantic=1.398 depth=0.291 normal=0.191
[137 150/398] semantic=0.532 depth=0.346 normal=0.137
[137 175/398] semantic=0.445 depth=0.377 normal=0.149
[137 200/398] semantic=0.617 depth=0.476 normal=0.164
[137 225/398] semantic=0.902 depth=0.224 normal=0.163
[137 250/398] semantic=0.622 depth=0.365 normal=0.193
[137 275/398] semantic=0.622 depth=0.375 normal=0.145
[137 300/398] semantic=0.504 depth=0.266 normal=0.171
[137 325/398] semantic=0.701 depth=0.262 normal=0.137
[137 350/398] semantic=0.366 depth=0.436 normal=0.230
[137 375/398] semantic=0.503 depth=0.347 normal=0.214
[137 398/398] semantic=0.387 depth=0.268 normal=0.097
Epoch 137: mIoU=33.192 pix=60.986 abs=0.6077 rel=0.2397 normal_mean=32.189 delta=20.462 wall_h=76.022
[138 1/398] semantic=0.940 depth=0.260 normal=0.148
[138 25/398] semantic=1.211 depth=0.388 normal=0.115
[138 50/398] semantic=0.459 depth=0.458 normal=0.158
[138 75/398] semantic=0.569 depth=0.374 normal=0.180
[138 100/398] semantic=0.595 depth=0.487 normal=0.133
[138 125/398] semantic=0.471 depth=0.267 normal=0.133
[138 150/398] semantic=0.561 depth=0.599 normal=0.122
[138 175/398] semantic=0.412 depth=0.266 normal=0.105
[138 200/398] semantic=0.499 depth=0.273 normal=0.114
[138 225/398] semantic=0.470 depth=0.481 normal=0.155
[138 250/398] semantic=0.405 depth=0.233 normal=0.096
[138 275/398] semantic=0.774 depth=0.381 normal=0.125
[138 300/398] semantic=0.479 depth=0.395 normal=0.245
[138 325/398] semantic=0.393 depth=0.219 normal=0.086
[138 350/398] semantic=0.459 depth=0.568 normal=0.139
[138 375/398] semantic=0.660 depth=0.437 normal=0.180
[138 398/398] semantic=0.358 depth=0.415 normal=0.142
Epoch 138: mIoU=31.418 pix=59.685 abs=0.6276 rel=0.2378 normal_mean=32.955 delta=23.610 wall_h=76.575
[139 1/398] semantic=0.904 depth=0.235 normal=0.169
[139 25/398] semantic=0.442 depth=0.317 normal=0.117
[139 50/398] semantic=0.604 depth=0.302 normal=0.187
[139 75/398] semantic=0.535 depth=0.563 normal=0.174
[139 100/398] semantic=0.472 depth=0.377 normal=0.103
[139 125/398] semantic=0.546 depth=0.429 normal=0.165
[139 150/398] semantic=0.632 depth=0.394 normal=0.146
[139 175/398] semantic=0.854 depth=0.360 normal=0.196
[139 200/398] semantic=0.500 depth=0.283 normal=0.130
[139 225/398] semantic=0.645 depth=0.222 normal=0.131
[139 250/398] semantic=0.375 depth=0.293 normal=0.094
[139 275/398] semantic=0.374 depth=0.392 normal=0.129
[139 300/398] semantic=0.619 depth=0.430 normal=0.187
[139 325/398] semantic=0.322 depth=0.330 normal=0.134
[139 350/398] semantic=0.582 depth=0.394 normal=0.117
[139 375/398] semantic=0.789 depth=0.293 normal=0.139
[139 398/398] semantic=0.501 depth=0.381 normal=0.135
Epoch 139: mIoU=34.246 pix=60.920 abs=0.6086 rel=0.2357 normal_mean=32.975 delta=22.375 wall_h=77.126
[140 1/398] semantic=0.517 depth=0.240 normal=0.105
[140 25/398] semantic=0.465 depth=0.362 normal=0.106
[140 50/398] semantic=0.462 depth=0.251 normal=0.159
[140 75/398] semantic=0.335 depth=0.261 normal=0.110
[140 100/398] semantic=0.570 depth=0.256 normal=0.146
[140 125/398] semantic=0.410 depth=0.397 normal=0.140
[140 150/398] semantic=0.323 depth=0.399 normal=0.268
[140 175/398] semantic=0.697 depth=0.365 normal=0.138
[140 200/398] semantic=0.833 depth=0.397 normal=0.217
[140 225/398] semantic=0.562 depth=0.352 normal=0.153
[140 250/398] semantic=0.444 depth=0.403 normal=0.207
[140 275/398] semantic=0.263 depth=0.236 normal=0.146
[140 300/398] semantic=0.797 depth=0.250 normal=0.164
[140 325/398] semantic=0.543 depth=0.289 normal=0.202
[140 350/398] semantic=0.836 depth=0.529 normal=0.171
[140 375/398] semantic=1.336 depth=0.314 normal=0.151
[140 398/398] semantic=1.330 depth=0.197 normal=0.215
Epoch 140: mIoU=35.282 pix=61.001 abs=0.6295 rel=0.2468 normal_mean=31.563 delta=19.320 wall_h=77.678
[141 1/398] semantic=0.559 depth=0.291 normal=0.122
[141 25/398] semantic=0.776 depth=0.239 normal=0.148
[141 50/398] semantic=0.452 depth=0.234 normal=0.108
[141 75/398] semantic=0.405 depth=0.422 normal=0.159
[141 100/398] semantic=0.987 depth=0.571 normal=0.257
[141 125/398] semantic=0.511 depth=0.544 normal=0.145
[141 150/398] semantic=0.308 depth=0.336 normal=0.101
[141 175/398] semantic=0.876 depth=0.296 normal=0.165
[141 200/398] semantic=0.410 depth=0.327 normal=0.114
[141 225/398] semantic=0.522 depth=0.380 normal=0.118
[141 250/398] semantic=0.661 depth=0.421 normal=0.160
[141 275/398] semantic=0.867 depth=0.548 normal=0.196
[141 300/398] semantic=0.661 depth=0.552 normal=0.166
[141 325/398] semantic=0.534 depth=0.377 normal=0.148
[141 350/398] semantic=0.952 depth=0.512 normal=0.201
[141 375/398] semantic=0.373 depth=0.334 normal=0.116
[141 398/398] semantic=0.723 depth=0.242 normal=0.181
Epoch 141: mIoU=33.988 pix=60.992 abs=0.6242 rel=0.2453 normal_mean=32.923 delta=22.850 wall_h=78.220
[142 1/398] semantic=0.356 depth=0.305 normal=0.111
[142 25/398] semantic=0.961 depth=0.323 normal=0.266
[142 50/398] semantic=0.319 depth=0.361 normal=0.121
[142 75/398] semantic=0.681 depth=0.264 normal=0.140
[142 100/398] semantic=0.583 depth=0.510 normal=0.149
[142 125/398] semantic=0.733 depth=0.697 normal=0.218
[142 150/398] semantic=0.500 depth=0.443 normal=0.205
[142 175/398] semantic=1.162 depth=0.374 normal=0.176
[142 200/398] semantic=1.035 depth=0.289 normal=0.204
[142 225/398] semantic=0.562 depth=0.474 normal=0.140
[142 250/398] semantic=0.505 depth=0.401 normal=0.115
[142 275/398] semantic=0.638 depth=0.359 normal=0.220
[142 300/398] semantic=0.703 depth=0.447 normal=0.197
[142 325/398] semantic=0.531 depth=0.237 normal=0.158
[142 350/398] semantic=0.659 depth=0.443 normal=0.150
[142 375/398] semantic=0.415 depth=0.344 normal=0.137
[142 398/398] semantic=0.376 depth=0.227 normal=0.203
Epoch 142: mIoU=32.530 pix=60.563 abs=0.5975 rel=0.2385 normal_mean=32.152 delta=20.706 wall_h=78.766
[143 1/398] semantic=0.555 depth=0.535 normal=0.148
[143 25/398] semantic=0.921 depth=0.684 normal=0.244
[143 50/398] semantic=0.328 depth=0.273 normal=0.079
[143 75/398] semantic=0.330 depth=0.274 normal=0.085
[143 100/398] semantic=0.406 depth=0.313 normal=0.117
[143 125/398] semantic=0.696 depth=0.308 normal=0.195
[143 150/398] semantic=0.469 depth=0.308 normal=0.139
[143 175/398] semantic=0.637 depth=0.490 normal=0.306
[143 200/398] semantic=0.383 depth=0.249 normal=0.102
[143 225/398] semantic=0.573 depth=0.660 normal=0.130
[143 250/398] semantic=0.412 depth=0.397 normal=0.155
[143 275/398] semantic=0.828 depth=0.306 normal=0.151
[143 300/398] semantic=0.407 depth=0.203 normal=0.119
[143 325/398] semantic=0.859 depth=0.390 normal=0.193
[143 350/398] semantic=0.329 depth=0.404 normal=0.134
[143 375/398] semantic=0.952 depth=0.643 normal=0.283
[143 398/398] semantic=0.442 depth=0.166 normal=0.104
Epoch 143: mIoU=34.650 pix=61.391 abs=0.6071 rel=0.2465 normal_mean=32.148 delta=20.335 wall_h=79.428
[144 1/398] semantic=0.550 depth=0.349 normal=0.201
[144 25/398] semantic=0.547 depth=0.279 normal=0.206
[144 50/398] semantic=0.553 depth=0.303 normal=0.202
[144 75/398] semantic=0.486 depth=0.267 normal=0.100
[144 100/398] semantic=0.510 depth=0.435 normal=0.126
[144 125/398] semantic=0.770 depth=0.467 normal=0.149
[144 150/398] semantic=0.462 depth=0.346 normal=0.167
[144 175/398] semantic=0.345 depth=0.436 normal=0.121
[144 200/398] semantic=0.360 depth=0.309 normal=0.131
[144 225/398] semantic=0.329 depth=0.239 normal=0.110
[144 250/398] semantic=0.614 depth=0.565 normal=0.108
[144 275/398] semantic=0.254 depth=0.271 normal=0.118
[144 300/398] semantic=0.618 depth=0.524 normal=0.235
[144 325/398] semantic=0.407 depth=0.532 normal=0.112
[144 350/398] semantic=0.804 depth=0.363 normal=0.182
[144 375/398] semantic=0.586 depth=0.527 normal=0.177
[144 398/398] semantic=0.381 depth=0.414 normal=0.126
Epoch 144: mIoU=34.326 pix=61.118 abs=0.6010 rel=0.2377 normal_mean=32.387 delta=21.032 wall_h=80.092
[145 1/398] semantic=0.907 depth=0.386 normal=0.179
[145 25/398] semantic=0.375 depth=0.480 normal=0.203
[145 50/398] semantic=0.539 depth=0.183 normal=0.162
[145 75/398] semantic=1.229 depth=0.329 normal=0.135
[145 100/398] semantic=0.590 depth=0.309 normal=0.173
[145 125/398] semantic=0.854 depth=0.648 normal=0.125
[145 150/398] semantic=0.750 depth=0.412 normal=0.173
[145 175/398] semantic=0.407 depth=0.316 normal=0.193
[145 200/398] semantic=0.749 depth=0.366 normal=0.148
[145 225/398] semantic=0.684 depth=0.418 normal=0.180
[145 250/398] semantic=0.979 depth=0.294 normal=0.143
[145 275/398] semantic=0.212 depth=0.207 normal=0.094
[145 300/398] semantic=0.312 depth=0.451 normal=0.147
[145 325/398] semantic=0.481 depth=0.358 normal=0.185
[145 350/398] semantic=0.807 depth=0.299 normal=0.171
[145 375/398] semantic=0.816 depth=0.379 normal=0.177
[145 398/398] semantic=0.402 depth=0.266 normal=0.104
Epoch 145: mIoU=34.024 pix=59.774 abs=0.5660 rel=0.2335 normal_mean=32.072 delta=19.628 wall_h=80.633
[146 1/398] semantic=0.426 depth=0.363 normal=0.112
[146 25/398] semantic=0.445 depth=0.378 normal=0.154
[146 50/398] semantic=0.441 depth=0.438 normal=0.146
[146 75/398] semantic=0.826 depth=0.348 normal=0.134
[146 100/398] semantic=0.565 depth=0.295 normal=0.146
[146 125/398] semantic=0.284 depth=0.384 normal=0.100
[146 150/398] semantic=0.288 depth=0.348 normal=0.134
[146 175/398] semantic=0.508 depth=0.198 normal=0.118
[146 200/398] semantic=0.456 depth=0.467 normal=0.164
[146 225/398] semantic=0.873 depth=0.493 normal=0.213
[146 250/398] semantic=0.719 depth=0.388 normal=0.160
[146 275/398] semantic=0.378 depth=0.293 normal=0.114
[146 300/398] semantic=0.855 depth=0.225 normal=0.245
[146 325/398] semantic=0.667 depth=0.285 normal=0.136
[146 350/398] semantic=0.794 depth=0.291 normal=0.154
[146 375/398] semantic=0.559 depth=0.330 normal=0.172
[146 398/398] semantic=0.688 depth=0.363 normal=0.150
Epoch 146: mIoU=34.806 pix=60.941 abs=0.5769 rel=0.2325 normal_mean=32.638 delta=21.250 wall_h=81.171
[147 1/398] semantic=0.566 depth=0.542 normal=0.133
[147 25/398] semantic=0.538 depth=0.649 normal=0.181
[147 50/398] semantic=0.446 depth=0.377 normal=0.180
[147 75/398] semantic=0.344 depth=0.326 normal=0.162
[147 100/398] semantic=0.636 depth=0.322 normal=0.121
[147 125/398] semantic=0.395 depth=0.239 normal=0.123
[147 150/398] semantic=0.671 depth=0.345 normal=0.185
[147 175/398] semantic=0.475 depth=0.328 normal=0.140
[147 200/398] semantic=0.356 depth=0.361 normal=0.144
[147 225/398] semantic=0.603 depth=0.596 normal=0.188
[147 250/398] semantic=0.706 depth=0.361 normal=0.188
[147 275/398] semantic=0.599 depth=0.362 normal=0.127
[147 300/398] semantic=0.837 depth=0.438 normal=0.122
[147 325/398] semantic=0.472 depth=0.729 normal=0.217
[147 350/398] semantic=0.566 depth=0.412 normal=0.154
[147 375/398] semantic=0.497 depth=0.346 normal=0.189
[147 398/398] semantic=0.445 depth=0.286 normal=0.252
Epoch 147: mIoU=32.505 pix=60.124 abs=0.6458 rel=0.2445 normal_mean=31.899 delta=21.253 wall_h=81.711
[148 1/398] semantic=0.667 depth=0.322 normal=0.133
[148 25/398] semantic=0.264 depth=0.280 normal=0.112
[148 50/398] semantic=0.523 depth=0.315 normal=0.126
[148 75/398] semantic=0.591 depth=0.378 normal=0.101
[148 100/398] semantic=1.035 depth=0.473 normal=0.150
[148 125/398] semantic=0.371 depth=0.249 normal=0.102
[148 150/398] semantic=0.504 depth=0.294 normal=0.167
[148 175/398] semantic=0.304 depth=0.426 normal=0.168
[148 200/398] semantic=0.393 depth=0.358 normal=0.167
[148 225/398] semantic=0.443 depth=0.415 normal=0.122
[148 250/398] semantic=0.744 depth=0.625 normal=0.172
[148 275/398] semantic=0.593 depth=0.355 normal=0.199
[148 300/398] semantic=0.504 depth=0.305 normal=0.205
[148 325/398] semantic=0.658 depth=0.432 normal=0.193
[148 350/398] semantic=0.763 depth=0.369 normal=0.099
[148 375/398] semantic=0.669 depth=0.317 normal=0.180
[148 398/398] semantic=0.564 depth=0.260 normal=0.174
Epoch 148: mIoU=33.179 pix=59.719 abs=0.6509 rel=0.2451 normal_mean=32.810 delta=24.258 wall_h=82.261
[149 1/398] semantic=0.459 depth=0.522 normal=0.150
[149 25/398] semantic=0.467 depth=0.264 normal=0.178
[149 50/398] semantic=0.987 depth=0.361 normal=0.186
[149 75/398] semantic=0.795 depth=0.294 normal=0.183
[149 100/398] semantic=0.578 depth=0.339 normal=0.116
[149 125/398] semantic=0.542 depth=0.385 normal=0.147
[149 150/398] semantic=0.481 depth=0.274 normal=0.140
[149 175/398] semantic=1.121 depth=0.299 normal=0.215
[149 200/398] semantic=0.486 depth=0.333 normal=0.199
[149 225/398] semantic=0.319 depth=0.230 normal=0.118
[149 250/398] semantic=0.463 depth=0.475 normal=0.156
[149 275/398] semantic=0.351 depth=0.379 normal=0.173
[149 300/398] semantic=0.310 depth=0.226 normal=0.107
[149 325/398] semantic=0.490 depth=0.413 normal=0.109
[149 350/398] semantic=1.105 depth=0.513 normal=0.319
[149 375/398] semantic=0.458 depth=0.349 normal=0.123
[149 398/398] semantic=0.369 depth=0.222 normal=0.145
Epoch 149: mIoU=34.186 pix=60.885 abs=0.6202 rel=0.2366 normal_mean=32.083 delta=19.775 wall_h=82.816
[150 1/398] semantic=0.717 depth=0.367 normal=0.175
[150 25/398] semantic=0.393 depth=0.541 normal=0.138
[150 50/398] semantic=0.677 depth=0.517 normal=0.186
[150 75/398] semantic=0.571 depth=0.269 normal=0.116
[150 100/398] semantic=0.773 depth=0.404 normal=0.132
[150 125/398] semantic=1.351 depth=0.248 normal=0.212
[150 150/398] semantic=0.607 depth=0.441 normal=0.121
[150 175/398] semantic=1.035 depth=0.366 normal=0.191
[150 200/398] semantic=0.577 depth=0.294 normal=0.180
[150 225/398] semantic=0.464 depth=0.319 normal=0.171
[150 250/398] semantic=0.515 depth=0.225 normal=0.148
[150 275/398] semantic=0.526 depth=0.469 normal=0.265
[150 300/398] semantic=0.534 depth=0.332 normal=0.160
[150 325/398] semantic=0.416 depth=0.394 normal=0.115
[150 350/398] semantic=0.288 depth=0.228 normal=0.104
[150 375/398] semantic=0.473 depth=0.427 normal=0.148
[150 398/398] semantic=1.003 depth=0.222 normal=0.162
Epoch 150: mIoU=33.971 pix=61.370 abs=0.6138 rel=0.2386 normal_mean=32.759 delta=22.359 wall_h=83.375
[151 1/398] semantic=0.521 depth=0.299 normal=0.207
[151 25/398] semantic=0.320 depth=0.236 normal=0.118
[151 50/398] semantic=0.467 depth=0.237 normal=0.162
[151 75/398] semantic=0.449 depth=0.235 normal=0.124
[151 100/398] semantic=0.612 depth=0.291 normal=0.179
[151 125/398] semantic=0.549 depth=0.324 normal=0.131
[151 150/398] semantic=0.351 depth=0.263 normal=0.108
[151 175/398] semantic=0.429 depth=0.280 normal=0.110
[151 200/398] semantic=0.473 depth=0.298 normal=0.144
[151 225/398] semantic=0.507 depth=0.508 normal=0.155
[151 250/398] semantic=0.356 depth=0.277 normal=0.127
[151 275/398] semantic=0.600 depth=0.409 normal=0.199
[151 300/398] semantic=0.778 depth=0.293 normal=0.139
[151 325/398] semantic=0.467 depth=0.310 normal=0.173
[151 350/398] semantic=0.631 depth=0.468 normal=0.162
[151 375/398] semantic=0.820 depth=0.321 normal=0.186
[151 398/398] semantic=0.414 depth=0.644 normal=0.146
Epoch 151: mIoU=34.673 pix=61.429 abs=0.6358 rel=0.2439 normal_mean=32.727 delta=21.923 wall_h=83.924
[152 1/398] semantic=0.237 depth=0.271 normal=0.094
[152 25/398] semantic=0.757 depth=0.349 normal=0.142
[152 50/398] semantic=0.411 depth=0.514 normal=0.108
[152 75/398] semantic=0.260 depth=0.334 normal=0.119
[152 100/398] semantic=0.261 depth=0.234 normal=0.087
[152 125/398] semantic=0.437 depth=0.248 normal=0.155
[152 150/398] semantic=0.717 depth=0.267 normal=0.141
[152 175/398] semantic=0.325 depth=0.439 normal=0.135
[152 200/398] semantic=0.489 depth=0.268 normal=0.141
[152 225/398] semantic=0.896 depth=0.264 normal=0.190
[152 250/398] semantic=0.329 depth=0.391 normal=0.163
[152 275/398] semantic=0.478 depth=0.369 normal=0.127
[152 300/398] semantic=0.489 depth=0.307 normal=0.152
[152 325/398] semantic=0.747 depth=0.186 normal=0.182
[152 350/398] semantic=0.573 depth=0.361 normal=0.175
[152 375/398] semantic=0.319 depth=0.362 normal=0.113
[152 398/398] semantic=1.130 depth=0.327 normal=0.150
Epoch 152: mIoU=34.365 pix=61.558 abs=0.6068 rel=0.2476 normal_mean=32.225 delta=21.025 wall_h=84.493
[153 1/398] semantic=0.420 depth=0.361 normal=0.103
[153 25/398] semantic=0.851 depth=0.333 normal=0.182
[153 50/398] semantic=0.613 depth=0.275 normal=0.142
[153 75/398] semantic=0.782 depth=0.352 normal=0.147
[153 100/398] semantic=0.498 depth=0.296 normal=0.161
[153 125/398] semantic=0.747 depth=0.631 normal=0.148
[153 150/398] semantic=0.919 depth=0.295 normal=0.159
[153 175/398] semantic=0.586 depth=0.231 normal=0.135
[153 200/398] semantic=0.888 depth=0.428 normal=0.168
[153 225/398] semantic=0.314 depth=0.290 normal=0.073
[153 250/398] semantic=0.365 depth=0.534 normal=0.144
[153 275/398] semantic=0.953 depth=0.385 normal=0.136
[153 300/398] semantic=0.449 depth=0.393 normal=0.165
[153 325/398] semantic=0.358 depth=0.282 normal=0.114
[153 350/398] semantic=0.814 depth=0.232 normal=0.161
[153 375/398] semantic=0.411 depth=0.525 normal=0.186
[153 398/398] semantic=0.508 depth=0.263 normal=0.102
Epoch 153: mIoU=35.645 pix=62.488 abs=0.5984 rel=0.2425 normal_mean=32.143 delta=18.946 wall_h=85.089
[154 1/398] semantic=0.595 depth=0.289 normal=0.116
[154 25/398] semantic=0.597 depth=0.465 normal=0.154
[154 50/398] semantic=0.318 depth=0.236 normal=0.095
[154 75/398] semantic=0.840 depth=0.393 normal=0.176
[154 100/398] semantic=0.427 depth=0.353 normal=0.205
[154 125/398] semantic=0.674 depth=0.386 normal=0.115
[154 150/398] semantic=0.525 depth=0.354 normal=0.133
[154 175/398] semantic=0.525 depth=0.308 normal=0.161
[154 200/398] semantic=0.683 depth=0.339 normal=0.128
[154 225/398] semantic=0.657 depth=0.390 normal=0.185
[154 250/398] semantic=0.645 depth=0.432 normal=0.238
[154 275/398] semantic=0.483 depth=0.244 normal=0.156
[154 300/398] semantic=0.508 depth=0.264 normal=0.125
[154 325/398] semantic=0.727 depth=0.457 normal=0.189
[154 350/398] semantic=0.475 depth=0.308 normal=0.107
[154 375/398] semantic=0.884 depth=0.616 normal=0.158
[154 398/398] semantic=0.466 depth=0.428 normal=0.131
Epoch 154: mIoU=35.834 pix=62.365 abs=0.6223 rel=0.2394 normal_mean=31.927 delta=19.595 wall_h=85.757
[155 1/398] semantic=0.350 depth=0.219 normal=0.117
[155 25/398] semantic=0.313 depth=0.253 normal=0.104
[155 50/398] semantic=0.681 depth=0.290 normal=0.143
[155 75/398] semantic=0.615 depth=0.426 normal=0.219
[155 100/398] semantic=0.478 depth=0.309 normal=0.154
[155 125/398] semantic=1.089 depth=0.433 normal=0.131
[155 150/398] semantic=0.440 depth=0.463 normal=0.104
[155 175/398] semantic=0.210 depth=0.438 normal=0.145
[155 200/398] semantic=0.509 depth=0.281 normal=0.165
[155 225/398] semantic=0.528 depth=0.302 normal=0.159
[155 250/398] semantic=0.559 depth=0.297 normal=0.132
[155 275/398] semantic=0.518 depth=0.363 normal=0.102
[155 300/398] semantic=0.388 depth=0.311 normal=0.128
[155 325/398] semantic=0.248 depth=0.318 normal=0.107
[155 350/398] semantic=0.554 depth=0.202 normal=0.151
[155 375/398] semantic=0.786 depth=0.510 normal=0.281
[155 398/398] semantic=0.798 depth=0.342 normal=0.226
Epoch 155: mIoU=35.208 pix=61.068 abs=0.5884 rel=0.2322 normal_mean=32.238 delta=19.430 wall_h=86.303
[156 1/398] semantic=0.396 depth=0.276 normal=0.179
[156 25/398] semantic=0.466 depth=0.210 normal=0.115
[156 50/398] semantic=0.478 depth=0.275 normal=0.175
[156 75/398] semantic=0.432 depth=0.234 normal=0.143
[156 100/398] semantic=0.597 depth=0.320 normal=0.204
[156 125/398] semantic=0.444 depth=0.408 normal=0.121
[156 150/398] semantic=0.339 depth=0.181 normal=0.108
[156 175/398] semantic=0.406 depth=0.295 normal=0.151
[156 200/398] semantic=1.344 depth=0.362 normal=0.172
[156 225/398] semantic=0.786 depth=0.450 normal=0.175
[156 250/398] semantic=0.550 depth=0.442 normal=0.158
[156 275/398] semantic=0.467 depth=0.278 normal=0.125
[156 300/398] semantic=0.395 depth=0.335 normal=0.094
[156 325/398] semantic=0.422 depth=0.181 normal=0.094
[156 350/398] semantic=0.235 depth=0.394 normal=0.071
[156 375/398] semantic=0.306 depth=0.263 normal=0.102
[156 398/398] semantic=0.552 depth=0.751 normal=0.144
Epoch 156: mIoU=35.064 pix=61.299 abs=0.6224 rel=0.2373 normal_mean=31.900 delta=19.965 wall_h=86.838
[157 1/398] semantic=0.330 depth=0.401 normal=0.124
[157 25/398] semantic=0.501 depth=0.373 normal=0.133
[157 50/398] semantic=0.460 depth=0.384 normal=0.154
[157 75/398] semantic=0.586 depth=0.307 normal=0.145
[157 100/398] semantic=0.424 depth=0.259 normal=0.130
[157 125/398] semantic=0.742 depth=0.529 normal=0.207
[157 150/398] semantic=1.032 depth=0.240 normal=0.144
[157 175/398] semantic=0.603 depth=0.353 normal=0.185
[157 200/398] semantic=0.538 depth=0.402 normal=0.162
[157 225/398] semantic=0.336 depth=0.290 normal=0.101
[157 250/398] semantic=0.754 depth=0.375 normal=0.169
[157 275/398] semantic=0.352 depth=0.324 normal=0.119
[157 300/398] semantic=0.832 depth=0.301 normal=0.177
[157 325/398] semantic=0.384 depth=0.297 normal=0.096
[157 350/398] semantic=0.412 depth=0.244 normal=0.110
[157 375/398] semantic=0.282 depth=0.215 normal=0.108
[157 398/398] semantic=0.757 depth=0.302 normal=0.148
Epoch 157: mIoU=33.427 pix=60.346 abs=0.6315 rel=0.2390 normal_mean=32.919 delta=22.834 wall_h=87.391
[158 1/398] semantic=0.511 depth=0.305 normal=0.150
[158 25/398] semantic=0.811 depth=0.427 normal=0.155
[158 50/398] semantic=0.414 depth=0.329 normal=0.145
[158 75/398] semantic=0.765 depth=0.400 normal=0.183
[158 100/398] semantic=0.350 depth=0.188 normal=0.126
[158 125/398] semantic=0.413 depth=0.285 normal=0.155
[158 150/398] semantic=0.532 depth=0.449 normal=0.149
[158 175/398] semantic=0.379 depth=0.296 normal=0.098
[158 200/398] semantic=0.401 depth=0.252 normal=0.163
[158 225/398] semantic=0.343 depth=0.360 normal=0.130
[158 250/398] semantic=0.737 depth=0.365 normal=0.224
[158 275/398] semantic=0.415 depth=0.437 normal=0.228
[158 300/398] semantic=0.435 depth=0.271 normal=0.166
[158 325/398] semantic=0.586 depth=0.560 normal=0.189
[158 350/398] semantic=0.562 depth=0.321 normal=0.173
[158 375/398] semantic=0.366 depth=0.408 normal=0.105
[158 398/398] semantic=0.620 depth=0.277 normal=0.160
Epoch 158: mIoU=34.791 pix=61.773 abs=0.5884 rel=0.2285 normal_mean=32.646 delta=19.854 wall_h=87.946
[159 1/398] semantic=0.257 depth=0.280 normal=0.142
[159 25/398] semantic=0.512 depth=0.733 normal=0.211
[159 50/398] semantic=0.800 depth=0.320 normal=0.240
[159 75/398] semantic=0.399 depth=0.425 normal=0.133
[159 100/398] semantic=0.481 depth=0.346 normal=0.142
[159 125/398] semantic=0.543 depth=0.401 normal=0.168
[159 150/398] semantic=0.241 depth=0.280 normal=0.120
[159 175/398] semantic=0.621 depth=0.494 normal=0.176
[159 200/398] semantic=0.448 depth=0.346 normal=0.143
[159 225/398] semantic=0.707 depth=0.332 normal=0.204
[159 250/398] semantic=0.365 depth=0.325 normal=0.126
[159 275/398] semantic=0.441 depth=0.355 normal=0.099
[159 300/398] semantic=0.624 depth=0.428 normal=0.141
[159 325/398] semantic=0.524 depth=0.330 normal=0.124
[159 350/398] semantic=0.640 depth=0.337 normal=0.152
[159 375/398] semantic=0.522 depth=0.339 normal=0.186
[159 398/398] semantic=0.523 depth=0.510 normal=0.130
Epoch 159: mIoU=33.813 pix=60.826 abs=0.6099 rel=0.2360 normal_mean=32.521 delta=21.837 wall_h=88.511
[160 1/398] semantic=0.416 depth=0.314 normal=0.146
[160 25/398] semantic=0.582 depth=0.387 normal=0.184
[160 50/398] semantic=0.393 depth=0.315 normal=0.119
[160 75/398] semantic=0.353 depth=0.210 normal=0.143
[160 100/398] semantic=0.286 depth=0.320 normal=0.137
[160 125/398] semantic=0.369 depth=0.320 normal=0.130
[160 150/398] semantic=0.271 depth=0.392 normal=0.151
[160 175/398] semantic=0.363 depth=0.238 normal=0.106
[160 200/398] semantic=0.724 depth=0.299 normal=0.174
[160 225/398] semantic=0.514 depth=0.249 normal=0.136
[160 250/398] semantic=0.613 depth=0.357 normal=0.187
[160 275/398] semantic=0.381 depth=0.402 normal=0.167
[160 300/398] semantic=0.728 depth=0.379 normal=0.188
[160 325/398] semantic=0.344 depth=0.274 normal=0.117
[160 350/398] semantic=0.318 depth=0.172 normal=0.114
[160 375/398] semantic=0.725 depth=0.317 normal=0.171
[160 398/398] semantic=0.250 depth=0.311 normal=0.121
Epoch 160: mIoU=35.380 pix=60.940 abs=0.5753 rel=0.2316 normal_mean=32.673 delta=20.577 wall_h=89.064
[161 1/398] semantic=0.619 depth=0.308 normal=0.157
[161 25/398] semantic=0.807 depth=0.202 normal=0.185
[161 50/398] semantic=0.587 depth=0.462 normal=0.175
[161 75/398] semantic=0.408 depth=0.364 normal=0.146
[161 100/398] semantic=0.269 depth=0.296 normal=0.099
[161 125/398] semantic=0.246 depth=0.336 normal=0.139
[161 150/398] semantic=0.432 depth=0.439 normal=0.164
[161 175/398] semantic=0.569 depth=0.188 normal=0.156
[161 200/398] semantic=0.544 depth=0.341 normal=0.130
[161 225/398] semantic=0.462 depth=0.277 normal=0.163
[161 250/398] semantic=0.423 depth=0.246 normal=0.097
[161 275/398] semantic=0.353 depth=0.307 normal=0.139
[161 300/398] semantic=0.400 depth=0.396 normal=0.164
[161 325/398] semantic=0.499 depth=0.312 normal=0.122
[161 350/398] semantic=0.458 depth=0.325 normal=0.172
[161 375/398] semantic=0.655 depth=0.356 normal=0.155
[161 398/398] semantic=0.307 depth=0.326 normal=0.122
Epoch 161: mIoU=36.459 pix=62.032 abs=0.6083 rel=0.2291 normal_mean=33.268 delta=21.583 wall_h=89.610
[162 1/398] semantic=0.429 depth=0.244 normal=0.172
[162 25/398] semantic=0.433 depth=0.369 normal=0.175
[162 50/398] semantic=0.555 depth=0.367 normal=0.146
[162 75/398] semantic=0.458 depth=0.421 normal=0.202
[162 100/398] semantic=0.298 depth=0.436 normal=0.121
[162 125/398] semantic=0.532 depth=0.303 normal=0.148
[162 150/398] semantic=0.796 depth=0.290 normal=0.227
[162 175/398] semantic=0.474 depth=0.313 normal=0.138
[162 200/398] semantic=0.536 depth=0.277 normal=0.156
[162 225/398] semantic=0.650 depth=0.425 normal=0.165
[162 250/398] semantic=0.470 depth=0.425 normal=0.228
[162 275/398] semantic=0.358 depth=0.193 normal=0.098
[162 300/398] semantic=0.602 depth=0.655 normal=0.221
[162 325/398] semantic=0.456 depth=0.305 normal=0.190
[162 350/398] semantic=0.439 depth=0.232 normal=0.120
[162 375/398] semantic=0.334 depth=0.358 normal=0.159
[162 398/398] semantic=0.416 depth=0.313 normal=0.131
Epoch 162: mIoU=34.828 pix=61.927 abs=0.6008 rel=0.2301 normal_mean=32.111 delta=19.325 wall_h=90.187
[163 1/398] semantic=0.294 depth=0.402 normal=0.099
[163 25/398] semantic=0.775 depth=0.354 normal=0.155
[163 50/398] semantic=0.455 depth=0.468 normal=0.193
[163 75/398] semantic=0.400 depth=0.382 normal=0.168
[163 100/398] semantic=0.448 depth=0.223 normal=0.130
[163 125/398] semantic=0.770 depth=0.445 normal=0.213
[163 150/398] semantic=0.385 depth=0.427 normal=0.127
[163 175/398] semantic=0.395 depth=0.265 normal=0.114
[163 200/398] semantic=0.487 depth=0.261 normal=0.153
[163 225/398] semantic=0.335 depth=0.349 normal=0.094
[163 250/398] semantic=0.418 depth=0.229 normal=0.127
[163 275/398] semantic=0.310 depth=0.242 normal=0.161
[163 300/398] semantic=0.617 depth=0.499 normal=0.190
[163 325/398] semantic=0.561 depth=0.460 normal=0.185
[163 350/398] semantic=0.567 depth=0.558 normal=0.137
[163 375/398] semantic=0.361 depth=0.443 normal=0.110
[163 398/398] semantic=0.535 depth=0.281 normal=0.096
Epoch 163: mIoU=34.407 pix=61.692 abs=0.6192 rel=0.2337 normal_mean=32.262 delta=21.526 wall_h=90.813
[164 1/398] semantic=0.357 depth=0.244 normal=0.103
[164 25/398] semantic=0.319 depth=0.340 normal=0.119
[164 50/398] semantic=0.426 depth=0.315 normal=0.118
[164 75/398] semantic=0.384 depth=0.596 normal=0.130
[164 100/398] semantic=0.234 depth=0.343 normal=0.120
[164 125/398] semantic=0.367 depth=0.392 normal=0.157
[164 150/398] semantic=0.406 depth=0.335 normal=0.163
[164 175/398] semantic=0.320 depth=0.272 normal=0.113
[164 200/398] semantic=0.629 depth=0.282 normal=0.118
[164 225/398] semantic=0.413 depth=0.310 normal=0.121
[164 250/398] semantic=0.410 depth=0.352 normal=0.122
[164 275/398] semantic=0.430 depth=0.338 normal=0.168
[164 300/398] semantic=0.933 depth=0.445 normal=0.230
[164 325/398] semantic=0.583 depth=0.497 normal=0.167
[164 350/398] semantic=0.451 depth=0.405 normal=0.153
[164 375/398] semantic=0.482 depth=0.293 normal=0.124
[164 398/398] semantic=0.554 depth=0.273 normal=0.163
Epoch 164: mIoU=35.621 pix=61.056 abs=0.5604 rel=0.2354 normal_mean=32.169 delta=19.259 wall_h=91.364
[165 1/398] semantic=0.831 depth=0.352 normal=0.163
[165 25/398] semantic=0.366 depth=0.315 normal=0.169
[165 50/398] semantic=0.326 depth=0.260 normal=0.085
[165 75/398] semantic=0.590 depth=0.254 normal=0.182
[165 100/398] semantic=0.441 depth=0.416 normal=0.185
[165 125/398] semantic=0.510 depth=0.249 normal=0.121
[165 150/398] semantic=0.665 depth=0.307 normal=0.178
[165 175/398] semantic=1.218 depth=0.413 normal=0.139
[165 200/398] semantic=0.617 depth=0.290 normal=0.187
[165 225/398] semantic=0.477 depth=0.361 normal=0.143
[165 250/398] semantic=0.303 depth=0.324 normal=0.136
[165 275/398] semantic=0.354 depth=0.254 normal=0.101
[165 300/398] semantic=0.891 depth=0.462 normal=0.131
[165 325/398] semantic=0.612 depth=0.378 normal=0.157
[165 350/398] semantic=0.329 depth=0.230 normal=0.100
[165 375/398] semantic=0.404 depth=0.289 normal=0.144
[165 398/398] semantic=1.535 depth=0.230 normal=0.170
Epoch 165: mIoU=33.635 pix=59.903 abs=0.6234 rel=0.2494 normal_mean=32.664 delta=22.866 wall_h=91.911
[166 1/398] semantic=0.602 depth=0.349 normal=0.138
[166 25/398] semantic=0.281 depth=0.443 normal=0.105
[166 50/398] semantic=0.289 depth=0.331 normal=0.083
[166 75/398] semantic=0.551 depth=0.468 normal=0.116
[166 100/398] semantic=0.568 depth=0.612 normal=0.139
[166 125/398] semantic=0.599 depth=0.349 normal=0.142
[166 150/398] semantic=1.513 depth=0.306 normal=0.154
[166 175/398] semantic=0.371 depth=0.206 normal=0.140
[166 200/398] semantic=0.372 depth=0.241 normal=0.164
[166 225/398] semantic=0.612 depth=0.267 normal=0.145
[166 250/398] semantic=0.520 depth=0.276 normal=0.156
[166 275/398] semantic=0.546 depth=0.392 normal=0.165
[166 300/398] semantic=0.342 depth=0.218 normal=0.107
[166 325/398] semantic=0.398 depth=0.265 normal=0.157
[166 350/398] semantic=0.878 depth=0.326 normal=0.152
[166 375/398] semantic=0.425 depth=0.269 normal=0.106
[166 398/398] semantic=1.063 depth=0.182 normal=0.106
Epoch 166: mIoU=34.026 pix=60.843 abs=0.6467 rel=0.2367 normal_mean=32.048 delta=20.834 wall_h=92.459
[167 1/398] semantic=0.335 depth=0.285 normal=0.119
[167 25/398] semantic=0.266 depth=0.231 normal=0.078
[167 50/398] semantic=0.547 depth=0.263 normal=0.145
[167 75/398] semantic=0.540 depth=0.226 normal=0.142
[167 100/398] semantic=0.372 depth=0.448 normal=0.183
[167 125/398] semantic=0.618 depth=0.274 normal=0.126
[167 150/398] semantic=0.428 depth=0.463 normal=0.171
[167 175/398] semantic=0.274 depth=0.407 normal=0.118
[167 200/398] semantic=0.469 depth=0.198 normal=0.131
[167 225/398] semantic=0.577 depth=0.412 normal=0.175
[167 250/398] semantic=0.396 depth=0.553 normal=0.203
[167 275/398] semantic=0.401 depth=0.275 normal=0.183
[167 300/398] semantic=0.855 depth=0.285 normal=0.123
[167 325/398] semantic=0.363 depth=0.377 normal=0.170
[167 350/398] semantic=0.337 depth=0.289 normal=0.173
[167 375/398] semantic=0.364 depth=0.402 normal=0.138
[167 398/398] semantic=0.625 depth=0.418 normal=0.135
Epoch 167: mIoU=35.963 pix=61.442 abs=0.5734 rel=0.2366 normal_mean=31.006 delta=16.277 wall_h=93.024
[168 1/398] semantic=0.366 depth=0.502 normal=0.139
[168 25/398] semantic=0.558 depth=0.419 normal=0.148
[168 50/398] semantic=0.592 depth=0.382 normal=0.138
[168 75/398] semantic=0.501 depth=0.614 normal=0.200
[168 100/398] semantic=0.545 depth=0.264 normal=0.136
[168 125/398] semantic=0.733 depth=0.402 normal=0.195
[168 150/398] semantic=0.444 depth=0.300 normal=0.185
[168 175/398] semantic=0.581 depth=0.280 normal=0.097
[168 200/398] semantic=0.428 depth=0.339 normal=0.120
[168 225/398] semantic=0.754 depth=0.358 normal=0.195
[168 250/398] semantic=0.523 depth=0.350 normal=0.176
[168 275/398] semantic=0.525 depth=0.426 normal=0.164
[168 300/398] semantic=0.208 depth=0.293 normal=0.111
[168 325/398] semantic=0.310 depth=0.246 normal=0.089
[168 350/398] semantic=0.524 depth=0.298 normal=0.173
[168 375/398] semantic=0.511 depth=0.298 normal=0.104
[168 398/398] semantic=0.688 depth=0.384 normal=0.140
Epoch 168: mIoU=33.252 pix=61.048 abs=0.6134 rel=0.2514 normal_mean=31.007 delta=18.299 wall_h=93.596
[169 1/398] semantic=0.355 depth=0.250 normal=0.105
[169 25/398] semantic=0.602 depth=0.320 normal=0.161
[169 50/398] semantic=0.431 depth=0.375 normal=0.115
[169 75/398] semantic=0.529 depth=0.300 normal=0.144
[169 100/398] semantic=0.482 depth=0.326 normal=0.155
[169 125/398] semantic=0.435 depth=0.193 normal=0.171
[169 150/398] semantic=0.300 depth=0.273 normal=0.136
[169 175/398] semantic=0.736 depth=0.361 normal=0.153
[169 200/398] semantic=0.350 depth=0.331 normal=0.117
[169 225/398] semantic=0.412 depth=0.548 normal=0.183
[169 250/398] semantic=0.306 depth=0.244 normal=0.097
[169 275/398] semantic=0.495 depth=0.269 normal=0.089
[169 300/398] semantic=0.437 depth=0.503 normal=0.185
[169 325/398] semantic=0.308 depth=0.244 normal=0.114
[169 350/398] semantic=0.437 depth=0.347 normal=0.163
[169 375/398] semantic=0.431 depth=0.287 normal=0.150
[169 398/398] semantic=0.583 depth=0.406 normal=0.128
Epoch 169: mIoU=34.063 pix=61.136 abs=0.6354 rel=0.2503 normal_mean=31.575 delta=20.857 wall_h=94.147
[170 1/398] semantic=0.446 depth=0.161 normal=0.118
[170 25/398] semantic=0.391 depth=0.373 normal=0.084
[170 50/398] semantic=0.543 depth=0.408 normal=0.148
[170 75/398] semantic=0.624 depth=0.328 normal=0.109
[170 100/398] semantic=0.313 depth=0.378 normal=0.212
[170 125/398] semantic=0.510 depth=0.305 normal=0.115
[170 150/398] semantic=0.258 depth=0.397 normal=0.088
[170 175/398] semantic=0.259 depth=0.381 normal=0.102
[170 200/398] semantic=0.948 depth=0.358 normal=0.187
[170 225/398] semantic=0.711 depth=0.360 normal=0.236
[170 250/398] semantic=1.018 depth=0.353 normal=0.256
[170 275/398] semantic=0.407 depth=0.318 normal=0.125
[170 300/398] semantic=0.491 depth=0.346 normal=0.159
[170 325/398] semantic=0.512 depth=0.634 normal=0.208
[170 350/398] semantic=0.259 depth=0.258 normal=0.088
[170 375/398] semantic=0.473 depth=0.368 normal=0.134
[170 398/398] semantic=0.305 depth=0.318 normal=0.106
Epoch 170: mIoU=35.310 pix=61.575 abs=0.6579 rel=0.2424 normal_mean=31.786 delta=20.230 wall_h=94.706
[171 1/398] semantic=0.539 depth=0.378 normal=0.196
[171 25/398] semantic=0.502 depth=0.358 normal=0.203
[171 50/398] semantic=0.492 depth=0.378 normal=0.179
[171 75/398] semantic=0.290 depth=0.426 normal=0.125
[171 100/398] semantic=0.341 depth=0.269 normal=0.121
[171 125/398] semantic=0.345 depth=0.234 normal=0.175
[171 150/398] semantic=0.507 depth=0.239 normal=0.208
[171 175/398] semantic=0.247 depth=0.198 normal=0.106
[171 200/398] semantic=0.268 depth=0.192 normal=0.160
[171 225/398] semantic=0.829 depth=0.424 normal=0.193
[171 250/398] semantic=0.413 depth=0.376 normal=0.117
[171 275/398] semantic=0.256 depth=0.307 normal=0.140
[171 300/398] semantic=0.322 depth=0.435 normal=0.100
[171 325/398] semantic=0.596 depth=0.450 normal=0.136
[171 350/398] semantic=0.522 depth=0.177 normal=0.182
[171 375/398] semantic=0.522 depth=0.357 normal=0.119
[171 398/398] semantic=0.261 depth=0.184 normal=0.095
Epoch 171: mIoU=35.602 pix=61.191 abs=0.6637 rel=0.2371 normal_mean=30.885 delta=17.945 wall_h=95.265
[172 1/398] semantic=0.416 depth=0.363 normal=0.215
[172 25/398] semantic=0.677 depth=0.277 normal=0.141
[172 50/398] semantic=0.451 depth=0.376 normal=0.130
[172 75/398] semantic=0.516 depth=0.339 normal=0.135
[172 100/398] semantic=0.476 depth=0.388 normal=0.192
[172 125/398] semantic=0.487 depth=0.272 normal=0.177
[172 150/398] semantic=0.351 depth=0.205 normal=0.130
[172 175/398] semantic=0.436 depth=0.457 normal=0.139
[172 200/398] semantic=0.739 depth=0.391 normal=0.159
[172 225/398] semantic=0.230 depth=0.204 normal=0.082
[172 250/398] semantic=0.466 depth=0.344 normal=0.137
[172 275/398] semantic=0.395 depth=0.224 normal=0.140
[172 300/398] semantic=0.242 depth=0.325 normal=0.147
[172 325/398] semantic=0.391 depth=0.536 normal=0.158
[172 350/398] semantic=0.429 depth=0.229 normal=0.166
[172 375/398] semantic=0.333 depth=0.288 normal=0.103
[172 398/398] semantic=0.294 depth=0.228 normal=0.073
Epoch 172: mIoU=33.179 pix=60.125 abs=0.5963 rel=0.2313 normal_mean=31.808 delta=19.617 wall_h=95.812
[173 1/398] semantic=0.343 depth=0.359 normal=0.100
[173 25/398] semantic=0.489 depth=0.273 normal=0.114
[173 50/398] semantic=0.705 depth=0.242 normal=0.231
[173 75/398] semantic=0.870 depth=0.588 normal=0.230
[173 100/398] semantic=0.345 depth=0.271 normal=0.090
[173 125/398] semantic=0.279 depth=0.344 normal=0.115
[173 150/398] semantic=0.507 depth=0.324 normal=0.154
[173 175/398] semantic=0.260 depth=0.283 normal=0.121
[173 200/398] semantic=0.400 depth=0.213 normal=0.095
[173 225/398] semantic=0.510 depth=0.368 normal=0.193
[173 250/398] semantic=0.674 depth=0.420 normal=0.328
[173 275/398] semantic=0.925 depth=0.329 normal=0.212
[173 300/398] semantic=0.439 depth=0.287 normal=0.109
[173 325/398] semantic=0.632 depth=0.330 normal=0.159
[173 350/398] semantic=0.319 depth=0.337 normal=0.123
[173 375/398] semantic=0.585 depth=0.245 normal=0.125
[173 398/398] semantic=0.333 depth=0.203 normal=0.117
Epoch 173: mIoU=34.791 pix=61.183 abs=0.5906 rel=0.2390 normal_mean=31.379 delta=17.923 wall_h=96.367
[174 1/398] semantic=0.373 depth=0.369 normal=0.106
[174 25/398] semantic=0.451 depth=0.356 normal=0.108
[174 50/398] semantic=0.264 depth=0.181 normal=0.098
[174 75/398] semantic=0.351 depth=0.353 normal=0.107
[174 100/398] semantic=0.330 depth=0.236 normal=0.091
[174 125/398] semantic=0.492 depth=0.295 normal=0.152
[174 150/398] semantic=0.334 depth=0.329 normal=0.130
[174 175/398] semantic=0.513 depth=0.362 normal=0.174
[174 200/398] semantic=0.386 depth=0.271 normal=0.088
[174 225/398] semantic=0.387 depth=0.198 normal=0.117
[174 250/398] semantic=0.318 depth=0.415 normal=0.208
[174 275/398] semantic=0.769 depth=0.381 normal=0.161
[174 300/398] semantic=0.482 depth=0.278 normal=0.147
[174 325/398] semantic=0.383 depth=0.297 normal=0.147
[174 350/398] semantic=0.558 depth=0.293 normal=0.213
[174 375/398] semantic=0.948 depth=0.489 normal=0.201
[174 398/398] semantic=0.200 depth=0.320 normal=0.102
Epoch 174: mIoU=35.833 pix=62.190 abs=0.5748 rel=0.2342 normal_mean=31.856 delta=18.710 wall_h=96.918
[175 1/398] semantic=0.330 depth=0.246 normal=0.077
[175 25/398] semantic=0.334 depth=0.287 normal=0.112
[175 50/398] semantic=0.301 depth=0.353 normal=0.149
[175 75/398] semantic=0.430 depth=0.400 normal=0.215
[175 100/398] semantic=0.554 depth=0.997 normal=0.190
[175 125/398] semantic=0.186 depth=0.255 normal=0.080
[175 150/398] semantic=0.606 depth=0.399 normal=0.136
[175 175/398] semantic=0.281 depth=0.298 normal=0.079
[175 200/398] semantic=0.664 depth=0.228 normal=0.119
[175 225/398] semantic=0.393 depth=0.329 normal=0.111
[175 250/398] semantic=0.374 depth=0.325 normal=0.093
[175 275/398] semantic=0.445 depth=0.194 normal=0.132
[175 300/398] semantic=0.463 depth=0.405 normal=0.132
[175 325/398] semantic=0.449 depth=0.241 normal=0.149
[175 350/398] semantic=0.490 depth=0.316 normal=0.139
[175 375/398] semantic=0.388 depth=0.385 normal=0.214
[175 398/398] semantic=0.185 depth=0.192 normal=0.113
Epoch 175: mIoU=34.881 pix=61.615 abs=0.5795 rel=0.2369 normal_mean=31.870 delta=19.188 wall_h=97.473
[176 1/398] semantic=0.439 depth=0.339 normal=0.132
[176 25/398] semantic=0.356 depth=0.285 normal=0.105
[176 50/398] semantic=0.414 depth=0.204 normal=0.081
[176 75/398] semantic=0.560 depth=0.328 normal=0.197
[176 100/398] semantic=0.397 depth=0.464 normal=0.126
[176 125/398] semantic=0.476 depth=0.535 normal=0.144
[176 150/398] semantic=0.471 depth=0.476 normal=0.135
[176 175/398] semantic=0.466 depth=0.307 normal=0.144
[176 200/398] semantic=0.282 depth=0.277 normal=0.118
[176 225/398] semantic=0.836 depth=0.278 normal=0.139
[176 250/398] semantic=0.522 depth=0.230 normal=0.218
[176 275/398] semantic=0.399 depth=0.221 normal=0.097
[176 300/398] semantic=0.682 depth=0.332 normal=0.166
[176 325/398] semantic=0.264 depth=0.398 normal=0.155
[176 350/398] semantic=0.571 depth=0.288 normal=0.187
[176 375/398] semantic=0.577 depth=0.425 normal=0.174
[176 398/398] semantic=0.497 depth=0.342 normal=0.116
Epoch 176: mIoU=34.391 pix=61.075 abs=0.5849 rel=0.2365 normal_mean=31.905 delta=19.860 wall_h=98.007
[177 1/398] semantic=0.241 depth=0.271 normal=0.093
[177 25/398] semantic=0.292 depth=0.265 normal=0.150
[177 50/398] semantic=0.318 depth=0.252 normal=0.137
[177 75/398] semantic=0.709 depth=0.366 normal=0.167
[177 100/398] semantic=0.474 depth=0.261 normal=0.195
[177 125/398] semantic=0.394 depth=0.211 normal=0.156
[177 150/398] semantic=0.246 depth=0.283 normal=0.108
[177 175/398] semantic=0.448 depth=0.394 normal=0.116
[177 200/398] semantic=0.294 depth=0.234 normal=0.107
[177 225/398] semantic=0.362 depth=0.241 normal=0.100
[177 250/398] semantic=0.848 depth=0.309 normal=0.186
[177 275/398] semantic=0.312 depth=0.183 normal=0.113
[177 300/398] semantic=0.202 depth=0.211 normal=0.106
[177 325/398] semantic=0.440 depth=0.362 normal=0.168
[177 350/398] semantic=0.542 depth=0.253 normal=0.105
[177 375/398] semantic=0.482 depth=0.228 normal=0.162
[177 398/398] semantic=0.915 depth=0.246 normal=0.238
Epoch 177: mIoU=34.125 pix=61.596 abs=0.6408 rel=0.2397 normal_mean=32.415 delta=21.608 wall_h=98.542
[178 1/398] semantic=0.334 depth=0.233 normal=0.138
[178 25/398] semantic=0.326 depth=0.269 normal=0.121
[178 50/398] semantic=0.404 depth=0.519 normal=0.119
[178 75/398] semantic=0.508 depth=0.313 normal=0.148
[178 100/398] semantic=0.331 depth=0.342 normal=0.149
[178 125/398] semantic=0.477 depth=0.334 normal=0.133
[178 150/398] semantic=0.214 depth=0.237 normal=0.090
[178 175/398] semantic=0.474 depth=0.296 normal=0.108
[178 200/398] semantic=0.255 depth=0.346 normal=0.108
[178 225/398] semantic=0.788 depth=0.325 normal=0.202
[178 250/398] semantic=0.387 depth=0.237 normal=0.104
[178 275/398] semantic=0.233 depth=0.213 normal=0.089
[178 300/398] semantic=0.251 depth=0.242 normal=0.104
[178 325/398] semantic=0.253 depth=0.284 normal=0.105
[178 350/398] semantic=0.258 depth=0.270 normal=0.100
[178 375/398] semantic=0.549 depth=0.300 normal=0.137
[178 398/398] semantic=0.308 depth=0.342 normal=0.127
Epoch 178: mIoU=35.939 pix=61.640 abs=0.5932 rel=0.2305 normal_mean=31.750 delta=18.362 wall_h=99.085
[179 1/398] semantic=0.361 depth=0.290 normal=0.103
[179 25/398] semantic=0.364 depth=0.286 normal=0.167
[179 50/398] semantic=0.269 depth=0.320 normal=0.129
[179 75/398] semantic=0.439 depth=0.337 normal=0.154
[179 100/398] semantic=0.328 depth=0.389 normal=0.130
[179 125/398] semantic=0.385 depth=0.412 normal=0.120
[179 150/398] semantic=0.470 depth=0.432 normal=0.189
[179 175/398] semantic=0.308 depth=0.209 normal=0.118
[179 200/398] semantic=0.314 depth=0.457 normal=0.132
[179 225/398] semantic=0.413 depth=0.318 normal=0.161
[179 250/398] semantic=0.417 depth=0.337 normal=0.139
[179 275/398] semantic=0.335 depth=0.237 normal=0.127
[179 300/398] semantic=0.265 depth=0.205 normal=0.083
[179 325/398] semantic=0.260 depth=0.336 normal=0.149
[179 350/398] semantic=0.204 depth=0.274 normal=0.145
[179 375/398] semantic=0.430 depth=0.271 normal=0.119
[179 398/398] semantic=0.225 depth=0.306 normal=0.087
Epoch 179: mIoU=35.860 pix=62.414 abs=0.5930 rel=0.2621 normal_mean=31.480 delta=18.654 wall_h=99.625
[180 1/398] semantic=0.624 depth=0.458 normal=0.175
[180 25/398] semantic=0.264 depth=0.287 normal=0.131
[180 50/398] semantic=0.258 depth=0.226 normal=0.130
[180 75/398] semantic=0.561 depth=0.347 normal=0.144
[180 100/398] semantic=0.947 depth=0.173 normal=0.122
[180 125/398] semantic=0.278 depth=0.271 normal=0.114
[180 150/398] semantic=0.707 depth=0.269 normal=0.159
[180 175/398] semantic=0.376 depth=0.344 normal=0.130
[180 200/398] semantic=0.179 depth=0.197 normal=0.075
[180 225/398] semantic=0.542 depth=0.394 normal=0.171
[180 250/398] semantic=0.372 depth=0.320 normal=0.132
[180 275/398] semantic=0.560 depth=0.341 normal=0.131
[180 300/398] semantic=0.435 depth=0.405 normal=0.141
[180 325/398] semantic=0.549 depth=0.253 normal=0.115
[180 350/398] semantic=0.647 depth=0.259 normal=0.132
[180 375/398] semantic=0.279 depth=0.337 normal=0.124
[180 398/398] semantic=0.259 depth=0.204 normal=0.119
Epoch 180: mIoU=33.915 pix=61.323 abs=0.5759 rel=0.2337 normal_mean=31.432 delta=18.414 wall_h=100.173
[181 1/398] semantic=0.281 depth=0.239 normal=0.142
[181 25/398] semantic=0.242 depth=0.190 normal=0.085
[181 50/398] semantic=0.369 depth=0.296 normal=0.128
[181 75/398] semantic=0.415 depth=0.322 normal=0.155
[181 100/398] semantic=0.451 depth=0.313 normal=0.131
[181 125/398] semantic=0.539 depth=0.318 normal=0.146
[181 150/398] semantic=0.275 depth=0.413 normal=0.143
[181 175/398] semantic=0.366 depth=0.260 normal=0.125
[181 200/398] semantic=0.678 depth=0.265 normal=0.137
[181 225/398] semantic=0.619 depth=0.293 normal=0.190
[181 250/398] semantic=0.351 depth=0.249 normal=0.092
[181 275/398] semantic=0.548 depth=0.438 normal=0.175
[181 300/398] semantic=0.564 depth=0.288 normal=0.127
[181 325/398] semantic=0.300 depth=0.407 normal=0.113
[181 350/398] semantic=0.297 depth=0.234 normal=0.139
[181 375/398] semantic=0.624 depth=0.388 normal=0.118
[181 398/398] semantic=0.340 depth=0.641 normal=0.161
Epoch 181: mIoU=36.321 pix=62.707 abs=0.6258 rel=0.2373 normal_mean=32.543 delta=20.814 wall_h=100.727
[182 1/398] semantic=0.537 depth=0.218 normal=0.140
[182 25/398] semantic=0.389 depth=0.259 normal=0.153
[182 50/398] semantic=0.404 depth=0.372 normal=0.097
[182 75/398] semantic=0.281 depth=0.282 normal=0.108
[182 100/398] semantic=0.301 depth=0.244 normal=0.157
[182 125/398] semantic=0.392 depth=0.261 normal=0.142
[182 150/398] semantic=0.488 depth=0.196 normal=0.120
[182 175/398] semantic=0.587 depth=0.396 normal=0.148
[182 200/398] semantic=0.603 depth=0.399 normal=0.213
[182 225/398] semantic=0.344 depth=0.345 normal=0.097
[182 250/398] semantic=0.702 depth=0.301 normal=0.114
[182 275/398] semantic=0.299 depth=0.331 normal=0.112
[182 300/398] semantic=0.348 depth=0.222 normal=0.108
[182 325/398] semantic=0.719 depth=0.226 normal=0.187
[182 350/398] semantic=0.604 depth=0.388 normal=0.169
[182 375/398] semantic=0.418 depth=0.344 normal=0.158
[182 398/398] semantic=0.128 depth=0.366 normal=0.090
Epoch 182: mIoU=34.373 pix=60.628 abs=0.6021 rel=0.2308 normal_mean=32.409 delta=21.028 wall_h=101.278
[183 1/398] semantic=0.269 depth=0.296 normal=0.111
[183 25/398] semantic=0.400 depth=0.316 normal=0.177
[183 50/398] semantic=0.239 depth=0.369 normal=0.110
[183 75/398] semantic=0.405 depth=0.421 normal=0.155
[183 100/398] semantic=0.375 depth=0.663 normal=0.111
[183 125/398] semantic=0.336 depth=0.224 normal=0.078
[183 150/398] semantic=0.384 depth=0.273 normal=0.129
[183 175/398] semantic=0.666 depth=0.273 normal=0.140
[183 200/398] semantic=0.300 depth=0.301 normal=0.139
[183 225/398] semantic=0.341 depth=0.411 normal=0.120
[183 250/398] semantic=0.421 depth=0.416 normal=0.125
[183 275/398] semantic=0.290 depth=0.218 normal=0.149
[183 300/398] semantic=0.271 depth=0.278 normal=0.098
[183 325/398] semantic=0.339 depth=0.205 normal=0.116
[183 350/398] semantic=0.409 depth=0.240 normal=0.151
[183 375/398] semantic=0.308 depth=0.290 normal=0.097
[183 398/398] semantic=0.418 depth=0.170 normal=0.087
Epoch 183: mIoU=35.739 pix=61.811 abs=0.5803 rel=0.2368 normal_mean=31.276 delta=16.619 wall_h=101.827
[184 1/398] semantic=0.369 depth=0.367 normal=0.140
[184 25/398] semantic=0.231 depth=0.273 normal=0.126
[184 50/398] semantic=0.215 depth=0.258 normal=0.107
[184 75/398] semantic=0.438 depth=0.250 normal=0.135
[184 100/398] semantic=0.352 depth=0.340 normal=0.133
[184 125/398] semantic=0.283 depth=0.203 normal=0.120
[184 150/398] semantic=0.722 depth=0.278 normal=0.159
[184 175/398] semantic=0.714 depth=0.235 normal=0.131
[184 200/398] semantic=0.306 depth=0.282 normal=0.100
[184 225/398] semantic=0.495 depth=0.273 normal=0.110
[184 250/398] semantic=0.362 depth=0.257 normal=0.109
[184 275/398] semantic=0.770 depth=0.366 normal=0.195
[184 300/398] semantic=1.444 depth=0.509 normal=0.166
[184 325/398] semantic=0.662 depth=0.363 normal=0.150
[184 350/398] semantic=0.588 depth=0.328 normal=0.150
[184 375/398] semantic=0.353 depth=0.324 normal=0.104
[184 398/398] semantic=0.351 depth=0.352 normal=0.132
Epoch 184: mIoU=36.224 pix=61.194 abs=0.6466 rel=0.2388 normal_mean=32.145 delta=20.309 wall_h=102.377
[185 1/398] semantic=0.456 depth=0.263 normal=0.151
[185 25/398] semantic=0.545 depth=0.425 normal=0.155
[185 50/398] semantic=0.204 depth=0.184 normal=0.144
[185 75/398] semantic=0.369 depth=0.299 normal=0.107
[185 100/398] semantic=0.557 depth=0.621 normal=0.194
[185 125/398] semantic=0.192 depth=0.174 normal=0.100
[185 150/398] semantic=0.426 depth=0.301 normal=0.121
[185 175/398] semantic=0.477 depth=0.346 normal=0.171
[185 200/398] semantic=0.275 depth=0.425 normal=0.140
[185 225/398] semantic=0.513 depth=0.311 normal=0.161
[185 250/398] semantic=0.208 depth=0.280 normal=0.099
[185 275/398] semantic=0.249 depth=0.174 normal=0.094
[185 300/398] semantic=0.579 depth=0.220 normal=0.176
[185 325/398] semantic=0.476 depth=0.265 normal=0.161
[185 350/398] semantic=0.861 depth=0.204 normal=0.181
[185 375/398] semantic=0.257 depth=0.314 normal=0.084
[185 398/398] semantic=0.685 depth=0.228 normal=0.168
Epoch 185: mIoU=34.468 pix=61.985 abs=0.5761 rel=0.2407 normal_mean=32.094 delta=19.690 wall_h=102.924
[186 1/398] semantic=0.441 depth=0.191 normal=0.106
[186 25/398] semantic=0.200 depth=0.273 normal=0.096
[186 50/398] semantic=0.270 depth=0.268 normal=0.124
[186 75/398] semantic=0.818 depth=0.249 normal=0.123
[186 100/398] semantic=0.405 depth=0.222 normal=0.177
[186 125/398] semantic=0.490 depth=0.372 normal=0.142
[186 150/398] semantic=0.398 depth=0.245 normal=0.131
[186 175/398] semantic=0.338 depth=0.294 normal=0.095
[186 200/398] semantic=0.559 depth=0.364 normal=0.189
[186 225/398] semantic=0.349 depth=0.250 normal=0.124
[186 250/398] semantic=0.371 depth=0.368 normal=0.119
[186 275/398] semantic=0.787 depth=0.294 normal=0.190
[186 300/398] semantic=0.491 depth=0.298 normal=0.157
[186 325/398] semantic=0.251 depth=0.215 normal=0.099
[186 350/398] semantic=0.328 depth=0.580 normal=0.192
[186 375/398] semantic=0.260 depth=0.448 normal=0.147
[186 398/398] semantic=0.537 depth=0.217 normal=0.174
Epoch 186: mIoU=35.211 pix=61.835 abs=0.5974 rel=0.2318 normal_mean=31.330 delta=17.227 wall_h=103.485
[187 1/398] semantic=0.336 depth=0.317 normal=0.118
[187 25/398] semantic=0.308 depth=0.280 normal=0.113
[187 50/398] semantic=0.208 depth=0.321 normal=0.156
[187 75/398] semantic=0.312 depth=0.331 normal=0.101
[187 100/398] semantic=0.265 depth=0.197 normal=0.096
[187 125/398] semantic=0.315 depth=0.258 normal=0.182
[187 150/398] semantic=0.217 depth=0.277 normal=0.098
[187 175/398] semantic=0.314 depth=0.347 normal=0.123
[187 200/398] semantic=0.801 depth=0.462 normal=0.173
[187 225/398] semantic=0.620 depth=0.303 normal=0.134
[187 250/398] semantic=0.231 depth=0.258 normal=0.085
[187 275/398] semantic=0.578 depth=0.380 normal=0.157
[187 300/398] semantic=0.393 depth=0.337 normal=0.177
[187 325/398] semantic=0.241 depth=0.286 normal=0.113
[187 350/398] semantic=0.233 depth=0.252 normal=0.167
[187 375/398] semantic=0.548 depth=0.269 normal=0.122
[187 398/398] semantic=0.425 depth=0.469 normal=0.088
Epoch 187: mIoU=35.690 pix=61.741 abs=0.5762 rel=0.2380 normal_mean=30.949 delta=16.029 wall_h=104.030
[188 1/398] semantic=0.423 depth=0.324 normal=0.166
[188 25/398] semantic=0.580 depth=0.517 normal=0.150
[188 50/398] semantic=1.034 depth=0.335 normal=0.157
[188 75/398] semantic=0.260 depth=0.303 normal=0.087
[188 100/398] semantic=0.262 depth=0.198 normal=0.097
[188 125/398] semantic=0.939 depth=0.219 normal=0.175
[188 150/398] semantic=0.286 depth=0.213 normal=0.106
[188 175/398] semantic=0.388 depth=0.227 normal=0.135
[188 200/398] semantic=0.286 depth=0.303 normal=0.126
[188 225/398] semantic=0.384 depth=0.260 normal=0.129
[188 250/398] semantic=0.475 depth=0.484 normal=0.182
[188 275/398] semantic=0.441 depth=0.384 normal=0.120
[188 300/398] semantic=0.590 depth=0.347 normal=0.181
[188 325/398] semantic=0.531 depth=0.443 normal=0.158
[188 350/398] semantic=0.422 depth=0.656 normal=0.165
[188 375/398] semantic=0.470 depth=0.224 normal=0.160
[188 398/398] semantic=0.200 depth=0.205 normal=0.161
Epoch 188: mIoU=34.366 pix=61.122 abs=0.5836 rel=0.2304 normal_mean=30.902 delta=15.802 wall_h=104.625
[189 1/398] semantic=0.462 depth=0.298 normal=0.192
[189 25/398] semantic=0.521 depth=0.252 normal=0.118
[189 50/398] semantic=0.317 depth=0.390 normal=0.160
[189 75/398] semantic=0.224 depth=0.266 normal=0.111
[189 100/398] semantic=0.245 depth=0.222 normal=0.112
[189 125/398] semantic=0.272 depth=0.333 normal=0.135
[189 150/398] semantic=0.326 depth=0.457 normal=0.157
[189 175/398] semantic=0.421 depth=0.315 normal=0.132
[189 200/398] semantic=0.389 depth=0.488 normal=0.146
[189 225/398] semantic=0.637 depth=0.323 normal=0.151
[189 250/398] semantic=0.237 depth=0.263 normal=0.107
[189 275/398] semantic=0.376 depth=0.185 normal=0.099
[189 300/398] semantic=0.232 depth=0.344 normal=0.113
[189 325/398] semantic=0.295 depth=0.354 normal=0.125
[189 350/398] semantic=0.257 depth=0.237 normal=0.132
[189 375/398] semantic=0.452 depth=0.272 normal=0.138
[189 398/398] semantic=0.233 depth=0.342 normal=0.186
Epoch 189: mIoU=36.395 pix=62.687 abs=0.5747 rel=0.2488 normal_mean=32.018 delta=18.676 wall_h=105.232
[190 1/398] semantic=0.355 depth=0.354 normal=0.098
[190 25/398] semantic=0.331 depth=0.240 normal=0.129
[190 50/398] semantic=0.418 depth=0.276 normal=0.113
[190 75/398] semantic=0.257 depth=0.252 normal=0.105
[190 100/398] semantic=0.583 depth=0.256 normal=0.173
[190 125/398] semantic=0.229 depth=0.191 normal=0.098
[190 150/398] semantic=0.301 depth=0.280 normal=0.142
[190 175/398] semantic=0.440 depth=0.320 normal=0.175
[190 200/398] semantic=0.408 depth=0.470 normal=0.120
[190 225/398] semantic=0.265 depth=0.339 normal=0.109
[190 250/398] semantic=0.182 depth=0.295 normal=0.147
[190 275/398] semantic=0.286 depth=0.247 normal=0.124
[190 300/398] semantic=0.358 depth=0.341 normal=0.110
[190 325/398] semantic=0.391 depth=0.259 normal=0.095
[190 350/398] semantic=0.320 depth=0.284 normal=0.090
[190 375/398] semantic=0.182 depth=0.283 normal=0.112
[190 398/398] semantic=0.754 depth=0.331 normal=0.193
Epoch 190: mIoU=34.318 pix=61.657 abs=0.5819 rel=0.2414 normal_mean=31.894 delta=19.314 wall_h=105.781
[191 1/398] semantic=0.224 depth=0.309 normal=0.099
[191 25/398] semantic=0.341 depth=0.306 normal=0.113
[191 50/398] semantic=0.365 depth=0.218 normal=0.092
[191 75/398] semantic=0.348 depth=0.348 normal=0.160
[191 100/398] semantic=1.010 depth=0.276 normal=0.197
[191 125/398] semantic=0.472 depth=0.385 normal=0.147
[191 150/398] semantic=0.787 depth=0.281 normal=0.158
[191 175/398] semantic=0.357 depth=0.260 normal=0.122
[191 200/398] semantic=0.320 depth=0.263 normal=0.220
[191 225/398] semantic=0.691 depth=0.274 normal=0.174
[191 250/398] semantic=0.475 depth=0.347 normal=0.124
[191 275/398] semantic=0.213 depth=0.269 normal=0.078
[191 300/398] semantic=0.413 depth=0.345 normal=0.105
[191 325/398] semantic=0.550 depth=0.373 normal=0.180
[191 350/398] semantic=0.402 depth=0.296 normal=0.139
[191 375/398] semantic=1.048 depth=0.260 normal=0.204
[191 398/398] semantic=0.290 depth=0.336 normal=0.100
Epoch 191: mIoU=36.474 pix=61.941 abs=0.5857 rel=0.2315 normal_mean=30.919 delta=16.193 wall_h=106.338
[192 1/398] semantic=0.357 depth=0.227 normal=0.130
[192 25/398] semantic=0.337 depth=0.400 normal=0.117
[192 50/398] semantic=0.372 depth=0.357 normal=0.166
[192 75/398] semantic=0.386 depth=0.199 normal=0.111
[192 100/398] semantic=0.219 depth=0.375 normal=0.097
[192 125/398] semantic=0.296 depth=0.327 normal=0.105
[192 150/398] semantic=0.400 depth=0.290 normal=0.148
[192 175/398] semantic=0.490 depth=0.315 normal=0.172
[192 200/398] semantic=0.215 depth=0.460 normal=0.141
[192 225/398] semantic=0.521 depth=0.221 normal=0.105
[192 250/398] semantic=0.558 depth=0.564 normal=0.172
[192 275/398] semantic=0.267 depth=0.203 normal=0.134
[192 300/398] semantic=0.554 depth=0.547 normal=0.172
[192 325/398] semantic=0.413 depth=0.351 normal=0.151
[192 350/398] semantic=0.577 depth=0.385 normal=0.120
[192 375/398] semantic=0.243 depth=0.260 normal=0.111
[192 398/398] semantic=0.779 depth=0.220 normal=0.152
Epoch 192: mIoU=34.143 pix=61.002 abs=0.5849 rel=0.2241 normal_mean=30.455 delta=15.262 wall_h=106.895
[193 1/398] semantic=0.344 depth=0.309 normal=0.154
[193 25/398] semantic=0.407 depth=0.222 normal=0.103
[193 50/398] semantic=0.369 depth=0.445 normal=0.150
[193 75/398] semantic=0.484 depth=0.296 normal=0.157
[193 100/398] semantic=0.313 depth=0.314 normal=0.113
[193 125/398] semantic=0.432 depth=0.276 normal=0.129
[193 150/398] semantic=0.523 depth=0.215 normal=0.140
[193 175/398] semantic=0.437 depth=0.228 normal=0.122
[193 200/398] semantic=0.361 depth=0.286 normal=0.152
[193 225/398] semantic=0.562 depth=0.376 normal=0.158
[193 250/398] semantic=0.406 depth=0.209 normal=0.125
[193 275/398] semantic=0.447 depth=0.304 normal=0.154
[193 300/398] semantic=0.296 depth=0.240 normal=0.111
[193 325/398] semantic=0.363 depth=0.296 normal=0.160
[193 350/398] semantic=0.331 depth=0.295 normal=0.137
[193 375/398] semantic=0.306 depth=0.222 normal=0.089
[193 398/398] semantic=0.225 depth=0.265 normal=0.104
Epoch 193: mIoU=35.450 pix=61.902 abs=0.5663 rel=0.2248 normal_mean=31.203 delta=15.788 wall_h=107.447
[194 1/398] semantic=0.258 depth=0.320 normal=0.124
[194 25/398] semantic=0.318 depth=0.232 normal=0.100
[194 50/398] semantic=0.505 depth=0.201 normal=0.109
[194 75/398] semantic=0.533 depth=0.311 normal=0.145
[194 100/398] semantic=0.350 depth=0.218 normal=0.135
[194 125/398] semantic=0.228 depth=0.343 normal=0.093
[194 150/398] semantic=0.446 depth=0.234 normal=0.167
[194 175/398] semantic=0.313 depth=0.167 normal=0.106
[194 200/398] semantic=0.509 depth=0.359 normal=0.141
[194 225/398] semantic=0.259 depth=0.188 normal=0.087
[194 250/398] semantic=0.309 depth=0.324 normal=0.121
[194 275/398] semantic=0.693 depth=0.367 normal=0.134
[194 300/398] semantic=0.367 depth=0.350 normal=0.125
[194 325/398] semantic=0.258 depth=0.446 normal=0.117
[194 350/398] semantic=0.461 depth=0.290 normal=0.168
[194 375/398] semantic=1.049 depth=0.202 normal=0.158
[194 398/398] semantic=0.604 depth=0.216 normal=0.146
Epoch 194: mIoU=35.370 pix=62.250 abs=0.6109 rel=0.2362 normal_mean=30.642 delta=15.963 wall_h=108.019
[195 1/398] semantic=0.392 depth=0.366 normal=0.148
[195 25/398] semantic=0.307 depth=0.262 normal=0.126
[195 50/398] semantic=0.401 depth=0.340 normal=0.095
[195 75/398] semantic=0.423 depth=0.322 normal=0.110
[195 100/398] semantic=0.292 depth=0.346 normal=0.111
[195 125/398] semantic=0.310 depth=0.214 normal=0.112
[195 150/398] semantic=0.353 depth=0.265 normal=0.133
[195 175/398] semantic=0.219 depth=0.185 normal=0.105
[195 200/398] semantic=0.267 depth=0.180 normal=0.081
[195 225/398] semantic=0.265 depth=0.287 normal=0.108
[195 250/398] semantic=0.293 depth=0.303 normal=0.151
[195 275/398] semantic=0.228 depth=0.298 normal=0.103
[195 300/398] semantic=0.609 depth=0.213 normal=0.145
[195 325/398] semantic=0.291 depth=0.229 normal=0.140
[195 350/398] semantic=0.415 depth=0.283 normal=0.121
[195 375/398] semantic=0.224 depth=0.201 normal=0.107
[195 398/398] semantic=0.240 depth=0.353 normal=0.142
Epoch 195: mIoU=36.333 pix=62.899 abs=0.5670 rel=0.2308 normal_mean=31.814 delta=18.715 wall_h=108.565
[196 1/398] semantic=0.347 depth=0.266 normal=0.147
[196 25/398] semantic=0.331 depth=0.227 normal=0.107
[196 50/398] semantic=0.145 depth=0.250 normal=0.078
[196 75/398] semantic=0.392 depth=0.352 normal=0.153
[196 100/398] semantic=0.391 depth=0.388 normal=0.120
[196 125/398] semantic=0.376 depth=0.183 normal=0.071
[196 150/398] semantic=0.712 depth=0.275 normal=0.203
[196 175/398] semantic=0.225 depth=0.247 normal=0.116
[196 200/398] semantic=0.202 depth=0.253 normal=0.093
[196 225/398] semantic=0.329 depth=0.253 normal=0.103
[196 250/398] semantic=0.184 depth=0.287 normal=0.103
[196 275/398] semantic=0.339 depth=0.291 normal=0.118
[196 300/398] semantic=0.406 depth=0.181 normal=0.096
[196 325/398] semantic=0.229 depth=0.444 normal=0.184
[196 350/398] semantic=2.333 depth=0.237 normal=0.168
[196 375/398] semantic=0.302 depth=0.316 normal=0.096
[196 398/398] semantic=0.522 depth=0.449 normal=0.165
Epoch 196: mIoU=36.010 pix=62.240 abs=0.5685 rel=0.2408 normal_mean=31.145 delta=17.373 wall_h=109.122
[197 1/398] semantic=0.241 depth=0.367 normal=0.121
[197 25/398] semantic=0.467 depth=0.448 normal=0.180
[197 50/398] semantic=0.401 depth=0.172 normal=0.119
[197 75/398] semantic=0.203 depth=0.267 normal=0.086
[197 100/398] semantic=0.333 depth=0.193 normal=0.104
[197 125/398] semantic=0.340 depth=0.185 normal=0.101
[197 150/398] semantic=0.359 depth=0.341 normal=0.153
[197 175/398] semantic=0.407 depth=0.395 normal=0.141
[197 200/398] semantic=0.323 depth=0.159 normal=0.156
[197 225/398] semantic=0.354 depth=0.237 normal=0.120
[197 250/398] semantic=0.215 depth=0.270 normal=0.133
[197 275/398] semantic=0.751 depth=0.377 normal=0.124
[197 300/398] semantic=0.320 depth=0.267 normal=0.164
[197 325/398] semantic=0.185 depth=0.310 normal=0.124
[197 350/398] semantic=0.230 depth=0.272 normal=0.126
[197 375/398] semantic=0.437 depth=0.206 normal=0.139
[197 398/398] semantic=0.251 depth=0.227 normal=0.097
Epoch 197: mIoU=35.740 pix=61.053 abs=0.5959 rel=0.2362 normal_mean=31.809 delta=18.418 wall_h=109.846
[198 1/398] semantic=0.291 depth=0.179 normal=0.081
[198 25/398] semantic=0.285 depth=0.328 normal=0.135
[198 50/398] semantic=0.268 depth=0.304 normal=0.128
[198 75/398] semantic=0.273 depth=0.294 normal=0.097
[198 100/398] semantic=0.624 depth=0.201 normal=0.172
[198 125/398] semantic=0.299 depth=0.209 normal=0.099
[198 150/398] semantic=0.360 depth=0.456 normal=0.171
[198 175/398] semantic=0.730 depth=0.214 normal=0.130
[198 200/398] semantic=0.522 depth=0.189 normal=0.128
[198 225/398] semantic=0.549 depth=0.370 normal=0.149
[198 250/398] semantic=0.678 depth=0.396 normal=0.171
[198 275/398] semantic=0.374 depth=0.216 normal=0.103
[198 300/398] semantic=0.345 depth=0.362 normal=0.100
[198 325/398] semantic=0.363 depth=0.371 normal=0.155
[198 350/398] semantic=0.217 depth=0.308 normal=0.103
[198 375/398] semantic=0.657 depth=0.354 normal=0.146
[198 398/398] semantic=0.547 depth=0.200 normal=0.170
Epoch 198: mIoU=33.894 pix=59.779 abs=0.5940 rel=0.2418 normal_mean=31.574 delta=19.673 wall_h=110.588
[199 1/398] semantic=0.272 depth=0.225 normal=0.105
[199 25/398] semantic=0.494 depth=0.410 normal=0.173
[199 50/398] semantic=0.297 depth=0.238 normal=0.118
[199 75/398] semantic=0.373 depth=0.294 normal=0.148
[199 100/398] semantic=0.249 depth=0.300 normal=0.139
[199 125/398] semantic=0.384 depth=0.278 normal=0.122
[199 150/398] semantic=0.598 depth=0.378 normal=0.164
[199 175/398] semantic=0.461 depth=0.329 normal=0.216
[199 200/398] semantic=0.260 depth=0.250 normal=0.113
[199 225/398] semantic=0.356 depth=0.209 normal=0.112
[199 250/398] semantic=0.212 depth=0.237 normal=0.111
[199 275/398] semantic=0.639 depth=0.319 normal=0.160
[199 300/398] semantic=0.408 depth=0.259 normal=0.100
[199 325/398] semantic=0.211 depth=0.317 normal=0.117
[199 350/398] semantic=0.293 depth=0.226 normal=0.097
[199 375/398] semantic=0.489 depth=0.317 normal=0.144
[199 398/398] semantic=0.383 depth=0.221 normal=0.124
Epoch 199: mIoU=34.849 pix=61.556 abs=0.5803 rel=0.2341 normal_mean=31.275 delta=17.317 wall_h=111.139
[200 1/398] semantic=0.615 depth=0.333 normal=0.085
[200 25/398] semantic=0.245 depth=0.189 normal=0.095
[200 50/398] semantic=0.291 depth=0.247 normal=0.155
[200 75/398] semantic=0.206 depth=0.232 normal=0.076
[200 100/398] semantic=0.347 depth=0.615 normal=0.156
[200 125/398] semantic=0.209 depth=0.371 normal=0.123
[200 150/398] semantic=0.170 depth=0.257 normal=0.107
[200 175/398] semantic=0.373 depth=0.352 normal=0.151
[200 200/398] semantic=0.360 depth=0.281 normal=0.133
[200 225/398] semantic=0.425 depth=0.317 normal=0.104
[200 250/398] semantic=0.337 depth=0.431 normal=0.152
[200 275/398] semantic=0.379 depth=0.292 normal=0.170
[200 300/398] semantic=0.217 depth=0.310 normal=0.100
[200 325/398] semantic=0.557 depth=0.208 normal=0.105
[200 350/398] semantic=0.321 depth=0.418 normal=0.105
[200 375/398] semantic=0.323 depth=0.289 normal=0.194
[200 398/398] semantic=0.254 depth=0.152 normal=0.078
Epoch 200: mIoU=36.468 pix=62.936 abs=0.5544 rel=0.2276 normal_mean=31.246 delta=15.171 wall_h=111.713
