RUN dataset=nyuv2 method=modo seed=42 lr=0.0001 batch=2 epochs=200
RESULT /mloscratch/homes/mirrokni/LMO-MOO/results/nyuv2/modo_sd42.stats
CHECKPOINT /mloscratch/homes/mirrokni/LMO-MOO/results/checkpoints/nyuv2/modo_sd42.pt
[1 1/398] semantic=2.832 depth=1.367 normal=1.207
[1 25/398] semantic=2.520 depth=0.984 normal=0.460
[1 50/398] semantic=2.486 depth=1.014 normal=0.415
[1 75/398] semantic=1.684 depth=0.721 normal=0.437
[1 100/398] semantic=1.657 depth=1.358 normal=0.433
[1 125/398] semantic=1.714 depth=0.787 normal=0.286
[1 150/398] semantic=2.305 depth=0.538 normal=0.349
[1 175/398] semantic=1.774 depth=0.976 normal=0.345
[1 200/398] semantic=2.042 depth=0.766 normal=0.296
[1 225/398] semantic=1.643 depth=1.316 normal=0.358
[1 250/398] semantic=1.658 depth=0.714 normal=0.323
[1 275/398] semantic=1.534 depth=0.482 normal=0.400
[1 300/398] semantic=1.723 depth=0.716 normal=0.338
[1 325/398] semantic=1.717 depth=0.661 normal=0.272
[1 350/398] semantic=1.566 depth=0.664 normal=0.287
[1 375/398] semantic=1.736 depth=1.603 normal=0.294
[1 398/398] semantic=2.281 depth=0.323 normal=0.294
Epoch 001: mIoU=8.301 pix=37.923 abs=0.8800 rel=0.3259 normal_mean=43.720 delta=63.768 wall_h=0.304
[2 1/398] semantic=1.491 depth=1.160 normal=0.295
[2 25/398] semantic=1.571 depth=1.150 normal=0.335
[2 50/398] semantic=1.700 depth=0.590 normal=0.271
[2 75/398] semantic=2.028 depth=0.756 normal=0.319
[2 100/398] semantic=2.147 depth=1.438 normal=0.365
[2 125/398] semantic=1.776 depth=0.382 normal=0.382
[2 150/398] semantic=1.498 depth=0.664 normal=0.340
[2 175/398] semantic=1.704 depth=0.669 normal=0.227
[2 200/398] semantic=1.882 depth=0.574 normal=0.219
[2 225/398] semantic=1.244 depth=0.904 normal=0.450
[2 250/398] semantic=1.417 depth=1.937 normal=0.259
[2 275/398] semantic=1.895 depth=0.836 normal=0.340
[2 300/398] semantic=1.910 depth=0.629 normal=0.334
[2 325/398] semantic=1.800 depth=0.389 normal=0.272
[2 350/398] semantic=1.986 depth=1.269 normal=0.351
[2 375/398] semantic=1.856 depth=1.059 normal=0.360
[2 398/398] semantic=1.620 depth=0.629 normal=0.421
Epoch 002: mIoU=10.171 pix=37.430 abs=0.8928 rel=0.3194 normal_mean=42.683 delta=61.532 wall_h=0.598
[3 1/398] semantic=1.939 depth=0.581 normal=0.285
[3 25/398] semantic=2.022 depth=0.543 normal=0.284
[3 50/398] semantic=1.638 depth=1.243 normal=0.357
[3 75/398] semantic=1.794 depth=0.723 normal=0.294
[3 100/398] semantic=1.640 depth=0.949 normal=0.429
[3 125/398] semantic=1.440 depth=0.543 normal=0.337
[3 150/398] semantic=1.999 depth=0.732 normal=0.350
[3 175/398] semantic=1.638 depth=1.368 normal=0.287
[3 200/398] semantic=1.878 depth=0.851 normal=0.311
[3 225/398] semantic=1.786 depth=1.679 normal=0.363
[3 250/398] semantic=1.677 depth=0.494 normal=0.281
[3 275/398] semantic=2.077 depth=0.688 normal=0.287
[3 300/398] semantic=1.904 depth=0.398 normal=0.208
[3 325/398] semantic=1.854 depth=0.560 normal=0.344
[3 350/398] semantic=1.940 depth=0.737 normal=0.361
[3 375/398] semantic=1.283 depth=1.223 normal=0.253
[3 398/398] semantic=1.721 depth=1.145 normal=0.169
Epoch 003: mIoU=10.645 pix=42.345 abs=0.8857 rel=0.3187 normal_mean=40.342 delta=54.823 wall_h=0.892
[4 1/398] semantic=1.439 depth=0.616 normal=0.285
[4 25/398] semantic=1.787 depth=0.504 normal=0.252
[4 50/398] semantic=1.501 depth=0.749 normal=0.238
[4 75/398] semantic=2.197 depth=0.480 normal=0.259
[4 100/398] semantic=1.994 depth=1.010 normal=0.303
[4 125/398] semantic=2.049 depth=0.931 normal=0.320
[4 150/398] semantic=1.781 depth=0.381 normal=0.274
[4 175/398] semantic=1.545 depth=0.527 normal=0.344
[4 200/398] semantic=1.697 depth=0.469 normal=0.310
[4 225/398] semantic=1.626 depth=0.715 normal=0.220
[4 250/398] semantic=1.657 depth=1.081 normal=0.234
[4 275/398] semantic=1.559 depth=0.860 normal=0.245
[4 300/398] semantic=1.489 depth=1.033 normal=0.284
[4 325/398] semantic=1.921 depth=0.610 normal=0.276
[4 350/398] semantic=1.769 depth=0.715 normal=0.429
[4 375/398] semantic=1.878 depth=0.668 normal=0.246
[4 398/398] semantic=1.609 depth=1.152 normal=0.325
Epoch 004: mIoU=12.039 pix=42.866 abs=0.8526 rel=0.3205 normal_mean=39.922 delta=53.972 wall_h=1.184
[5 1/398] semantic=1.617 depth=0.847 normal=0.271
[5 25/398] semantic=1.954 depth=1.029 normal=0.459
[5 50/398] semantic=1.574 depth=0.701 normal=0.322
[5 75/398] semantic=1.334 depth=1.169 normal=0.289
[5 100/398] semantic=1.843 depth=0.709 normal=0.297
[5 125/398] semantic=1.630 depth=0.975 normal=0.359
[5 150/398] semantic=2.340 depth=0.989 normal=0.293
[5 175/398] semantic=1.382 depth=0.624 normal=0.289
[5 200/398] semantic=1.843 depth=0.531 normal=0.324
[5 225/398] semantic=2.163 depth=1.555 normal=0.306
[5 250/398] semantic=1.273 depth=0.488 normal=0.250
[5 275/398] semantic=1.635 depth=0.590 normal=0.267
[5 300/398] semantic=1.545 depth=0.836 normal=0.234
[5 325/398] semantic=1.380 depth=1.328 normal=0.300
[5 350/398] semantic=1.609 depth=0.408 normal=0.227
[5 375/398] semantic=1.368 depth=0.985 normal=0.250
[5 398/398] semantic=1.700 depth=0.378 normal=0.272
Epoch 005: mIoU=12.985 pix=44.180 abs=0.8349 rel=0.2995 normal_mean=38.883 delta=50.207 wall_h=1.477
[6 1/398] semantic=1.591 depth=0.836 normal=0.211
[6 25/398] semantic=1.584 depth=0.405 normal=0.287
[6 50/398] semantic=1.930 depth=0.451 normal=0.283
[6 75/398] semantic=1.874 depth=1.104 normal=0.258
[6 100/398] semantic=1.388 depth=0.306 normal=0.254
[6 125/398] semantic=1.539 depth=0.993 normal=0.273
[6 150/398] semantic=1.664 depth=0.630 normal=0.219
[6 175/398] semantic=2.233 depth=0.484 normal=0.299
[6 200/398] semantic=1.459 depth=0.878 normal=0.317
[6 225/398] semantic=2.231 depth=0.732 normal=0.384
[6 250/398] semantic=1.626 depth=0.884 normal=0.202
[6 275/398] semantic=1.420 depth=0.369 normal=0.229
[6 300/398] semantic=1.707 depth=0.771 normal=0.373
[6 325/398] semantic=1.238 depth=0.814 normal=0.190
[6 350/398] semantic=1.620 depth=0.582 normal=0.281
[6 375/398] semantic=1.613 depth=0.529 normal=0.304
[6 398/398] semantic=1.826 depth=0.857 normal=0.264
Epoch 006: mIoU=12.910 pix=44.464 abs=0.8422 rel=0.3007 normal_mean=37.846 delta=47.395 wall_h=1.770
[7 1/398] semantic=1.669 depth=0.677 normal=0.244
[7 25/398] semantic=1.410 depth=0.469 normal=0.200
[7 50/398] semantic=1.304 depth=0.814 normal=0.207
[7 75/398] semantic=1.562 depth=0.672 normal=0.270
[7 100/398] semantic=1.820 depth=0.865 normal=0.268
[7 125/398] semantic=1.966 depth=0.489 normal=0.245
[7 150/398] semantic=1.341 depth=1.074 normal=0.374
[7 175/398] semantic=1.449 depth=0.741 normal=0.284
[7 200/398] semantic=1.394 depth=0.524 normal=0.240
[7 225/398] semantic=1.667 depth=0.819 normal=0.235
[7 250/398] semantic=1.773 depth=0.740 normal=0.306
[7 275/398] semantic=1.562 depth=0.960 normal=0.338
[7 300/398] semantic=1.517 depth=0.440 normal=0.272
[7 325/398] semantic=1.429 depth=0.752 normal=0.185
[7 350/398] semantic=1.857 depth=0.568 normal=0.256
[7 375/398] semantic=1.795 depth=0.691 normal=0.427
[7 398/398] semantic=1.607 depth=1.157 normal=0.194
Epoch 007: mIoU=14.538 pix=46.268 abs=0.8170 rel=0.3021 normal_mean=36.876 delta=44.448 wall_h=2.063
[8 1/398] semantic=2.374 depth=0.684 normal=0.279
[8 25/398] semantic=1.961 depth=0.609 normal=0.265
[8 50/398] semantic=1.449 depth=0.485 normal=0.223
[8 75/398] semantic=1.541 depth=0.555 normal=0.332
[8 100/398] semantic=1.507 depth=0.522 normal=0.263
[8 125/398] semantic=1.371 depth=0.492 normal=0.305
[8 150/398] semantic=1.374 depth=1.184 normal=0.264
[8 175/398] semantic=2.149 depth=1.054 normal=0.288
[8 200/398] semantic=1.879 depth=1.344 normal=0.327
[8 225/398] semantic=1.578 depth=1.098 normal=0.341
[8 250/398] semantic=1.622 depth=0.425 normal=0.207
[8 275/398] semantic=2.171 depth=0.344 normal=0.219
[8 300/398] semantic=1.409 depth=0.565 normal=0.228
[8 325/398] semantic=1.404 depth=0.932 normal=0.295
[8 350/398] semantic=1.501 depth=0.665 normal=0.206
[8 375/398] semantic=1.687 depth=0.664 normal=0.257
[8 398/398] semantic=1.387 depth=0.613 normal=0.336
Epoch 008: mIoU=13.675 pix=46.035 abs=0.8809 rel=0.3034 normal_mean=36.262 delta=44.593 wall_h=2.365
[9 1/398] semantic=1.155 depth=0.844 normal=0.213
[9 25/398] semantic=1.767 depth=0.597 normal=0.248
[9 50/398] semantic=2.167 depth=0.893 normal=0.394
[9 75/398] semantic=1.643 depth=0.870 normal=0.221
[9 100/398] semantic=1.408 depth=0.561 normal=0.267
[9 125/398] semantic=1.354 depth=0.989 normal=0.299
[9 150/398] semantic=2.046 depth=0.770 normal=0.209
[9 175/398] semantic=1.570 depth=0.445 normal=0.213
[9 200/398] semantic=1.054 depth=0.628 normal=0.263
[9 225/398] semantic=2.028 depth=0.632 normal=0.259
[9 250/398] semantic=2.206 depth=0.758 normal=0.254
[9 275/398] semantic=1.499 depth=0.673 normal=0.303
[9 300/398] semantic=1.800 depth=0.681 normal=0.248
[9 325/398] semantic=1.361 depth=1.220 normal=0.284
[9 350/398] semantic=1.816 depth=0.709 normal=0.263
[9 375/398] semantic=1.507 depth=0.332 normal=0.221
[9 398/398] semantic=1.749 depth=0.648 normal=0.321
Epoch 009: mIoU=15.547 pix=46.172 abs=0.7686 rel=0.2917 normal_mean=36.548 delta=42.245 wall_h=2.660
[10 1/398] semantic=1.626 depth=0.682 normal=0.289
[10 25/398] semantic=1.535 depth=0.431 normal=0.215
[10 50/398] semantic=1.512 depth=0.694 normal=0.199
[10 75/398] semantic=1.225 depth=0.901 normal=0.261
[10 100/398] semantic=1.493 depth=0.418 normal=0.236
[10 125/398] semantic=1.423 depth=1.211 normal=0.224
[10 150/398] semantic=2.152 depth=0.912 normal=0.257
[10 175/398] semantic=2.623 depth=0.313 normal=0.203
[10 200/398] semantic=1.449 depth=0.717 normal=0.233
[10 225/398] semantic=1.942 depth=0.560 normal=0.215
[10 250/398] semantic=1.509 depth=0.778 normal=0.270
[10 275/398] semantic=1.617 depth=1.083 normal=0.267
[10 300/398] semantic=1.519 depth=0.685 normal=0.292
[10 325/398] semantic=1.336 depth=0.582 normal=0.193
[10 350/398] semantic=1.234 depth=0.793 normal=0.288
[10 375/398] semantic=1.671 depth=0.628 normal=0.274
[10 398/398] semantic=1.582 depth=0.643 normal=0.247
Epoch 010: mIoU=15.976 pix=47.164 abs=0.7576 rel=0.3134 normal_mean=34.952 delta=38.905 wall_h=2.960
[11 1/398] semantic=1.232 depth=0.970 normal=0.242
[11 25/398] semantic=1.346 depth=0.727 normal=0.219
[11 50/398] semantic=1.694 depth=0.911 normal=0.363
[11 75/398] semantic=1.898 depth=0.563 normal=0.214
[11 100/398] semantic=2.022 depth=0.518 normal=0.267
[11 125/398] semantic=1.108 depth=0.464 normal=0.208
[11 150/398] semantic=1.277 depth=0.476 normal=0.200
[11 175/398] semantic=1.108 depth=0.830 normal=0.274
[11 200/398] semantic=1.956 depth=0.458 normal=0.219
[11 225/398] semantic=1.614 depth=1.254 normal=0.260
[11 250/398] semantic=1.106 depth=0.431 normal=0.178
[11 275/398] semantic=1.275 depth=0.762 normal=0.238
[11 300/398] semantic=1.103 depth=0.534 normal=0.201
[11 325/398] semantic=1.547 depth=0.591 normal=0.239
[11 350/398] semantic=1.462 depth=0.363 normal=0.187
[11 375/398] semantic=1.456 depth=0.515 normal=0.244
[11 398/398] semantic=1.810 depth=0.541 normal=0.325
Epoch 011: mIoU=15.206 pix=47.791 abs=0.7869 rel=0.2857 normal_mean=34.873 delta=38.582 wall_h=3.259
[12 1/398] semantic=1.687 depth=0.906 normal=0.228
[12 25/398] semantic=1.515 depth=0.386 normal=0.201
[12 50/398] semantic=2.001 depth=0.580 normal=0.272
[12 75/398] semantic=1.383 depth=0.719 normal=0.279
[12 100/398] semantic=1.471 depth=1.153 normal=0.280
[12 125/398] semantic=1.397 depth=0.384 normal=0.192
[12 150/398] semantic=1.700 depth=0.438 normal=0.294
[12 175/398] semantic=1.659 depth=0.982 normal=0.232
[12 200/398] semantic=1.240 depth=1.205 normal=0.206
[12 225/398] semantic=1.668 depth=1.398 normal=0.289
[12 250/398] semantic=1.794 depth=0.632 normal=0.268
[12 275/398] semantic=1.208 depth=0.547 normal=0.240
[12 300/398] semantic=1.854 depth=0.666 normal=0.216
[12 325/398] semantic=1.881 depth=0.614 normal=0.213
[12 350/398] semantic=1.605 depth=0.636 normal=0.209
[12 375/398] semantic=2.456 depth=1.151 normal=0.287
[12 398/398] semantic=1.910 depth=0.421 normal=0.229
Epoch 012: mIoU=16.208 pix=49.938 abs=0.7283 rel=0.2822 normal_mean=34.284 delta=35.235 wall_h=3.560
[13 1/398] semantic=1.460 depth=0.490 normal=0.188
[13 25/398] semantic=1.578 depth=0.907 normal=0.243
[13 50/398] semantic=1.513 depth=0.692 normal=0.314
[13 75/398] semantic=1.353 depth=0.920 normal=0.210
[13 100/398] semantic=1.421 depth=0.516 normal=0.206
[13 125/398] semantic=1.706 depth=0.492 normal=0.252
[13 150/398] semantic=2.790 depth=0.616 normal=0.317
[13 175/398] semantic=1.617 depth=1.289 normal=0.340
[13 200/398] semantic=0.968 depth=0.614 normal=0.199
[13 225/398] semantic=1.772 depth=0.571 normal=0.292
[13 250/398] semantic=1.193 depth=0.680 normal=0.235
[13 275/398] semantic=1.773 depth=0.515 normal=0.210
[13 300/398] semantic=1.414 depth=0.574 normal=0.227
[13 325/398] semantic=1.345 depth=0.914 normal=0.287
[13 350/398] semantic=1.653 depth=0.404 normal=0.272
[13 375/398] semantic=1.451 depth=0.924 normal=0.257
[13 398/398] semantic=1.621 depth=0.349 normal=0.238
Epoch 013: mIoU=17.569 pix=49.483 abs=0.7299 rel=0.2877 normal_mean=33.678 delta=33.170 wall_h=3.876
[14 1/398] semantic=1.901 depth=0.670 normal=0.270
[14 25/398] semantic=1.821 depth=0.621 normal=0.249
[14 50/398] semantic=1.278 depth=1.192 normal=0.216
[14 75/398] semantic=1.481 depth=0.784 normal=0.237
[14 100/398] semantic=1.409 depth=0.728 normal=0.269
[14 125/398] semantic=2.520 depth=0.621 normal=0.241
[14 150/398] semantic=1.410 depth=0.753 normal=0.256
[14 175/398] semantic=1.105 depth=0.812 normal=0.308
[14 200/398] semantic=2.010 depth=1.166 normal=0.320
[14 225/398] semantic=1.472 depth=0.640 normal=0.271
[14 250/398] semantic=1.325 depth=0.493 normal=0.188
[14 275/398] semantic=1.080 depth=0.645 normal=0.179
[14 300/398] semantic=1.275 depth=0.884 normal=0.196
[14 325/398] semantic=1.281 depth=0.415 normal=0.170
[14 350/398] semantic=1.572 depth=0.547 normal=0.285
[14 375/398] semantic=1.973 depth=1.301 normal=0.279
[14 398/398] semantic=3.506 depth=0.859 normal=0.232
Epoch 014: mIoU=16.916 pix=48.600 abs=0.7083 rel=0.2818 normal_mean=34.103 delta=33.914 wall_h=4.183
[15 1/398] semantic=0.922 depth=0.407 normal=0.200
[15 25/398] semantic=1.387 depth=1.281 normal=0.217
[15 50/398] semantic=1.432 depth=0.700 normal=0.214
[15 75/398] semantic=1.830 depth=0.494 normal=0.257
[15 100/398] semantic=1.762 depth=0.531 normal=0.261
[15 125/398] semantic=2.339 depth=0.979 normal=0.423
[15 150/398] semantic=1.287 depth=0.613 normal=0.213
[15 175/398] semantic=1.572 depth=0.665 normal=0.262
[15 200/398] semantic=2.107 depth=0.631 normal=0.313
[15 225/398] semantic=1.778 depth=1.038 normal=0.345
[15 250/398] semantic=1.125 depth=0.867 normal=0.210
[15 275/398] semantic=1.609 depth=0.748 normal=0.292
[15 300/398] semantic=1.634 depth=1.097 normal=0.311
[15 325/398] semantic=1.081 depth=0.321 normal=0.177
[15 350/398] semantic=1.357 depth=0.653 normal=0.246
[15 375/398] semantic=0.920 depth=0.416 normal=0.241
[15 398/398] semantic=1.316 depth=0.440 normal=0.158
Epoch 015: mIoU=18.599 pix=51.702 abs=0.7122 rel=0.2798 normal_mean=33.055 delta=30.795 wall_h=4.490
[16 1/398] semantic=1.578 depth=0.598 normal=0.255
[16 25/398] semantic=1.598 depth=1.019 normal=0.213
[16 50/398] semantic=1.319 depth=0.434 normal=0.265
[16 75/398] semantic=1.469 depth=0.627 normal=0.184
[16 100/398] semantic=1.225 depth=0.560 normal=0.220
[16 125/398] semantic=1.967 depth=0.415 normal=0.237
[16 150/398] semantic=0.965 depth=0.486 normal=0.201
[16 175/398] semantic=1.264 depth=0.759 normal=0.296
[16 200/398] semantic=1.278 depth=0.308 normal=0.236
[16 225/398] semantic=1.310 depth=0.714 normal=0.241
[16 250/398] semantic=1.746 depth=0.831 normal=0.177
[16 275/398] semantic=1.317 depth=0.636 normal=0.252
[16 300/398] semantic=1.009 depth=0.326 normal=0.215
[16 325/398] semantic=0.930 depth=0.371 normal=0.196
[16 350/398] semantic=0.964 depth=0.837 normal=0.205
[16 375/398] semantic=1.525 depth=0.470 normal=0.197
[16 398/398] semantic=1.237 depth=1.753 normal=0.210
Epoch 016: mIoU=19.728 pix=51.114 abs=0.7743 rel=0.2803 normal_mean=34.350 delta=35.062 wall_h=4.796
[17 1/398] semantic=1.303 depth=0.329 normal=0.220
[17 25/398] semantic=2.282 depth=0.389 normal=0.237
[17 50/398] semantic=1.457 depth=0.534 normal=0.210
[17 75/398] semantic=1.642 depth=0.808 normal=0.257
[17 100/398] semantic=1.280 depth=0.541 normal=0.186
[17 125/398] semantic=1.675 depth=0.985 normal=0.242
[17 150/398] semantic=1.548 depth=0.859 normal=0.271
[17 175/398] semantic=1.356 depth=0.939 normal=0.227
[17 200/398] semantic=1.605 depth=0.537 normal=0.143
[17 225/398] semantic=1.267 depth=0.671 normal=0.233
[17 250/398] semantic=1.690 depth=0.537 normal=0.193
[17 275/398] semantic=2.072 depth=0.512 normal=0.280
[17 300/398] semantic=1.486 depth=0.799 normal=0.244
[17 325/398] semantic=1.213 depth=0.387 normal=0.195
[17 350/398] semantic=1.702 depth=0.903 normal=0.254
[17 375/398] semantic=1.239 depth=0.956 normal=0.240
[17 398/398] semantic=1.362 depth=0.210 normal=0.190
Epoch 017: mIoU=19.579 pix=51.385 abs=0.7308 rel=0.2792 normal_mean=32.956 delta=30.705 wall_h=5.093
[18 1/398] semantic=1.178 depth=0.569 normal=0.242
[18 25/398] semantic=2.139 depth=0.543 normal=0.190
[18 50/398] semantic=1.301 depth=0.554 normal=0.233
[18 75/398] semantic=0.926 depth=0.388 normal=0.177
[18 100/398] semantic=1.094 depth=0.374 normal=0.277
[18 125/398] semantic=1.262 depth=0.618 normal=0.178
[18 150/398] semantic=1.692 depth=0.277 normal=0.175
[18 175/398] semantic=1.474 depth=1.289 normal=0.195
[18 200/398] semantic=1.702 depth=0.442 normal=0.275
[18 225/398] semantic=1.946 depth=0.549 normal=0.211
[18 250/398] semantic=1.070 depth=0.501 normal=0.177
[18 275/398] semantic=2.058 depth=0.639 normal=0.233
[18 300/398] semantic=1.091 depth=0.654 normal=0.244
[18 325/398] semantic=1.311 depth=0.509 normal=0.223
[18 350/398] semantic=1.572 depth=0.608 normal=0.258
[18 375/398] semantic=1.192 depth=0.636 normal=0.300
[18 398/398] semantic=1.462 depth=1.379 normal=0.279
Epoch 018: mIoU=19.949 pix=52.066 abs=0.7130 rel=0.2729 normal_mean=32.783 delta=29.493 wall_h=5.392
[19 1/398] semantic=1.691 depth=1.025 normal=0.534
[19 25/398] semantic=1.191 depth=0.586 normal=0.203
[19 50/398] semantic=1.893 depth=0.781 normal=0.269
[19 75/398] semantic=1.325 depth=0.387 normal=0.216
[19 100/398] semantic=1.731 depth=0.663 normal=0.181
[19 125/398] semantic=1.481 depth=0.579 normal=0.239
[19 150/398] semantic=1.081 depth=1.295 normal=0.255
[19 175/398] semantic=1.599 depth=0.430 normal=0.234
[19 200/398] semantic=1.986 depth=0.487 normal=0.281
[19 225/398] semantic=1.018 depth=0.512 normal=0.218
[19 250/398] semantic=1.137 depth=0.586 normal=0.238
[19 275/398] semantic=1.269 depth=0.497 normal=0.176
[19 300/398] semantic=1.428 depth=0.380 normal=0.175
[19 325/398] semantic=1.406 depth=0.566 normal=0.249
[19 350/398] semantic=1.145 depth=1.015 normal=0.194
[19 375/398] semantic=1.041 depth=0.517 normal=0.218
[19 398/398] semantic=1.533 depth=0.517 normal=0.248
Epoch 019: mIoU=19.770 pix=52.237 abs=0.6632 rel=0.2685 normal_mean=32.113 delta=26.194 wall_h=5.690
[20 1/398] semantic=1.666 depth=0.813 normal=0.260
[20 25/398] semantic=1.182 depth=0.532 normal=0.172
[20 50/398] semantic=1.784 depth=0.738 normal=0.180
[20 75/398] semantic=1.735 depth=1.052 normal=0.214
[20 100/398] semantic=1.561 depth=0.626 normal=0.188
[20 125/398] semantic=1.287 depth=0.589 normal=0.234
[20 150/398] semantic=1.381 depth=0.375 normal=0.232
[20 175/398] semantic=1.167 depth=0.680 normal=0.204
[20 200/398] semantic=1.612 depth=0.326 normal=0.233
[20 225/398] semantic=1.385 depth=0.604 normal=0.178
[20 250/398] semantic=1.263 depth=0.493 normal=0.236
[20 275/398] semantic=1.502 depth=0.944 normal=0.193
[20 300/398] semantic=1.288 depth=0.790 normal=0.169
[20 325/398] semantic=1.854 depth=0.552 normal=0.206
[20 350/398] semantic=1.754 depth=0.507 normal=0.201
[20 375/398] semantic=1.607 depth=0.637 normal=0.310
[20 398/398] semantic=1.748 depth=0.584 normal=0.320
Epoch 020: mIoU=21.311 pix=54.285 abs=0.6877 rel=0.2647 normal_mean=31.912 delta=25.169 wall_h=5.986
[21 1/398] semantic=2.299 depth=0.935 normal=0.279
[21 25/398] semantic=1.394 depth=0.344 normal=0.201
[21 50/398] semantic=1.019 depth=0.606 normal=0.141
[21 75/398] semantic=1.000 depth=0.528 normal=0.162
[21 100/398] semantic=1.617 depth=0.928 normal=0.339
[21 125/398] semantic=1.097 depth=0.742 normal=0.165
[21 150/398] semantic=1.056 depth=0.437 normal=0.253
[21 175/398] semantic=1.313 depth=0.444 normal=0.227
[21 200/398] semantic=1.384 depth=0.572 normal=0.216
[21 225/398] semantic=1.104 depth=0.347 normal=0.128
[21 250/398] semantic=1.664 depth=0.429 normal=0.180
[21 275/398] semantic=1.277 depth=0.426 normal=0.163
[21 300/398] semantic=1.377 depth=0.584 normal=0.244
[21 325/398] semantic=1.125 depth=0.866 normal=0.272
[21 350/398] semantic=1.628 depth=0.631 normal=0.193
[21 375/398] semantic=1.748 depth=1.128 normal=0.243
[21 398/398] semantic=1.569 depth=0.391 normal=0.182
Epoch 021: mIoU=22.436 pix=53.622 abs=0.7051 rel=0.2660 normal_mean=32.466 delta=27.178 wall_h=6.283
[22 1/398] semantic=1.075 depth=0.585 normal=0.213
[22 25/398] semantic=1.113 depth=0.629 normal=0.206
[22 50/398] semantic=0.808 depth=0.403 normal=0.119
[22 75/398] semantic=1.161 depth=1.256 normal=0.221
[22 100/398] semantic=1.094 depth=0.506 normal=0.196
[22 125/398] semantic=1.401 depth=0.549 normal=0.164
[22 150/398] semantic=2.201 depth=0.916 normal=0.239
[22 175/398] semantic=1.268 depth=0.769 normal=0.210
[22 200/398] semantic=1.240 depth=1.157 normal=0.193
[22 225/398] semantic=1.060 depth=0.705 normal=0.185
[22 250/398] semantic=1.985 depth=0.812 normal=0.316
[22 275/398] semantic=1.712 depth=0.306 normal=0.168
[22 300/398] semantic=1.875 depth=0.387 normal=0.282
[22 325/398] semantic=1.166 depth=0.393 normal=0.179
[22 350/398] semantic=1.640 depth=0.570 normal=0.186
[22 375/398] semantic=1.698 depth=0.468 normal=0.219
[22 398/398] semantic=0.716 depth=0.932 normal=0.207
Epoch 022: mIoU=21.607 pix=52.633 abs=0.6709 rel=0.2813 normal_mean=31.420 delta=25.077 wall_h=6.578
[23 1/398] semantic=2.559 depth=0.689 normal=0.243
[23 25/398] semantic=1.132 depth=0.666 normal=0.193
[23 50/398] semantic=1.615 depth=0.581 normal=0.160
[23 75/398] semantic=1.229 depth=0.511 normal=0.168
[23 100/398] semantic=1.750 depth=0.302 normal=0.268
[23 125/398] semantic=2.107 depth=0.311 normal=0.254
[23 150/398] semantic=1.390 depth=0.846 normal=0.258
[23 175/398] semantic=1.791 depth=0.344 normal=0.277
[23 200/398] semantic=1.508 depth=0.514 normal=0.187
[23 225/398] semantic=1.439 depth=0.337 normal=0.175
[23 250/398] semantic=1.150 depth=0.496 normal=0.168
[23 275/398] semantic=1.269 depth=1.329 normal=0.237
[23 300/398] semantic=0.863 depth=0.373 normal=0.121
[23 325/398] semantic=1.631 depth=0.577 normal=0.193
[23 350/398] semantic=1.623 depth=0.488 normal=0.252
[23 375/398] semantic=1.186 depth=0.791 normal=0.219
[23 398/398] semantic=2.178 depth=0.307 normal=0.207
Epoch 023: mIoU=21.398 pix=53.435 abs=0.6720 rel=0.2586 normal_mean=31.159 delta=23.073 wall_h=6.875
[24 1/398] semantic=0.801 depth=0.380 normal=0.179
[24 25/398] semantic=1.403 depth=0.469 normal=0.187
[24 50/398] semantic=1.445 depth=0.621 normal=0.244
[24 75/398] semantic=1.902 depth=0.401 normal=0.255
[24 100/398] semantic=0.916 depth=0.463 normal=0.243
[24 125/398] semantic=1.542 depth=0.637 normal=0.212
[24 150/398] semantic=1.098 depth=0.418 normal=0.183
[24 175/398] semantic=0.953 depth=0.754 normal=0.226
[24 200/398] semantic=1.505 depth=0.794 normal=0.244
[24 225/398] semantic=1.407 depth=0.440 normal=0.220
[24 250/398] semantic=1.282 depth=0.713 normal=0.243
[24 275/398] semantic=1.307 depth=0.669 normal=0.244
[24 300/398] semantic=1.259 depth=0.656 normal=0.286
[24 325/398] semantic=1.032 depth=0.588 normal=0.251
[24 350/398] semantic=1.438 depth=0.890 normal=0.171
[24 375/398] semantic=1.364 depth=0.463 normal=0.197
[24 398/398] semantic=1.317 depth=0.398 normal=0.270
Epoch 024: mIoU=25.957 pix=55.417 abs=0.6506 rel=0.2576 normal_mean=30.700 delta=19.415 wall_h=7.171
[25 1/398] semantic=1.678 depth=0.535 normal=0.205
[25 25/398] semantic=1.584 depth=0.493 normal=0.204
[25 50/398] semantic=1.250 depth=0.443 normal=0.161
[25 75/398] semantic=1.289 depth=1.633 normal=0.177
[25 100/398] semantic=1.171 depth=0.466 normal=0.156
[25 125/398] semantic=1.253 depth=0.310 normal=0.182
[25 150/398] semantic=0.761 depth=0.303 normal=0.138
[25 175/398] semantic=1.444 depth=0.276 normal=0.238
[25 200/398] semantic=0.987 depth=0.395 normal=0.205
[25 225/398] semantic=1.125 depth=0.452 normal=0.172
[25 250/398] semantic=1.120 depth=0.563 normal=0.230
[25 275/398] semantic=1.249 depth=0.403 normal=0.202
[25 300/398] semantic=1.282 depth=0.946 normal=0.240
[25 325/398] semantic=1.575 depth=0.287 normal=0.254
[25 350/398] semantic=1.453 depth=0.367 normal=0.258
[25 375/398] semantic=1.461 depth=0.503 normal=0.192
[25 398/398] semantic=1.791 depth=0.307 normal=0.276
Epoch 025: mIoU=25.579 pix=55.124 abs=0.6391 rel=0.2673 normal_mean=31.058 delta=21.201 wall_h=7.465
[26 1/398] semantic=1.430 depth=0.631 normal=0.242
[26 25/398] semantic=1.261 depth=0.472 normal=0.192
[26 50/398] semantic=1.723 depth=0.860 normal=0.334
[26 75/398] semantic=1.015 depth=0.222 normal=0.177
[26 100/398] semantic=1.326 depth=0.611 normal=0.212
[26 125/398] semantic=1.281 depth=0.499 normal=0.195
[26 150/398] semantic=1.122 depth=0.475 normal=0.208
[26 175/398] semantic=0.918 depth=0.498 normal=0.279
[26 200/398] semantic=1.320 depth=0.702 normal=0.220
[26 225/398] semantic=0.916 depth=0.380 normal=0.157
[26 250/398] semantic=1.291 depth=0.901 normal=0.266
[26 275/398] semantic=1.182 depth=0.559 normal=0.191
[26 300/398] semantic=1.415 depth=0.457 normal=0.168
[26 325/398] semantic=1.184 depth=0.328 normal=0.230
[26 350/398] semantic=1.472 depth=0.536 normal=0.237
[26 375/398] semantic=0.905 depth=0.403 normal=0.200
[26 398/398] semantic=0.874 depth=0.539 normal=0.100
Epoch 026: mIoU=26.445 pix=53.763 abs=0.6609 rel=0.2823 normal_mean=30.512 delta=20.806 wall_h=7.760
[27 1/398] semantic=1.059 depth=0.673 normal=0.229
[27 25/398] semantic=1.270 depth=0.796 normal=0.230
[27 50/398] semantic=1.420 depth=1.235 normal=0.177
[27 75/398] semantic=1.531 depth=0.459 normal=0.175
[27 100/398] semantic=0.869 depth=0.436 normal=0.143
[27 125/398] semantic=0.932 depth=0.390 normal=0.187
[27 150/398] semantic=0.988 depth=0.439 normal=0.162
[27 175/398] semantic=1.174 depth=0.347 normal=0.156
[27 200/398] semantic=1.102 depth=0.274 normal=0.214
[27 225/398] semantic=2.698 depth=0.459 normal=0.269
[27 250/398] semantic=0.891 depth=0.418 normal=0.279
[27 275/398] semantic=1.154 depth=0.864 normal=0.180
[27 300/398] semantic=1.327 depth=0.954 normal=0.248
[27 325/398] semantic=0.935 depth=0.720 normal=0.177
[27 350/398] semantic=1.372 depth=0.735 normal=0.276
[27 375/398] semantic=1.101 depth=0.272 normal=0.174
[27 398/398] semantic=3.351 depth=0.465 normal=0.235
Epoch 027: mIoU=25.336 pix=56.411 abs=0.6484 rel=0.2507 normal_mean=30.469 delta=19.139 wall_h=8.055
[28 1/398] semantic=0.972 depth=0.476 normal=0.164
[28 25/398] semantic=1.109 depth=0.818 normal=0.242
[28 50/398] semantic=1.280 depth=0.514 normal=0.147
[28 75/398] semantic=1.292 depth=0.733 normal=0.277
[28 100/398] semantic=0.952 depth=0.389 normal=0.159
[28 125/398] semantic=1.324 depth=0.317 normal=0.197
[28 150/398] semantic=1.060 depth=0.477 normal=0.256
[28 175/398] semantic=1.438 depth=0.487 normal=0.217
[28 200/398] semantic=1.119 depth=0.527 normal=0.174
[28 225/398] semantic=1.204 depth=0.399 normal=0.155
[28 250/398] semantic=1.798 depth=0.473 normal=0.175
[28 275/398] semantic=1.234 depth=0.409 normal=0.229
[28 300/398] semantic=1.240 depth=0.421 normal=0.182
[28 325/398] semantic=0.933 depth=0.927 normal=0.186
[28 350/398] semantic=0.924 depth=0.710 normal=0.173
[28 375/398] semantic=1.025 depth=0.562 normal=0.161
[28 398/398] semantic=1.046 depth=0.448 normal=0.255
Epoch 028: mIoU=26.058 pix=53.845 abs=0.6893 rel=0.2641 normal_mean=31.588 delta=23.667 wall_h=8.351
[29 1/398] semantic=0.947 depth=0.645 normal=0.226
[29 25/398] semantic=1.031 depth=0.680 normal=0.192
[29 50/398] semantic=1.262 depth=0.306 normal=0.172
[29 75/398] semantic=0.899 depth=0.567 normal=0.168
[29 100/398] semantic=1.265 depth=0.700 normal=0.160
[29 125/398] semantic=1.078 depth=0.660 normal=0.256
[29 150/398] semantic=1.208 depth=0.377 normal=0.124
[29 175/398] semantic=1.127 depth=0.899 normal=0.193
[29 200/398] semantic=1.064 depth=0.394 normal=0.190
[29 225/398] semantic=1.274 depth=0.341 normal=0.150
[29 250/398] semantic=1.407 depth=0.666 normal=0.269
[29 275/398] semantic=1.436 depth=0.437 normal=0.364
[29 300/398] semantic=1.886 depth=0.672 normal=0.167
[29 325/398] semantic=1.327 depth=0.404 normal=0.199
[29 350/398] semantic=2.047 depth=0.618 normal=0.218
[29 375/398] semantic=1.267 depth=0.418 normal=0.170
[29 398/398] semantic=1.956 depth=1.782 normal=0.307
Epoch 029: mIoU=27.632 pix=56.119 abs=0.6810 rel=0.2597 normal_mean=30.620 delta=20.001 wall_h=8.647
[30 1/398] semantic=1.129 depth=0.513 normal=0.172
[30 25/398] semantic=1.444 depth=0.433 normal=0.227
[30 50/398] semantic=1.132 depth=0.400 normal=0.171
[30 75/398] semantic=0.823 depth=0.529 normal=0.158
[30 100/398] semantic=0.987 depth=0.366 normal=0.232
[30 125/398] semantic=0.974 depth=0.527 normal=0.207
[30 150/398] semantic=1.618 depth=0.670 normal=0.267
[30 175/398] semantic=1.057 depth=0.402 normal=0.209
[30 200/398] semantic=1.393 depth=0.562 normal=0.223
[30 225/398] semantic=1.582 depth=0.421 normal=0.181
[30 250/398] semantic=1.047 depth=0.373 normal=0.204
[30 275/398] semantic=1.109 depth=0.264 normal=0.137
[30 300/398] semantic=1.082 depth=0.484 normal=0.166
[30 325/398] semantic=0.932 depth=0.527 normal=0.150
[30 350/398] semantic=0.905 depth=0.599 normal=0.158
[30 375/398] semantic=1.014 depth=0.578 normal=0.169
[30 398/398] semantic=1.229 depth=0.340 normal=0.146
Epoch 030: mIoU=24.407 pix=54.033 abs=0.6382 rel=0.2519 normal_mean=30.273 delta=19.135 wall_h=8.942
[31 1/398] semantic=1.443 depth=0.479 normal=0.143
[31 25/398] semantic=0.748 depth=0.491 normal=0.154
[31 50/398] semantic=1.151 depth=0.503 normal=0.209
[31 75/398] semantic=2.233 depth=0.511 normal=0.184
[31 100/398] semantic=1.183 depth=0.529 normal=0.161
[31 125/398] semantic=1.156 depth=0.822 normal=0.188
[31 150/398] semantic=1.589 depth=1.081 normal=0.246
[31 175/398] semantic=0.872 depth=0.467 normal=0.147
[31 200/398] semantic=1.408 depth=0.908 normal=0.228
[31 225/398] semantic=1.450 depth=0.903 normal=0.278
[31 250/398] semantic=1.000 depth=0.316 normal=0.218
[31 275/398] semantic=1.100 depth=0.560 normal=0.251
[31 300/398] semantic=1.012 depth=0.339 normal=0.160
[31 325/398] semantic=1.083 depth=0.633 normal=0.247
[31 350/398] semantic=1.570 depth=0.543 normal=0.328
[31 375/398] semantic=1.282 depth=0.483 normal=0.271
[31 398/398] semantic=1.346 depth=0.387 normal=0.257
Epoch 031: mIoU=27.692 pix=55.984 abs=0.6404 rel=0.2757 normal_mean=29.975 delta=17.709 wall_h=9.238
[32 1/398] semantic=1.163 depth=0.370 normal=0.265
[32 25/398] semantic=1.158 depth=0.888 normal=0.209
[32 50/398] semantic=1.371 depth=0.673 normal=0.236
[32 75/398] semantic=0.952 depth=0.611 normal=0.169
[32 100/398] semantic=1.209 depth=0.794 normal=0.213
[32 125/398] semantic=0.779 depth=0.754 normal=0.193
[32 150/398] semantic=1.463 depth=0.671 normal=0.207
[32 175/398] semantic=1.180 depth=0.502 normal=0.176
[32 200/398] semantic=1.514 depth=0.903 normal=0.328
[32 225/398] semantic=1.497 depth=0.331 normal=0.208
[32 250/398] semantic=1.516 depth=0.483 normal=0.273
[32 275/398] semantic=1.336 depth=0.368 normal=0.173
[32 300/398] semantic=1.456 depth=0.463 normal=0.183
[32 325/398] semantic=1.366 depth=0.427 normal=0.204
[32 350/398] semantic=1.187 depth=0.502 normal=0.160
[32 375/398] semantic=1.029 depth=0.665 normal=0.152
[32 398/398] semantic=2.030 depth=0.361 normal=0.294
Epoch 032: mIoU=26.398 pix=55.059 abs=0.7218 rel=0.2596 normal_mean=30.196 delta=19.761 wall_h=9.533
[33 1/398] semantic=1.688 depth=0.497 normal=0.166
[33 25/398] semantic=0.985 depth=0.382 normal=0.234
[33 50/398] semantic=1.444 depth=0.714 normal=0.257
[33 75/398] semantic=0.977 depth=0.454 normal=0.205
[33 100/398] semantic=1.118 depth=0.444 normal=0.121
[33 125/398] semantic=1.624 depth=0.756 normal=0.252
[33 150/398] semantic=1.261 depth=0.331 normal=0.203
[33 175/398] semantic=1.057 depth=0.215 normal=0.181
[33 200/398] semantic=1.423 depth=0.725 normal=0.160
[33 225/398] semantic=1.179 depth=0.617 normal=0.150
[33 250/398] semantic=1.219 depth=0.591 normal=0.164
[33 275/398] semantic=1.201 depth=0.666 normal=0.165
[33 300/398] semantic=0.914 depth=0.538 normal=0.147
[33 325/398] semantic=0.984 depth=0.554 normal=0.185
[33 350/398] semantic=0.919 depth=1.191 normal=0.231
[33 375/398] semantic=1.314 depth=0.559 normal=0.197
[33 398/398] semantic=0.920 depth=1.398 normal=0.237
Epoch 033: mIoU=28.092 pix=56.277 abs=0.6745 rel=0.3035 normal_mean=29.624 delta=18.609 wall_h=9.828
[34 1/398] semantic=1.072 depth=0.552 normal=0.201
[34 25/398] semantic=1.066 depth=0.320 normal=0.150
[34 50/398] semantic=1.147 depth=0.601 normal=0.166
[34 75/398] semantic=1.625 depth=0.720 normal=0.183
[34 100/398] semantic=1.454 depth=0.897 normal=0.179
[34 125/398] semantic=1.172 depth=0.290 normal=0.174
[34 150/398] semantic=2.252 depth=0.552 normal=0.242
[34 175/398] semantic=1.366 depth=1.059 normal=0.234
[34 200/398] semantic=1.292 depth=0.709 normal=0.240
[34 225/398] semantic=1.226 depth=0.461 normal=0.168
[34 250/398] semantic=1.161 depth=0.310 normal=0.206
[34 275/398] semantic=0.890 depth=0.324 normal=0.173
[34 300/398] semantic=1.666 depth=0.821 normal=0.253
[34 325/398] semantic=1.058 depth=0.427 normal=0.154
[34 350/398] semantic=1.227 depth=0.328 normal=0.186
[34 375/398] semantic=1.231 depth=0.299 normal=0.172
[34 398/398] semantic=1.130 depth=0.560 normal=0.155
Epoch 034: mIoU=28.187 pix=58.041 abs=0.6127 rel=0.2542 normal_mean=29.763 delta=15.591 wall_h=10.124
[35 1/398] semantic=1.508 depth=0.545 normal=0.201
[35 25/398] semantic=1.106 depth=0.455 normal=0.185
[35 50/398] semantic=0.627 depth=0.460 normal=0.201
[35 75/398] semantic=1.380 depth=0.437 normal=0.219
[35 100/398] semantic=1.220 depth=0.764 normal=0.222
[35 125/398] semantic=1.371 depth=0.359 normal=0.179
[35 150/398] semantic=1.265 depth=0.430 normal=0.223
[35 175/398] semantic=1.390 depth=0.551 normal=0.183
[35 200/398] semantic=1.168 depth=0.419 normal=0.180
[35 225/398] semantic=0.976 depth=0.747 normal=0.247
[35 250/398] semantic=1.052 depth=0.925 normal=0.201
[35 275/398] semantic=0.868 depth=0.893 normal=0.147
[35 300/398] semantic=1.286 depth=0.422 normal=0.246
[35 325/398] semantic=1.076 depth=0.535 normal=0.229
[35 350/398] semantic=0.864 depth=0.402 normal=0.179
[35 375/398] semantic=0.948 depth=0.397 normal=0.153
[35 398/398] semantic=1.312 depth=0.442 normal=0.189
Epoch 035: mIoU=28.380 pix=56.304 abs=0.6498 rel=0.2799 normal_mean=29.680 delta=17.291 wall_h=10.421
[36 1/398] semantic=0.964 depth=0.437 normal=0.151
[36 25/398] semantic=0.917 depth=0.486 normal=0.162
[36 50/398] semantic=1.899 depth=0.437 normal=0.193
[36 75/398] semantic=1.394 depth=0.409 normal=0.243
[36 100/398] semantic=0.973 depth=0.361 normal=0.196
[36 125/398] semantic=1.020 depth=0.306 normal=0.193
[36 150/398] semantic=1.223 depth=0.241 normal=0.190
[36 175/398] semantic=1.223 depth=0.699 normal=0.203
[36 200/398] semantic=1.523 depth=0.534 normal=0.182
[36 225/398] semantic=1.260 depth=0.332 normal=0.166
[36 250/398] semantic=0.805 depth=0.365 normal=0.120
[36 275/398] semantic=1.472 depth=0.552 normal=0.261
[36 300/398] semantic=1.200 depth=0.879 normal=0.130
[36 325/398] semantic=1.197 depth=0.704 normal=0.255
[36 350/398] semantic=0.979 depth=0.354 normal=0.219
[36 375/398] semantic=0.863 depth=0.715 normal=0.144
[36 398/398] semantic=1.477 depth=0.262 normal=0.153
Epoch 036: mIoU=30.034 pix=56.971 abs=0.6313 rel=0.2485 normal_mean=29.621 delta=15.012 wall_h=10.719
[37 1/398] semantic=0.963 depth=0.280 normal=0.154
[37 25/398] semantic=1.273 depth=0.839 normal=0.241
[37 50/398] semantic=1.093 depth=0.514 normal=0.236
[37 75/398] semantic=1.070 depth=0.574 normal=0.187
[37 100/398] semantic=1.031 depth=0.805 normal=0.240
[37 125/398] semantic=0.680 depth=0.343 normal=0.101
[37 150/398] semantic=0.856 depth=0.295 normal=0.169
[37 175/398] semantic=0.925 depth=0.545 normal=0.144
[37 200/398] semantic=1.367 depth=0.992 normal=0.239
[37 225/398] semantic=1.126 depth=0.326 normal=0.156
[37 250/398] semantic=1.182 depth=0.401 normal=0.120
[37 275/398] semantic=1.309 depth=0.309 normal=0.195
[37 300/398] semantic=1.238 depth=0.618 normal=0.161
[37 325/398] semantic=1.361 depth=0.395 normal=0.148
[37 350/398] semantic=1.545 depth=0.515 normal=0.208
[37 375/398] semantic=1.511 depth=0.377 normal=0.254
[37 398/398] semantic=0.876 depth=0.652 normal=0.180
Epoch 037: mIoU=29.802 pix=58.986 abs=0.6295 rel=0.2484 normal_mean=29.426 delta=14.405 wall_h=11.016
[38 1/398] semantic=0.624 depth=0.563 normal=0.145
[38 25/398] semantic=0.879 depth=0.266 normal=0.130
[38 50/398] semantic=0.985 depth=0.725 normal=0.191
[38 75/398] semantic=1.344 depth=0.574 normal=0.239
[38 100/398] semantic=0.974 depth=0.350 normal=0.123
[38 125/398] semantic=1.036 depth=0.410 normal=0.152
[38 150/398] semantic=0.991 depth=0.274 normal=0.200
[38 175/398] semantic=1.288 depth=0.506 normal=0.195
[38 200/398] semantic=1.455 depth=0.421 normal=0.214
[38 225/398] semantic=0.997 depth=0.422 normal=0.180
[38 250/398] semantic=1.464 depth=0.691 normal=0.186
[38 275/398] semantic=0.805 depth=0.496 normal=0.163
[38 300/398] semantic=1.034 depth=0.591 normal=0.227
[38 325/398] semantic=1.084 depth=0.424 normal=0.137
[38 350/398] semantic=0.756 depth=0.313 normal=0.110
[38 375/398] semantic=0.934 depth=0.488 normal=0.200
[38 398/398] semantic=0.738 depth=0.238 normal=0.111
Epoch 038: mIoU=29.953 pix=59.175 abs=0.6580 rel=0.2976 normal_mean=28.515 delta=13.795 wall_h=11.313
[39 1/398] semantic=1.349 depth=0.834 normal=0.170
[39 25/398] semantic=2.004 depth=0.470 normal=0.274
[39 50/398] semantic=1.050 depth=0.306 normal=0.120
[39 75/398] semantic=1.836 depth=0.416 normal=0.219
[39 100/398] semantic=1.750 depth=0.494 normal=0.173
[39 125/398] semantic=1.212 depth=0.387 normal=0.233
[39 150/398] semantic=1.491 depth=0.801 normal=0.201
[39 175/398] semantic=0.758 depth=0.627 normal=0.155
[39 200/398] semantic=1.059 depth=0.337 normal=0.147
[39 225/398] semantic=0.850 depth=0.956 normal=0.154
[39 250/398] semantic=1.057 depth=0.511 normal=0.176
[39 275/398] semantic=1.121 depth=0.689 normal=0.284
[39 300/398] semantic=1.279 depth=0.447 normal=0.223
[39 325/398] semantic=1.166 depth=0.625 normal=0.242
[39 350/398] semantic=1.502 depth=0.783 normal=0.270
[39 375/398] semantic=1.171 depth=0.537 normal=0.175
[39 398/398] semantic=1.210 depth=0.496 normal=0.236
Epoch 039: mIoU=29.197 pix=57.141 abs=0.6546 rel=0.2434 normal_mean=29.122 delta=14.109 wall_h=11.609
[40 1/398] semantic=0.735 depth=0.255 normal=0.168
[40 25/398] semantic=0.913 depth=0.624 normal=0.205
[40 50/398] semantic=1.025 depth=0.290 normal=0.153
[40 75/398] semantic=0.641 depth=0.405 normal=0.092
[40 100/398] semantic=1.253 depth=0.612 normal=0.227
[40 125/398] semantic=1.935 depth=0.347 normal=0.226
[40 150/398] semantic=1.225 depth=0.614 normal=0.177
[40 175/398] semantic=1.286 depth=0.568 normal=0.178
[40 200/398] semantic=0.848 depth=0.697 normal=0.187
[40 225/398] semantic=0.754 depth=0.563 normal=0.193
[40 250/398] semantic=0.935 depth=0.580 normal=0.217
[40 275/398] semantic=0.534 depth=0.435 normal=0.131
[40 300/398] semantic=0.962 depth=0.423 normal=0.216
[40 325/398] semantic=1.234 depth=0.633 normal=0.397
[40 350/398] semantic=0.870 depth=0.703 normal=0.156
[40 375/398] semantic=0.862 depth=0.374 normal=0.146
[40 398/398] semantic=0.406 depth=0.288 normal=0.152
Epoch 040: mIoU=28.155 pix=56.114 abs=0.6834 rel=0.3144 normal_mean=29.248 delta=18.247 wall_h=11.906
[41 1/398] semantic=2.209 depth=0.477 normal=0.196
[41 25/398] semantic=1.046 depth=0.324 normal=0.183
[41 50/398] semantic=1.196 depth=0.617 normal=0.180
[41 75/398] semantic=1.461 depth=0.558 normal=0.246
[41 100/398] semantic=1.287 depth=0.363 normal=0.211
[41 125/398] semantic=0.836 depth=0.422 normal=0.193
[41 150/398] semantic=1.073 depth=0.338 normal=0.236
[41 175/398] semantic=0.772 depth=0.419 normal=0.137
[41 200/398] semantic=1.202 depth=0.357 normal=0.246
[41 225/398] semantic=1.625 depth=0.645 normal=0.217
[41 250/398] semantic=1.038 depth=0.389 normal=0.177
[41 275/398] semantic=0.915 depth=0.584 normal=0.183
[41 300/398] semantic=0.732 depth=0.700 normal=0.138
[41 325/398] semantic=0.731 depth=0.653 normal=0.229
[41 350/398] semantic=0.910 depth=0.412 normal=0.150
[41 375/398] semantic=0.888 depth=0.541 normal=0.186
[41 398/398] semantic=2.273 depth=0.355 normal=0.177
Epoch 041: mIoU=30.364 pix=59.648 abs=0.6093 rel=0.2388 normal_mean=28.918 delta=11.724 wall_h=12.204
[42 1/398] semantic=1.271 depth=0.405 normal=0.195
[42 25/398] semantic=1.090 depth=0.687 normal=0.271
[42 50/398] semantic=0.882 depth=0.505 normal=0.195
[42 75/398] semantic=1.011 depth=1.049 normal=0.236
[42 100/398] semantic=1.368 depth=0.372 normal=0.168
[42 125/398] semantic=0.828 depth=0.411 normal=0.136
[42 150/398] semantic=1.179 depth=0.713 normal=0.217
[42 175/398] semantic=1.028 depth=0.458 normal=0.212
[42 200/398] semantic=0.982 depth=0.309 normal=0.119
[42 225/398] semantic=0.784 depth=0.367 normal=0.175
[42 250/398] semantic=1.066 depth=0.827 normal=0.174
[42 275/398] semantic=1.112 depth=0.315 normal=0.178
[42 300/398] semantic=0.838 depth=0.309 normal=0.183
[42 325/398] semantic=0.849 depth=0.500 normal=0.230
[42 350/398] semantic=1.319 depth=0.266 normal=0.174
[42 375/398] semantic=0.805 depth=0.425 normal=0.171
[42 398/398] semantic=1.316 depth=0.690 normal=0.132
Epoch 042: mIoU=31.170 pix=57.969 abs=0.5971 rel=0.2545 normal_mean=29.119 delta=13.085 wall_h=12.502
[43 1/398] semantic=0.973 depth=0.361 normal=0.175
[43 25/398] semantic=0.892 depth=0.287 normal=0.189
[43 50/398] semantic=1.193 depth=0.824 normal=0.220
[43 75/398] semantic=1.494 depth=0.746 normal=0.206
[43 100/398] semantic=1.161 depth=0.700 normal=0.196
[43 125/398] semantic=1.379 depth=0.601 normal=0.281
[43 150/398] semantic=1.001 depth=0.868 normal=0.202
[43 175/398] semantic=0.683 depth=0.647 normal=0.154
[43 200/398] semantic=0.772 depth=0.949 normal=0.117
[43 225/398] semantic=1.202 depth=0.423 normal=0.164
[43 250/398] semantic=0.840 depth=0.545 normal=0.179
[43 275/398] semantic=1.167 depth=0.847 normal=0.181
[43 300/398] semantic=0.770 depth=0.647 normal=0.163
[43 325/398] semantic=0.891 depth=0.449 normal=0.222
[43 350/398] semantic=1.541 depth=0.573 normal=0.259
[43 375/398] semantic=1.244 depth=0.340 normal=0.213
[43 398/398] semantic=1.302 depth=0.689 normal=0.258
Epoch 043: mIoU=31.479 pix=59.653 abs=0.6287 rel=0.2466 normal_mean=28.726 delta=11.573 wall_h=12.802
[44 1/398] semantic=0.860 depth=0.505 normal=0.227
[44 25/398] semantic=1.271 depth=0.412 normal=0.194
[44 50/398] semantic=0.905 depth=0.393 normal=0.165
[44 75/398] semantic=0.827 depth=0.560 normal=0.145
[44 100/398] semantic=1.107 depth=0.546 normal=0.271
[44 125/398] semantic=0.724 depth=0.749 normal=0.153
[44 150/398] semantic=0.760 depth=0.798 normal=0.223
[44 175/398] semantic=1.631 depth=0.407 normal=0.228
[44 200/398] semantic=0.619 depth=0.451 normal=0.167
[44 225/398] semantic=0.724 depth=0.361 normal=0.163
[44 250/398] semantic=1.392 depth=0.840 normal=0.220
[44 275/398] semantic=0.759 depth=0.323 normal=0.106
[44 300/398] semantic=1.204 depth=0.644 normal=0.136
[44 325/398] semantic=1.113 depth=0.655 normal=0.297
[44 350/398] semantic=0.700 depth=0.397 normal=0.139
[44 375/398] semantic=1.240 depth=0.308 normal=0.173
[44 398/398] semantic=0.991 depth=0.440 normal=0.228
Epoch 044: mIoU=29.738 pix=59.436 abs=0.7119 rel=0.2512 normal_mean=28.606 delta=13.082 wall_h=13.101
[45 1/398] semantic=1.462 depth=0.649 normal=0.255
[45 25/398] semantic=0.949 depth=0.388 normal=0.103
[45 50/398] semantic=0.753 depth=0.222 normal=0.116
[45 75/398] semantic=1.114 depth=0.673 normal=0.238
[45 100/398] semantic=0.719 depth=0.700 normal=0.173
[45 125/398] semantic=0.798 depth=0.312 normal=0.138
[45 150/398] semantic=0.674 depth=0.497 normal=0.148
[45 175/398] semantic=1.208 depth=0.516 normal=0.136
[45 200/398] semantic=0.943 depth=0.361 normal=0.178
[45 225/398] semantic=0.758 depth=0.477 normal=0.167
[45 250/398] semantic=1.107 depth=0.313 normal=0.174
[45 275/398] semantic=0.825 depth=0.266 normal=0.114
[45 300/398] semantic=1.240 depth=1.094 normal=0.218
[45 325/398] semantic=0.951 depth=0.432 normal=0.261
[45 350/398] semantic=0.852 depth=0.589 normal=0.175
[45 375/398] semantic=1.348 depth=0.870 normal=0.179
[45 398/398] semantic=1.217 depth=0.718 normal=0.221
Epoch 045: mIoU=29.493 pix=56.884 abs=0.5916 rel=0.2421 normal_mean=29.438 delta=13.338 wall_h=13.402
[46 1/398] semantic=0.773 depth=0.325 normal=0.145
[46 25/398] semantic=1.124 depth=0.363 normal=0.138
[46 50/398] semantic=0.595 depth=0.427 normal=0.328
[46 75/398] semantic=1.549 depth=0.313 normal=0.199
[46 100/398] semantic=1.054 depth=0.465 normal=0.186
[46 125/398] semantic=1.328 depth=0.327 normal=0.122
[46 150/398] semantic=0.601 depth=0.381 normal=0.094
[46 175/398] semantic=1.241 depth=0.359 normal=0.162
[46 200/398] semantic=0.996 depth=0.356 normal=0.166
[46 225/398] semantic=0.888 depth=0.359 normal=0.169
[46 250/398] semantic=1.132 depth=0.436 normal=0.196
[46 275/398] semantic=1.013 depth=0.558 normal=0.204
[46 300/398] semantic=0.934 depth=0.487 normal=0.167
[46 325/398] semantic=1.242 depth=0.440 normal=0.130
[46 350/398] semantic=0.728 depth=0.410 normal=0.132
[46 375/398] semantic=1.926 depth=0.446 normal=0.204
[46 398/398] semantic=2.096 depth=0.401 normal=0.277
Epoch 046: mIoU=29.847 pix=58.940 abs=0.5989 rel=0.2406 normal_mean=28.408 delta=10.586 wall_h=13.710
[47 1/398] semantic=0.742 depth=0.477 normal=0.191
[47 25/398] semantic=0.709 depth=0.299 normal=0.156
[47 50/398] semantic=0.894 depth=0.459 normal=0.182
[47 75/398] semantic=0.821 depth=0.328 normal=0.172
[47 100/398] semantic=0.693 depth=0.366 normal=0.116
[47 125/398] semantic=2.277 depth=0.456 normal=0.215
[47 150/398] semantic=0.910 depth=0.421 normal=0.205
[47 175/398] semantic=0.968 depth=0.297 normal=0.197
[47 200/398] semantic=1.386 depth=0.261 normal=0.140
[47 225/398] semantic=1.116 depth=0.265 normal=0.213
[47 250/398] semantic=1.162 depth=0.528 normal=0.163
[47 275/398] semantic=0.713 depth=0.471 normal=0.144
[47 300/398] semantic=0.755 depth=0.377 normal=0.188
[47 325/398] semantic=1.600 depth=0.220 normal=0.154
[47 350/398] semantic=0.921 depth=0.630 normal=0.163
[47 375/398] semantic=1.056 depth=0.477 normal=0.213
[47 398/398] semantic=1.139 depth=1.060 normal=0.239
Epoch 047: mIoU=31.578 pix=58.445 abs=0.5988 rel=0.2485 normal_mean=27.957 delta=8.790 wall_h=14.036
[48 1/398] semantic=1.018 depth=0.514 normal=0.190
[48 25/398] semantic=1.040 depth=0.508 normal=0.139
[48 50/398] semantic=0.877 depth=0.374 normal=0.193
[48 75/398] semantic=1.145 depth=0.372 normal=0.148
[48 100/398] semantic=1.010 depth=0.628 normal=0.171
[48 125/398] semantic=0.869 depth=0.428 normal=0.197
[48 150/398] semantic=1.024 depth=0.681 normal=0.206
[48 175/398] semantic=1.650 depth=0.297 normal=0.186
[48 200/398] semantic=0.946 depth=0.690 normal=0.199
[48 225/398] semantic=0.807 depth=0.505 normal=0.176
[48 250/398] semantic=0.978 depth=0.489 normal=0.157
[48 275/398] semantic=1.093 depth=0.428 normal=0.197
[48 300/398] semantic=1.219 depth=0.505 normal=0.175
[48 325/398] semantic=1.279 depth=0.683 normal=0.205
[48 350/398] semantic=0.757 depth=0.428 normal=0.143
[48 375/398] semantic=1.322 depth=0.349 normal=0.149
[48 398/398] semantic=0.968 depth=0.402 normal=0.136
Epoch 048: mIoU=31.541 pix=59.717 abs=0.5988 rel=0.2462 normal_mean=28.398 delta=10.084 wall_h=14.337
[49 1/398] semantic=0.707 depth=0.293 normal=0.096
[49 25/398] semantic=1.040 depth=0.233 normal=0.192
[49 50/398] semantic=0.740 depth=0.293 normal=0.136
[49 75/398] semantic=1.155 depth=0.448 normal=0.241
[49 100/398] semantic=1.420 depth=0.364 normal=0.122
[49 125/398] semantic=0.681 depth=0.455 normal=0.181
[49 150/398] semantic=1.028 depth=0.324 normal=0.176
[49 175/398] semantic=1.102 depth=0.638 normal=0.184
[49 200/398] semantic=0.746 depth=0.428 normal=0.136
[49 225/398] semantic=0.651 depth=0.436 normal=0.124
[49 250/398] semantic=0.937 depth=0.415 normal=0.163
[49 275/398] semantic=0.692 depth=0.520 normal=0.159
[49 300/398] semantic=0.984 depth=0.334 normal=0.166
[49 325/398] semantic=0.970 depth=0.331 normal=0.128
[49 350/398] semantic=0.672 depth=0.593 normal=0.217
[49 375/398] semantic=1.412 depth=0.403 normal=0.154
[49 398/398] semantic=0.872 depth=0.718 normal=0.155
Epoch 049: mIoU=31.665 pix=58.672 abs=0.5951 rel=0.2610 normal_mean=27.779 delta=9.329 wall_h=14.633
[50 1/398] semantic=0.899 depth=0.415 normal=0.174
[50 25/398] semantic=0.827 depth=0.666 normal=0.150
[50 50/398] semantic=1.489 depth=0.491 normal=0.226
[50 75/398] semantic=1.045 depth=0.669 normal=0.237
[50 100/398] semantic=1.279 depth=0.318 normal=0.204
[50 125/398] semantic=1.109 depth=0.470 normal=0.252
[50 150/398] semantic=1.286 depth=0.880 normal=0.179
[50 175/398] semantic=1.055 depth=0.386 normal=0.137
[50 200/398] semantic=0.930 depth=0.402 normal=0.189
[50 225/398] semantic=0.896 depth=0.336 normal=0.159
[50 250/398] semantic=0.541 depth=0.237 normal=0.140
[50 275/398] semantic=0.974 depth=0.741 normal=0.146
[50 300/398] semantic=0.856 depth=0.448 normal=0.114
[50 325/398] semantic=0.776 depth=0.764 normal=0.149
[50 350/398] semantic=0.852 depth=0.471 normal=0.156
[50 375/398] semantic=1.178 depth=0.366 normal=0.122
[50 398/398] semantic=1.191 depth=0.394 normal=0.190
Epoch 050: mIoU=31.509 pix=59.328 abs=0.5822 rel=0.2311 normal_mean=28.287 delta=8.757 wall_h=14.931
[51 1/398] semantic=0.979 depth=0.516 normal=0.213
[51 25/398] semantic=0.885 depth=0.578 normal=0.146
[51 50/398] semantic=1.148 depth=0.474 normal=0.159
[51 75/398] semantic=1.003 depth=0.396 normal=0.129
[51 100/398] semantic=1.231 depth=0.412 normal=0.189
[51 125/398] semantic=1.065 depth=0.442 normal=0.146
[51 150/398] semantic=1.200 depth=0.471 normal=0.151
[51 175/398] semantic=0.914 depth=0.389 normal=0.118
[51 200/398] semantic=1.283 depth=0.996 normal=0.158
[51 225/398] semantic=0.925 depth=0.475 normal=0.118
[51 250/398] semantic=0.807 depth=0.350 normal=0.185
[51 275/398] semantic=0.662 depth=0.423 normal=0.109
[51 300/398] semantic=0.868 depth=0.597 normal=0.154
[51 325/398] semantic=1.320 depth=0.702 normal=0.249
[51 350/398] semantic=1.036 depth=0.693 normal=0.211
[51 375/398] semantic=1.200 depth=0.448 normal=0.203
[51 398/398] semantic=0.564 depth=0.526 normal=0.198
Epoch 051: mIoU=32.414 pix=60.544 abs=0.5876 rel=0.2439 normal_mean=27.714 delta=7.372 wall_h=15.231
[52 1/398] semantic=0.805 depth=0.462 normal=0.100
[52 25/398] semantic=0.880 depth=0.370 normal=0.119
[52 50/398] semantic=1.195 depth=0.239 normal=0.174
[52 75/398] semantic=0.706 depth=0.310 normal=0.160
[52 100/398] semantic=0.993 depth=0.414 normal=0.164
[52 125/398] semantic=1.756 depth=0.197 normal=0.233
[52 150/398] semantic=0.859 depth=0.399 normal=0.113
[52 175/398] semantic=0.885 depth=0.376 normal=0.137
[52 200/398] semantic=0.925 depth=0.329 normal=0.154
[52 225/398] semantic=0.884 depth=0.360 normal=0.198
[52 250/398] semantic=0.700 depth=0.499 normal=0.165
[52 275/398] semantic=1.379 depth=0.472 normal=0.200
[52 300/398] semantic=0.679 depth=0.454 normal=0.124
[52 325/398] semantic=1.993 depth=0.361 normal=0.111
[52 350/398] semantic=0.504 depth=0.442 normal=0.249
[52 375/398] semantic=1.029 depth=0.407 normal=0.168
[52 398/398] semantic=0.929 depth=0.310 normal=0.112
Epoch 052: mIoU=29.711 pix=60.000 abs=0.6186 rel=0.2450 normal_mean=27.705 delta=9.120 wall_h=15.538
[53 1/398] semantic=1.209 depth=0.634 normal=0.183
[53 25/398] semantic=1.241 depth=0.405 normal=0.234
[53 50/398] semantic=0.914 depth=0.581 normal=0.208
[53 75/398] semantic=0.667 depth=0.886 normal=0.202
[53 100/398] semantic=1.401 depth=0.454 normal=0.182
[53 125/398] semantic=0.545 depth=0.495 normal=0.171
[53 150/398] semantic=0.869 depth=0.648 normal=0.098
[53 175/398] semantic=0.999 depth=0.359 normal=0.142
[53 200/398] semantic=1.192 depth=0.432 normal=0.161
[53 225/398] semantic=0.818 depth=0.646 normal=0.206
[53 250/398] semantic=1.755 depth=0.405 normal=0.238
[53 275/398] semantic=1.182 depth=0.308 normal=0.209
[53 300/398] semantic=1.015 depth=1.028 normal=0.216
[53 325/398] semantic=0.712 depth=0.276 normal=0.141
[53 350/398] semantic=0.699 depth=0.512 normal=0.129
[53 375/398] semantic=1.107 depth=0.542 normal=0.162
[53 398/398] semantic=0.916 depth=0.862 normal=0.187
Epoch 053: mIoU=31.337 pix=59.047 abs=0.6497 rel=0.2942 normal_mean=27.957 delta=12.043 wall_h=15.849
[54 1/398] semantic=1.552 depth=0.326 normal=0.181
[54 25/398] semantic=0.967 depth=0.475 normal=0.179
[54 50/398] semantic=0.698 depth=0.428 normal=0.160
[54 75/398] semantic=0.835 depth=0.286 normal=0.141
[54 100/398] semantic=0.905 depth=0.269 normal=0.145
[54 125/398] semantic=1.232 depth=0.467 normal=0.186
[54 150/398] semantic=0.913 depth=0.392 normal=0.145
[54 175/398] semantic=0.798 depth=0.382 normal=0.204
[54 200/398] semantic=1.032 depth=0.406 normal=0.156
[54 225/398] semantic=1.015 depth=0.357 normal=0.137
[54 250/398] semantic=0.642 depth=0.666 normal=0.159
[54 275/398] semantic=1.031 depth=0.851 normal=0.182
[54 300/398] semantic=0.698 depth=0.271 normal=0.195
[54 325/398] semantic=0.739 depth=0.292 normal=0.161
[54 350/398] semantic=1.023 depth=0.331 normal=0.166
[54 375/398] semantic=0.926 depth=0.521 normal=0.134
[54 398/398] semantic=1.710 depth=0.403 normal=0.135
Epoch 054: mIoU=32.188 pix=61.522 abs=0.5861 rel=0.2293 normal_mean=28.041 delta=7.536 wall_h=16.155
[55 1/398] semantic=0.673 depth=0.273 normal=0.139
[55 25/398] semantic=0.849 depth=0.364 normal=0.142
[55 50/398] semantic=1.226 depth=0.220 normal=0.134
[55 75/398] semantic=1.032 depth=0.188 normal=0.151
[55 100/398] semantic=1.040 depth=0.248 normal=0.209
[55 125/398] semantic=0.889 depth=0.388 normal=0.126
[55 150/398] semantic=1.324 depth=0.315 normal=0.151
[55 175/398] semantic=1.111 depth=0.406 normal=0.171
[55 200/398] semantic=1.298 depth=0.802 normal=0.196
[55 225/398] semantic=0.775 depth=0.809 normal=0.141
[55 250/398] semantic=1.345 depth=0.457 normal=0.230
[55 275/398] semantic=1.668 depth=0.464 normal=0.179
[55 300/398] semantic=0.645 depth=0.402 normal=0.116
[55 325/398] semantic=0.853 depth=0.414 normal=0.124
[55 350/398] semantic=0.977 depth=0.894 normal=0.199
[55 375/398] semantic=0.788 depth=0.257 normal=0.081
[55 398/398] semantic=0.584 depth=0.745 normal=0.103
Epoch 055: mIoU=33.098 pix=59.750 abs=0.5937 rel=0.2581 normal_mean=27.674 delta=7.709 wall_h=16.460
[56 1/398] semantic=1.209 depth=0.278 normal=0.188
[56 25/398] semantic=0.598 depth=0.281 normal=0.123
[56 50/398] semantic=0.981 depth=0.197 normal=0.151
[56 75/398] semantic=0.728 depth=0.235 normal=0.111
[56 100/398] semantic=1.011 depth=0.476 normal=0.206
[56 125/398] semantic=0.778 depth=0.460 normal=0.142
[56 150/398] semantic=0.903 depth=0.470 normal=0.153
[56 175/398] semantic=0.868 depth=0.240 normal=0.233
[56 200/398] semantic=0.897 depth=0.387 normal=0.216
[56 225/398] semantic=0.810 depth=0.743 normal=0.147
[56 250/398] semantic=0.879 depth=0.511 normal=0.202
[56 275/398] semantic=0.966 depth=0.470 normal=0.172
[56 300/398] semantic=0.651 depth=0.357 normal=0.113
[56 325/398] semantic=0.976 depth=0.398 normal=0.165
[56 350/398] semantic=0.754 depth=0.821 normal=0.170
[56 375/398] semantic=0.843 depth=0.351 normal=0.111
[56 398/398] semantic=2.829 depth=0.284 normal=0.196
Epoch 056: mIoU=33.351 pix=60.365 abs=0.5801 rel=0.2347 normal_mean=27.406 delta=6.262 wall_h=16.761
[57 1/398] semantic=0.791 depth=0.451 normal=0.117
[57 25/398] semantic=0.648 depth=0.401 normal=0.172
[57 50/398] semantic=1.111 depth=0.606 normal=0.200
[57 75/398] semantic=0.712 depth=0.724 normal=0.147
[57 100/398] semantic=1.863 depth=0.261 normal=0.159
[57 125/398] semantic=0.713 depth=0.449 normal=0.156
[57 150/398] semantic=1.132 depth=0.568 normal=0.210
[57 175/398] semantic=1.070 depth=0.317 normal=0.178
[57 200/398] semantic=1.248 depth=0.407 normal=0.222
[57 225/398] semantic=2.089 depth=0.678 normal=0.293
[57 250/398] semantic=1.179 depth=0.399 normal=0.150
[57 275/398] semantic=0.832 depth=0.307 normal=0.114
[57 300/398] semantic=0.757 depth=0.313 normal=0.181
[57 325/398] semantic=1.239 depth=0.357 normal=0.155
[57 350/398] semantic=0.459 depth=0.521 normal=0.120
[57 375/398] semantic=0.734 depth=0.340 normal=0.136
[57 398/398] semantic=3.131 depth=1.265 normal=0.332
Epoch 057: mIoU=32.907 pix=60.083 abs=0.5812 rel=0.2411 normal_mean=27.735 delta=7.024 wall_h=17.062
[58 1/398] semantic=1.708 depth=0.554 normal=0.152
[58 25/398] semantic=1.285 depth=0.626 normal=0.163
[58 50/398] semantic=1.002 depth=0.792 normal=0.172
[58 75/398] semantic=0.705 depth=0.518 normal=0.130
[58 100/398] semantic=1.261 depth=0.306 normal=0.180
[58 125/398] semantic=0.718 depth=0.262 normal=0.101
[58 150/398] semantic=1.152 depth=0.435 normal=0.210
[58 175/398] semantic=0.908 depth=0.305 normal=0.137
[58 200/398] semantic=0.897 depth=0.253 normal=0.147
[58 225/398] semantic=0.911 depth=0.303 normal=0.180
[58 250/398] semantic=1.460 depth=0.340 normal=0.209
[58 275/398] semantic=0.824 depth=0.252 normal=0.096
[58 300/398] semantic=1.436 depth=0.424 normal=0.142
[58 325/398] semantic=1.170 depth=0.344 normal=0.191
[58 350/398] semantic=0.904 depth=0.556 normal=0.132
[58 375/398] semantic=0.506 depth=0.505 normal=0.120
[58 398/398] semantic=0.721 depth=0.229 normal=0.157
Epoch 058: mIoU=32.289 pix=60.333 abs=0.6058 rel=0.2506 normal_mean=27.496 delta=7.113 wall_h=17.363
[59 1/398] semantic=1.427 depth=0.595 normal=0.174
[59 25/398] semantic=1.464 depth=0.474 normal=0.167
[59 50/398] semantic=1.520 depth=0.326 normal=0.125
[59 75/398] semantic=0.970 depth=0.351 normal=0.130
[59 100/398] semantic=0.845 depth=0.275 normal=0.137
[59 125/398] semantic=0.890 depth=0.655 normal=0.206
[59 150/398] semantic=0.986 depth=0.383 normal=0.146
[59 175/398] semantic=1.179 depth=0.330 normal=0.145
[59 200/398] semantic=0.868 depth=0.421 normal=0.157
[59 225/398] semantic=1.143 depth=0.680 normal=0.204
[59 250/398] semantic=1.065 depth=0.306 normal=0.137
[59 275/398] semantic=1.133 depth=0.278 normal=0.132
[59 300/398] semantic=0.604 depth=0.602 normal=0.105
[59 325/398] semantic=0.820 depth=0.353 normal=0.134
[59 350/398] semantic=1.319 depth=0.458 normal=0.142
[59 375/398] semantic=0.910 depth=0.377 normal=0.103
[59 398/398] semantic=1.209 depth=0.388 normal=0.171
Epoch 059: mIoU=32.730 pix=61.983 abs=0.5795 rel=0.2355 normal_mean=27.078 delta=4.619 wall_h=17.667
[60 1/398] semantic=0.822 depth=0.458 normal=0.148
[60 25/398] semantic=1.386 depth=0.619 normal=0.205
[60 50/398] semantic=0.760 depth=0.249 normal=0.148
[60 75/398] semantic=0.936 depth=0.215 normal=0.162
[60 100/398] semantic=0.559 depth=0.303 normal=0.111
[60 125/398] semantic=0.767 depth=0.451 normal=0.158
[60 150/398] semantic=1.432 depth=0.425 normal=0.168
[60 175/398] semantic=0.762 depth=0.417 normal=0.180
[60 200/398] semantic=0.894 depth=0.319 normal=0.101
[60 225/398] semantic=1.229 depth=0.312 normal=0.161
[60 250/398] semantic=1.320 depth=0.956 normal=0.232
[60 275/398] semantic=1.209 depth=0.419 normal=0.177
[60 300/398] semantic=1.049 depth=0.341 normal=0.136
[60 325/398] semantic=0.842 depth=0.318 normal=0.147
[60 350/398] semantic=0.759 depth=0.515 normal=0.198
[60 375/398] semantic=1.103 depth=0.401 normal=0.145
[60 398/398] semantic=0.572 depth=0.748 normal=0.095
Epoch 060: mIoU=32.874 pix=60.176 abs=0.5662 rel=0.2406 normal_mean=27.022 delta=4.834 wall_h=17.972
[61 1/398] semantic=0.398 depth=0.264 normal=0.128
[61 25/398] semantic=0.732 depth=0.331 normal=0.115
[61 50/398] semantic=0.548 depth=0.255 normal=0.116
[61 75/398] semantic=0.840 depth=0.274 normal=0.159
[61 100/398] semantic=1.086 depth=0.488 normal=0.206
RUN dataset=nyuv2 method=modo seed=42 lr=0.0001 batch=2 epochs=200
RESULT /mloscratch/homes/mirrokni/LMO-MOO/results/nyuv2/modo_sd42.stats
CHECKPOINT /mloscratch/homes/mirrokni/LMO-MOO/results/checkpoints/nyuv2/modo_sd42.pt
RESUME epoch=61 phase=train next_batch=112/398
[61 125/398] semantic=0.641 depth=0.374 normal=0.203
[61 150/398] semantic=1.288 depth=0.706 normal=0.150
[61 175/398] semantic=0.753 depth=0.403 normal=0.149
[61 200/398] semantic=0.732 depth=0.488 normal=0.135
[61 225/398] semantic=1.498 depth=0.352 normal=0.192
[61 250/398] semantic=0.632 depth=0.270 normal=0.117
[61 275/398] semantic=1.824 depth=1.035 normal=0.350
[61 300/398] semantic=1.321 depth=0.355 normal=0.176
[61 325/398] semantic=0.907 depth=0.530 normal=0.139
[61 350/398] semantic=0.894 depth=0.397 normal=0.202
[61 375/398] semantic=1.627 depth=0.362 normal=0.236
[61 398/398] semantic=0.561 depth=0.223 normal=0.169
RUN dataset=nyuv2 method=modo seed=42 lr=0.0001 batch=2 epochs=200
RESULT /mloscratch/homes/mirrokni/LMO-MOO/results/nyuv2/modo_sd42.stats
CHECKPOINT /mloscratch/homes/mirrokni/LMO-MOO/results/checkpoints/nyuv2/modo_sd42.pt
RESUME epoch=61 phase=evaluate next_batch=250/327
Epoch 061: mIoU=30.839 pix=60.263 abs=0.6160 rel=0.2389 normal_mean=27.802 delta=8.404 wall_h=18.291
[62 1/398] semantic=1.019 depth=0.908 normal=0.196
[62 25/398] semantic=0.835 depth=0.836 normal=0.224
[62 50/398] semantic=0.940 depth=0.263 normal=0.090
[62 75/398] semantic=1.297 depth=0.406 normal=0.202
[62 100/398] semantic=0.829 depth=0.388 normal=0.165
[62 125/398] semantic=0.981 depth=0.321 normal=0.158
[62 150/398] semantic=0.490 depth=0.380 normal=0.120
[62 175/398] semantic=0.898 depth=0.430 normal=0.139
[62 200/398] semantic=0.933 depth=0.396 normal=0.114
[62 225/398] semantic=0.527 depth=0.591 normal=0.172
[62 250/398] semantic=1.141 depth=0.555 normal=0.165
[62 275/398] semantic=1.256 depth=0.568 normal=0.172
[62 300/398] semantic=0.897 depth=0.376 normal=0.124
[62 325/398] semantic=0.717 depth=0.249 normal=0.143
[62 350/398] semantic=0.952 depth=0.332 normal=0.166
RUN dataset=nyuv2 method=modo seed=42 lr=0.0001 batch=2 epochs=200 model=mtan
RESULT /mloscratch/homes/mirrokni/LMO-MOO/results/nyuv2/modo_sd42.stats
CHECKPOINT /mloscratch/homes/mirrokni/LMO-MOO/results/checkpoints/nyuv2/modo_sd42.pt
OPTIMIZER Adam lr=0.0001
RESUME epoch=62 phase=train next_batch=372/398
[62 375/398] semantic=0.783 depth=0.671 normal=0.137
[62 398/398] semantic=1.400 depth=0.375 normal=0.197
Epoch 062: mIoU=31.453 pix=61.689 abs=0.5800 rel=0.2261 normal_mean=27.615 delta=5.851 wall_h=18.618
[63 1/398] semantic=0.888 depth=0.271 normal=0.119
[63 25/398] semantic=0.743 depth=0.405 normal=0.139
[63 50/398] semantic=0.829 depth=0.365 normal=0.135
[63 75/398] semantic=0.972 depth=0.285 normal=0.179
[63 100/398] semantic=0.792 depth=0.859 normal=0.246
[63 125/398] semantic=0.949 depth=0.358 normal=0.144
[63 150/398] semantic=0.791 depth=0.542 normal=0.159
[63 175/398] semantic=0.825 depth=0.336 normal=0.180
[63 200/398] semantic=1.085 depth=0.466 normal=0.130
[63 225/398] semantic=1.384 depth=0.664 normal=0.231
[63 250/398] semantic=0.806 depth=0.586 normal=0.217
[63 275/398] semantic=1.020 depth=0.375 normal=0.154
[63 300/398] semantic=0.923 depth=0.561 normal=0.200
[63 325/398] semantic=0.934 depth=0.603 normal=0.142
[63 350/398] semantic=1.088 depth=0.505 normal=0.194
[63 375/398] semantic=0.821 depth=0.426 normal=0.126
[63 398/398] semantic=0.823 depth=0.224 normal=0.158
RUN dataset=nyuv2 method=modo seed=42 lr=0.0001 batch=2 epochs=200 model=mtan
RESULT /mloscratch/homes/mirrokni/LMO-MOO/results/nyuv2/modo_sd42.stats
CHECKPOINT /mloscratch/homes/mirrokni/LMO-MOO/results/checkpoints/nyuv2/modo_sd42.pt
OPTIMIZER Adam lr=0.0001
RESUME epoch=63 phase=evaluate next_batch=279/327
Epoch 063: mIoU=33.329 pix=60.905 abs=0.5896 rel=0.2528 normal_mean=26.833 delta=5.208 wall_h=18.929
[64 1/398] semantic=0.564 depth=0.536 normal=0.107
[64 25/398] semantic=1.054 depth=0.359 normal=0.157
RUN dataset=nyuv2 method=modo seed=42 lr=0.0001 batch=2 epochs=200 model=mtan
RESULT /mloscratch/homes/mirrokni/LMO-MOO/results/nyuv2/modo_sd42.stats
CHECKPOINT /mloscratch/homes/mirrokni/LMO-MOO/results/checkpoints/nyuv2/modo_sd42.pt
OPTIMIZER Adam lr=0.0001
RESUME epoch=64 phase=train next_batch=47/398
[64 50/398] semantic=0.511 depth=0.313 normal=0.159
RUN dataset=nyuv2 method=modo seed=42 lr=0.0001 batch=2 epochs=200 model=mtan
RESULT /mloscratch/homes/mirrokni/LMO-MOO/results/nyuv2/modo_sd42.stats
CHECKPOINT /mloscratch/homes/mirrokni/LMO-MOO/results/checkpoints/nyuv2/modo_sd42.pt
OPTIMIZER Adam lr=0.0001
RESUME epoch=64 phase=train next_batch=73/398
[64 75/398] semantic=1.128 depth=0.505 normal=0.172
RUN dataset=nyuv2 method=modo seed=42 lr=0.0001 batch=2 epochs=200 model=mtan
RESULT /mloscratch/homes/mirrokni/LMO-MOO/results/nyuv2/modo_sd42.stats
CHECKPOINT /mloscratch/homes/mirrokni/LMO-MOO/results/checkpoints/nyuv2/modo_sd42.pt
OPTIMIZER Adam lr=0.0001
RESUME epoch=64 phase=train next_batch=86/398
[64 100/398] semantic=1.081 depth=0.381 normal=0.167
[64 125/398] semantic=2.134 depth=0.533 normal=0.191
RUN dataset=nyuv2 method=modo seed=42 lr=0.0001 batch=2 epochs=200 model=mtan
RESULT /mloscratch/homes/mirrokni/LMO-MOO/results/nyuv2/modo_sd42.stats
CHECKPOINT /mloscratch/homes/mirrokni/LMO-MOO/results/checkpoints/nyuv2/modo_sd42.pt
OPTIMIZER Adam lr=0.0001
RESUME epoch=64 phase=train next_batch=126/398
[64 150/398] semantic=0.888 depth=0.410 normal=0.115
[64 175/398] semantic=0.767 depth=0.347 normal=0.120
[64 200/398] semantic=0.693 depth=0.343 normal=0.128
[64 225/398] semantic=0.952 depth=0.292 normal=0.167
[64 250/398] semantic=1.335 depth=0.448 normal=0.153
[64 275/398] semantic=1.489 depth=0.388 normal=0.202
[64 300/398] semantic=0.822 depth=0.323 normal=0.116
[64 325/398] semantic=0.866 depth=0.666 normal=0.128
[64 350/398] semantic=0.758 depth=0.287 normal=0.105
[64 375/398] semantic=0.912 depth=0.362 normal=0.226
[64 398/398] semantic=0.839 depth=0.352 normal=0.182
RUN dataset=nyuv2 method=modo seed=42 lr=0.0001 batch=2 epochs=200 model=mtan
RESULT /mloscratch/homes/mirrokni/LMO-MOO/results/nyuv2/modo_sd42.stats
CHECKPOINT /mloscratch/homes/mirrokni/LMO-MOO/results/checkpoints/nyuv2/modo_sd42.pt
OPTIMIZER Adam lr=0.0001
RESUME epoch=64 phase=evaluate next_batch=198/327
Epoch 064: mIoU=33.425 pix=60.091 abs=0.6043 rel=0.2631 normal_mean=27.285 delta=6.909 wall_h=19.268
[65 1/398] semantic=0.825 depth=0.422 normal=0.220
[65 25/398] semantic=1.041 depth=0.401 normal=0.206
[65 50/398] semantic=0.770 depth=0.266 normal=0.113
[65 75/398] semantic=0.856 depth=0.190 normal=0.112
[65 100/398] semantic=0.601 depth=0.336 normal=0.125
[65 125/398] semantic=1.145 depth=0.419 normal=0.238
[65 150/398] semantic=1.043 depth=0.330 normal=0.137
[65 175/398] semantic=0.921 depth=0.403 normal=0.182
[65 200/398] semantic=0.948 depth=0.320 normal=0.144
[65 225/398] semantic=0.636 depth=0.470 normal=0.183
[65 250/398] semantic=1.472 depth=0.359 normal=0.132
[65 275/398] semantic=0.881 depth=0.460 normal=0.219
[65 300/398] semantic=1.015 depth=0.475 normal=0.253
[65 325/398] semantic=0.958 depth=0.869 normal=0.233
[65 350/398] semantic=0.729 depth=0.220 normal=0.170
[65 375/398] semantic=0.631 depth=0.486 normal=0.179
[65 398/398] semantic=1.206 depth=0.216 normal=0.156
Epoch 065: mIoU=33.972 pix=61.356 abs=0.5771 rel=0.2247 normal_mean=27.091 delta=3.640 wall_h=19.572
[66 1/398] semantic=0.393 depth=0.299 normal=0.099
[66 25/398] semantic=0.964 depth=0.454 normal=0.229
[66 50/398] semantic=1.099 depth=0.403 normal=0.192
[66 75/398] semantic=0.828 depth=0.307 normal=0.155
[66 100/398] semantic=0.702 depth=0.328 normal=0.173
[66 125/398] semantic=0.966 depth=0.430 normal=0.162
[66 150/398] semantic=0.701 depth=0.489 normal=0.172
[66 175/398] semantic=1.490 depth=0.583 normal=0.209
[66 200/398] semantic=0.774 depth=0.377 normal=0.166
[66 225/398] semantic=0.908 depth=0.510 normal=0.297
[66 250/398] semantic=0.483 depth=0.279 normal=0.121
[66 275/398] semantic=0.705 depth=0.402 normal=0.114
[66 300/398] semantic=1.078 depth=0.335 normal=0.175
[66 325/398] semantic=0.787 depth=0.330 normal=0.164
[66 350/398] semantic=0.768 depth=0.319 normal=0.144
[66 375/398] semantic=1.121 depth=0.422 normal=0.154
[66 398/398] semantic=1.536 depth=0.478 normal=0.185
Epoch 066: mIoU=34.721 pix=61.967 abs=0.5713 rel=0.2356 normal_mean=27.108 delta=4.384 wall_h=19.873
[67 1/398] semantic=0.811 depth=0.298 normal=0.144
[67 25/398] semantic=1.093 depth=0.381 normal=0.234
[67 50/398] semantic=0.841 depth=0.263 normal=0.121
[67 75/398] semantic=0.701 depth=0.408 normal=0.100
[67 100/398] semantic=1.124 depth=0.999 normal=0.165
[67 125/398] semantic=0.861 depth=0.398 normal=0.176
[67 150/398] semantic=0.712 depth=0.291 normal=0.156
[67 175/398] semantic=0.944 depth=0.317 normal=0.176
[67 200/398] semantic=0.732 depth=0.457 normal=0.152
[67 225/398] semantic=0.813 depth=0.830 normal=0.113
[67 250/398] semantic=1.210 depth=0.498 normal=0.184
[67 275/398] semantic=0.509 depth=0.430 normal=0.119
[67 300/398] semantic=1.839 depth=0.283 normal=0.173
[67 325/398] semantic=0.525 depth=0.610 normal=0.148
[67 350/398] semantic=1.152 depth=0.873 normal=0.171
[67 375/398] semantic=0.828 depth=0.378 normal=0.135
[67 398/398] semantic=1.017 depth=0.366 normal=0.122
Epoch 067: mIoU=32.119 pix=62.158 abs=0.5509 rel=0.2192 normal_mean=26.996 delta=3.324 wall_h=20.186
[68 1/398] semantic=0.777 depth=0.354 normal=0.190
[68 25/398] semantic=0.872 depth=0.323 normal=0.135
[68 50/398] semantic=0.726 depth=0.172 normal=0.177
[68 75/398] semantic=0.889 depth=0.347 normal=0.175
[68 100/398] semantic=0.504 depth=0.331 normal=0.121
[68 125/398] semantic=0.684 depth=0.536 normal=0.131
[68 150/398] semantic=0.651 depth=0.289 normal=0.128
[68 175/398] semantic=0.535 depth=0.253 normal=0.113
[68 200/398] semantic=0.646 depth=0.392 normal=0.137
[68 225/398] semantic=1.029 depth=0.232 normal=0.161
[68 250/398] semantic=1.082 depth=0.639 normal=0.239
[68 275/398] semantic=0.713 depth=0.242 normal=0.183
[68 300/398] semantic=1.290 depth=0.609 normal=0.174
[68 325/398] semantic=0.590 depth=0.692 normal=0.189
[68 350/398] semantic=0.566 depth=0.467 normal=0.116
[68 375/398] semantic=0.555 depth=0.233 normal=0.101
[68 398/398] semantic=0.958 depth=0.775 normal=0.248
Epoch 068: mIoU=32.975 pix=59.988 abs=0.5853 rel=0.2459 normal_mean=27.114 delta=5.804 wall_h=20.499
[69 1/398] semantic=0.920 depth=0.249 normal=0.117
[69 25/398] semantic=0.978 depth=0.391 normal=0.132
[69 50/398] semantic=1.448 depth=0.623 normal=0.235
[69 75/398] semantic=1.039 depth=0.296 normal=0.141
[69 100/398] semantic=1.340 depth=0.466 normal=0.142
[69 125/398] semantic=1.240 depth=0.375 normal=0.156
[69 150/398] semantic=0.639 depth=0.301 normal=0.138
[69 175/398] semantic=1.252 depth=0.488 normal=0.206
[69 200/398] semantic=0.651 depth=0.532 normal=0.145
[69 225/398] semantic=0.478 depth=0.443 normal=0.090
[69 250/398] semantic=0.785 depth=0.492 normal=0.172
[69 275/398] semantic=0.645 depth=0.514 normal=0.188
[69 300/398] semantic=0.971 depth=0.463 normal=0.153
[69 325/398] semantic=0.880 depth=0.326 normal=0.196
[69 350/398] semantic=1.062 depth=0.440 normal=0.136
[69 375/398] semantic=0.777 depth=0.497 normal=0.173
[69 398/398] semantic=1.451 depth=0.339 normal=0.113
Epoch 069: mIoU=33.664 pix=61.135 abs=0.6057 rel=0.2494 normal_mean=27.083 delta=5.885 wall_h=20.821
[70 1/398] semantic=0.802 depth=0.305 normal=0.164
[70 25/398] semantic=0.784 depth=0.470 normal=0.119
[70 50/398] semantic=0.811 depth=0.358 normal=0.115
[70 75/398] semantic=0.555 depth=0.346 normal=0.137
[70 100/398] semantic=0.882 depth=0.305 normal=0.130
[70 125/398] semantic=0.877 depth=0.498 normal=0.132
[70 150/398] semantic=0.842 depth=0.334 normal=0.186
[70 175/398] semantic=0.900 depth=0.205 normal=0.186
[70 200/398] semantic=0.742 depth=0.310 normal=0.130
[70 225/398] semantic=0.792 depth=0.421 normal=0.176
[70 250/398] semantic=0.865 depth=0.472 normal=0.133
[70 275/398] semantic=0.985 depth=0.747 normal=0.265
[70 300/398] semantic=1.102 depth=0.223 normal=0.189
[70 325/398] semantic=0.611 depth=0.445 normal=0.172
[70 350/398] semantic=1.067 depth=0.293 normal=0.188
[70 375/398] semantic=1.410 depth=0.652 normal=0.188
[70 398/398] semantic=1.232 depth=0.391 normal=0.222
Epoch 070: mIoU=33.865 pix=61.571 abs=0.5606 rel=0.2335 normal_mean=27.465 delta=5.631 wall_h=21.139
[71 1/398] semantic=0.697 depth=0.383 normal=0.163
[71 25/398] semantic=1.029 depth=0.700 normal=0.260
[71 50/398] semantic=1.088 depth=0.582 normal=0.138
[71 75/398] semantic=1.043 depth=0.573 normal=0.200
[71 100/398] semantic=0.809 depth=0.212 normal=0.128
[71 125/398] semantic=0.540 depth=0.269 normal=0.103
[71 150/398] semantic=0.779 depth=0.402 normal=0.196
[71 175/398] semantic=0.706 depth=0.454 normal=0.176
[71 200/398] semantic=1.172 depth=0.359 normal=0.150
[71 225/398] semantic=1.227 depth=0.443 normal=0.192
[71 250/398] semantic=0.710 depth=0.211 normal=0.165
[71 275/398] semantic=0.847 depth=0.377 normal=0.176
[71 300/398] semantic=0.549 depth=0.332 normal=0.155
[71 325/398] semantic=0.834 depth=0.297 normal=0.192
[71 350/398] semantic=0.757 depth=0.567 normal=0.119
[71 375/398] semantic=0.756 depth=0.514 normal=0.152
[71 398/398] semantic=1.296 depth=0.304 normal=0.125
Epoch 071: mIoU=34.654 pix=61.961 abs=0.5949 rel=0.2264 normal_mean=27.167 delta=4.345 wall_h=21.458
[72 1/398] semantic=1.222 depth=0.398 normal=0.148
[72 25/398] semantic=1.220 depth=0.308 normal=0.172
[72 50/398] semantic=0.962 depth=0.419 normal=0.123
[72 75/398] semantic=0.772 depth=0.403 normal=0.188
[72 100/398] semantic=0.560 depth=0.360 normal=0.169
[72 125/398] semantic=1.168 depth=0.203 normal=0.122
[72 150/398] semantic=0.861 depth=0.501 normal=0.192
[72 175/398] semantic=1.338 depth=0.451 normal=0.127
[72 200/398] semantic=0.632 depth=0.526 normal=0.089
[72 225/398] semantic=0.907 depth=0.495 normal=0.140
[72 250/398] semantic=0.822 depth=0.261 normal=0.198
[72 275/398] semantic=0.789 depth=0.214 normal=0.141
[72 300/398] semantic=0.873 depth=0.468 normal=0.157
[72 325/398] semantic=0.788 depth=0.279 normal=0.122
[72 350/398] semantic=0.646 depth=0.329 normal=0.170
[72 375/398] semantic=0.539 depth=0.369 normal=0.082
[72 398/398] semantic=1.064 depth=0.418 normal=0.116
RUN dataset=nyuv2 method=modo seed=42 lr=0.0001 batch=2 epochs=200 model=mtan
RESULT /mloscratch/homes/mirrokni/LMO-MOO/results/nyuv2/modo_sd42.stats
CHECKPOINT /mloscratch/homes/mirrokni/LMO-MOO/results/checkpoints/nyuv2/modo_sd42.pt
OPTIMIZER Adam lr=0.0001
RESUME epoch=72 phase=evaluate next_batch=259/327
Epoch 072: mIoU=33.871 pix=61.214 abs=0.6022 rel=0.2344 normal_mean=27.443 delta=5.877 wall_h=21.777
[73 1/398] semantic=1.073 depth=0.395 normal=0.130
[73 25/398] semantic=0.526 depth=0.372 normal=0.135
[73 50/398] semantic=0.558 depth=0.304 normal=0.084
RUN dataset=nyuv2 method=modo seed=42 lr=0.0001 batch=2 epochs=200 model=mtan
RESULT /mloscratch/homes/mirrokni/LMO-MOO/results/nyuv2/modo_sd42.stats
CHECKPOINT /mloscratch/homes/mirrokni/LMO-MOO/results/checkpoints/nyuv2/modo_sd42.pt
OPTIMIZER Adam lr=0.0001
RESUME epoch=73 phase=train next_batch=71/398
[73 75/398] semantic=0.821 depth=0.392 normal=0.193
[73 100/398] semantic=0.788 depth=0.360 normal=0.141
[73 125/398] semantic=1.023 depth=0.311 normal=0.135
[73 150/398] semantic=0.745 depth=0.537 normal=0.157
[73 175/398] semantic=0.977 depth=0.413 normal=0.160
[73 200/398] semantic=0.460 depth=0.267 normal=0.099
[73 225/398] semantic=0.831 depth=0.551 normal=0.161
[73 250/398] semantic=0.752 depth=0.607 normal=0.157
[73 275/398] semantic=0.687 depth=0.324 normal=0.154
[73 300/398] semantic=0.785 depth=0.626 normal=0.155
[73 325/398] semantic=1.002 depth=0.392 normal=0.204
[73 350/398] semantic=0.841 depth=0.383 normal=0.144
[73 375/398] semantic=0.641 depth=0.270 normal=0.104
[73 398/398] semantic=1.503 depth=0.360 normal=0.136
RUN dataset=nyuv2 method=modo seed=42 lr=0.0001 batch=2 epochs=200 model=mtan
RESULT /mloscratch/homes/mirrokni/LMO-MOO/results/nyuv2/modo_sd42.stats
CHECKPOINT /mloscratch/homes/mirrokni/LMO-MOO/results/checkpoints/nyuv2/modo_sd42.pt
OPTIMIZER Adam lr=0.0001
RESUME epoch=73 phase=evaluate next_batch=165/327
Epoch 073: mIoU=34.772 pix=61.853 abs=0.5657 rel=0.2346 normal_mean=27.143 delta=4.259 wall_h=22.141
[74 1/398] semantic=1.051 depth=0.356 normal=0.145
[74 25/398] semantic=0.782 depth=0.458 normal=0.133
[74 50/398] semantic=0.533 depth=0.259 normal=0.110
[74 75/398] semantic=0.581 depth=0.410 normal=0.130
[74 100/398] semantic=0.683 depth=0.524 normal=0.142
[74 125/398] semantic=1.075 depth=0.388 normal=0.126
[74 150/398] semantic=0.676 depth=0.316 normal=0.128
[74 175/398] semantic=1.304 depth=0.445 normal=0.134
[74 200/398] semantic=0.701 depth=0.291 normal=0.121
[74 225/398] semantic=1.191 depth=0.354 normal=0.194
[74 250/398] semantic=1.488 depth=0.351 normal=0.199
[74 275/398] semantic=0.601 depth=0.254 normal=0.124
[74 300/398] semantic=0.407 depth=0.378 normal=0.106
[74 325/398] semantic=1.065 depth=0.381 normal=0.140
[74 350/398] semantic=0.559 depth=0.193 normal=0.111
[74 375/398] semantic=1.007 depth=0.310 normal=0.216
[74 398/398] semantic=1.051 depth=0.838 normal=0.185
Epoch 074: mIoU=35.732 pix=62.434 abs=0.5548 rel=0.2303 normal_mean=26.982 delta=3.372 wall_h=22.464
[75 1/398] semantic=0.864 depth=0.223 normal=0.145
[75 25/398] semantic=0.843 depth=0.196 normal=0.171
[75 50/398] semantic=0.849 depth=0.331 normal=0.104
[75 75/398] semantic=0.815 depth=0.240 normal=0.139
[75 100/398] semantic=0.589 depth=0.330 normal=0.141
[75 125/398] semantic=0.974 depth=0.333 normal=0.130
[75 150/398] semantic=0.674 depth=0.200 normal=0.160
[75 175/398] semantic=0.795 depth=0.414 normal=0.131
[75 200/398] semantic=1.179 depth=0.516 normal=0.194
[75 225/398] semantic=0.731 depth=0.257 normal=0.236
[75 250/398] semantic=0.574 depth=0.445 normal=0.143
[75 275/398] semantic=0.918 depth=0.517 normal=0.152
[75 300/398] semantic=0.797 depth=0.289 normal=0.173
[75 325/398] semantic=1.095 depth=0.292 normal=0.149
[75 350/398] semantic=1.384 depth=0.420 normal=0.188
[75 375/398] semantic=0.761 depth=0.495 normal=0.145
[75 398/398] semantic=1.240 depth=0.476 normal=0.154
Epoch 075: mIoU=34.528 pix=61.971 abs=0.5764 rel=0.2542 normal_mean=26.738 delta=4.293 wall_h=22.765
[76 1/398] semantic=0.598 depth=0.395 normal=0.168
[76 25/398] semantic=0.876 depth=0.423 normal=0.160
[76 50/398] semantic=0.680 depth=0.372 normal=0.155
[76 75/398] semantic=0.763 depth=0.422 normal=0.148
[76 100/398] semantic=0.597 depth=0.332 normal=0.155
[76 125/398] semantic=1.372 depth=0.305 normal=0.175
[76 150/398] semantic=0.902 depth=0.371 normal=0.196
[76 175/398] semantic=0.715 depth=0.349 normal=0.114
[76 200/398] semantic=0.930 depth=0.270 normal=0.126
[76 225/398] semantic=0.463 depth=0.289 normal=0.114
[76 250/398] semantic=0.718 depth=0.377 normal=0.113
[76 275/398] semantic=0.888 depth=0.469 normal=0.187
[76 300/398] semantic=0.641 depth=0.307 normal=0.111
[76 325/398] semantic=0.562 depth=0.454 normal=0.165
[76 350/398] semantic=2.547 depth=0.270 normal=0.194
[76 375/398] semantic=0.637 depth=0.301 normal=0.109
[76 398/398] semantic=0.560 depth=0.220 normal=0.128
Epoch 076: mIoU=34.973 pix=61.169 abs=0.5737 rel=0.2298 normal_mean=26.842 delta=3.796 wall_h=23.068
[77 1/398] semantic=0.801 depth=0.290 normal=0.114
[77 25/398] semantic=0.803 depth=0.334 normal=0.141
[77 50/398] semantic=0.547 depth=0.393 normal=0.087
[77 75/398] semantic=0.832 depth=0.261 normal=0.151
[77 100/398] semantic=0.738 depth=0.223 normal=0.118
[77 125/398] semantic=0.606 depth=0.151 normal=0.102
[77 150/398] semantic=0.797 depth=0.332 normal=0.106
[77 175/398] semantic=0.402 depth=0.358 normal=0.164
RUN dataset=nyuv2 method=modo seed=42 lr=0.0001 batch=2 epochs=200 model=mtan
RESULT /mloscratch/homes/mirrokni/LMO-MOO/results/nyuv2/modo_sd42.stats
CHECKPOINT /mloscratch/homes/mirrokni/LMO-MOO/results/checkpoints/nyuv2/modo_sd42.pt
OPTIMIZER Adam lr=0.0001
RESUME epoch=77 phase=train next_batch=194/398
[77 200/398] semantic=0.614 depth=0.318 normal=0.130
[77 225/398] semantic=0.797 depth=0.490 normal=0.146
[77 250/398] semantic=0.763 depth=0.275 normal=0.125
[77 275/398] semantic=0.558 depth=0.434 normal=0.137
[77 300/398] semantic=0.615 depth=0.377 normal=0.111
[77 325/398] semantic=0.833 depth=0.333 normal=0.163
[77 350/398] semantic=0.651 depth=0.325 normal=0.157
[77 375/398] semantic=1.216 depth=0.396 normal=0.119
[77 398/398] semantic=0.916 depth=0.178 normal=0.169
Epoch 077: mIoU=34.803 pix=61.103 abs=0.6051 rel=0.2370 normal_mean=26.817 delta=4.176 wall_h=23.395
[78 1/398] semantic=0.458 depth=0.424 normal=0.110
[78 25/398] semantic=0.910 depth=0.323 normal=0.172
[78 50/398] semantic=0.684 depth=0.314 normal=0.143
[78 75/398] semantic=0.744 depth=0.488 normal=0.179
[78 100/398] semantic=1.082 depth=0.354 normal=0.177
[78 125/398] semantic=0.677 depth=0.485 normal=0.111
[78 150/398] semantic=1.551 depth=0.421 normal=0.145
[78 175/398] semantic=0.484 depth=0.301 normal=0.154
[78 200/398] semantic=0.797 depth=0.377 normal=0.173
[78 225/398] semantic=0.855 depth=0.350 normal=0.117
[78 250/398] semantic=0.612 depth=0.228 normal=0.180
[78 275/398] semantic=0.570 depth=0.410 normal=0.130
[78 300/398] semantic=1.083 depth=0.225 normal=0.108
[78 325/398] semantic=0.801 depth=0.233 normal=0.147
[78 350/398] semantic=0.796 depth=0.301 normal=0.116
[78 375/398] semantic=1.084 depth=0.216 normal=0.168
[78 398/398] semantic=1.621 depth=0.575 normal=0.199
Epoch 078: mIoU=34.649 pix=61.675 abs=0.5680 rel=0.2289 normal_mean=27.062 delta=4.033 wall_h=23.704
[79 1/398] semantic=0.666 depth=0.412 normal=0.126
[79 25/398] semantic=1.100 depth=0.269 normal=0.215
[79 50/398] semantic=0.286 depth=0.189 normal=0.083
[79 75/398] semantic=0.773 depth=0.376 normal=0.130
[79 100/398] semantic=0.670 depth=0.629 normal=0.153
[79 125/398] semantic=0.496 depth=0.394 normal=0.110
[79 150/398] semantic=0.384 depth=0.194 normal=0.127
[79 175/398] semantic=0.773 depth=0.519 normal=0.148
[79 200/398] semantic=0.744 depth=0.269 normal=0.096
[79 225/398] semantic=1.304 depth=0.455 normal=0.111
[79 250/398] semantic=0.499 depth=0.259 normal=0.117
[79 275/398] semantic=0.786 depth=0.380 normal=0.115
[79 300/398] semantic=0.693 depth=0.371 normal=0.106
[79 325/398] semantic=0.738 depth=0.291 normal=0.092
[79 350/398] semantic=0.789 depth=0.395 normal=0.133
[79 375/398] semantic=0.775 depth=0.309 normal=0.131
[79 398/398] semantic=0.889 depth=0.313 normal=0.149
Epoch 079: mIoU=35.476 pix=62.845 abs=0.5560 rel=0.2231 normal_mean=26.681 delta=1.882 wall_h=24.012
[80 1/398] semantic=0.605 depth=0.668 normal=0.165
[80 25/398] semantic=1.067 depth=0.298 normal=0.174
[80 50/398] semantic=0.887 depth=0.587 normal=0.154
[80 75/398] semantic=0.904 depth=0.516 normal=0.179
[80 100/398] semantic=0.914 depth=0.566 normal=0.172
[80 125/398] semantic=0.797 depth=0.210 normal=0.132
[80 150/398] semantic=0.468 depth=0.236 normal=0.112
[80 175/398] semantic=0.553 depth=0.260 normal=0.085
[80 200/398] semantic=0.699 depth=0.387 normal=0.132
[80 225/398] semantic=0.566 depth=0.524 normal=0.152
[80 250/398] semantic=0.743 depth=0.290 normal=0.091
[80 275/398] semantic=0.881 depth=0.340 normal=0.140
[80 300/398] semantic=0.564 depth=0.203 normal=0.103
[80 325/398] semantic=1.063 depth=0.374 normal=0.168
[80 350/398] semantic=0.987 depth=0.310 normal=0.098
[80 375/398] semantic=0.812 depth=0.342 normal=0.203
[80 398/398] semantic=2.820 depth=0.222 normal=0.310
Epoch 080: mIoU=34.100 pix=61.127 abs=0.5880 rel=0.2319 normal_mean=27.009 delta=5.116 wall_h=24.317
[81 1/398] semantic=0.714 depth=0.274 normal=0.100
[81 25/398] semantic=0.501 depth=0.356 normal=0.094
[81 50/398] semantic=0.762 depth=0.269 normal=0.104
[81 75/398] semantic=0.338 depth=0.159 normal=0.068
RUN dataset=nyuv2 method=modo seed=42 lr=0.0001 batch=2 epochs=200 model=mtan
RESULT /mloscratch/homes/mirrokni/LMO-MOO/results/nyuv2/modo_sd42.stats
CHECKPOINT /mloscratch/homes/mirrokni/LMO-MOO/results/checkpoints/nyuv2/modo_sd42.pt
OPTIMIZER Adam lr=0.0001
RESUME epoch=81 phase=train next_batch=90/398
[81 100/398] semantic=0.630 depth=0.297 normal=0.130
[81 125/398] semantic=0.564 depth=0.311 normal=0.124
[81 150/398] semantic=0.741 depth=0.358 normal=0.147
RUN dataset=nyuv2 method=modo seed=42 lr=0.0001 batch=2 epochs=200 model=mtan
RESULT /mloscratch/homes/mirrokni/LMO-MOO/results/nyuv2/modo_sd42.stats
CHECKPOINT /mloscratch/homes/mirrokni/LMO-MOO/results/checkpoints/nyuv2/modo_sd42.pt
OPTIMIZER Adam lr=0.0001
RESUME epoch=81 phase=train next_batch=167/398
[81 175/398] semantic=0.930 depth=0.442 normal=0.146
[81 200/398] semantic=0.713 depth=0.239 normal=0.119
[81 225/398] semantic=1.033 depth=0.602 normal=0.175
[81 250/398] semantic=0.723 depth=0.578 normal=0.161
[81 275/398] semantic=0.516 depth=0.357 normal=0.138
[81 300/398] semantic=0.858 depth=0.289 normal=0.130
[81 325/398] semantic=0.943 depth=0.447 normal=0.187
[81 350/398] semantic=0.740 depth=0.239 normal=0.178
[81 375/398] semantic=1.254 depth=0.286 normal=0.142
[81 398/398] semantic=1.019 depth=0.247 normal=0.145
Epoch 081: mIoU=34.099 pix=61.893 abs=0.5996 rel=0.2333 normal_mean=26.824 delta=3.680 wall_h=24.657
[82 1/398] semantic=0.823 depth=0.260 normal=0.143
[82 25/398] semantic=0.538 depth=0.176 normal=0.120
[82 50/398] semantic=0.761 depth=0.417 normal=0.096
[82 75/398] semantic=0.990 depth=0.317 normal=0.158
[82 100/398] semantic=0.711 depth=0.369 normal=0.116
[82 125/398] semantic=1.194 depth=0.450 normal=0.169
[82 150/398] semantic=1.268 depth=0.370 normal=0.169
[82 175/398] semantic=0.799 depth=0.554 normal=0.264
[82 200/398] semantic=0.917 depth=0.487 normal=0.161
[82 225/398] semantic=0.770 depth=0.694 normal=0.153
[82 250/398] semantic=0.488 depth=0.509 normal=0.134
[82 275/398] semantic=1.445 depth=0.613 normal=0.221
[82 300/398] semantic=0.928 depth=0.398 normal=0.111
[82 325/398] semantic=0.524 depth=0.494 normal=0.114
[82 350/398] semantic=0.497 depth=0.320 normal=0.077
[82 375/398] semantic=0.805 depth=0.277 normal=0.159
[82 398/398] semantic=0.589 depth=0.222 normal=0.207
Epoch 082: mIoU=34.028 pix=61.666 abs=0.5834 rel=0.2282 normal_mean=27.018 delta=4.110 wall_h=24.968
[83 1/398] semantic=0.890 depth=0.410 normal=0.150
[83 25/398] semantic=0.796 depth=0.179 normal=0.136
[83 50/398] semantic=1.040 depth=0.528 normal=0.184
[83 75/398] semantic=0.443 depth=0.361 normal=0.130
[83 100/398] semantic=0.897 depth=0.559 normal=0.127
[83 125/398] semantic=0.781 depth=0.337 normal=0.146
[83 150/398] semantic=0.490 depth=0.266 normal=0.111
[83 175/398] semantic=0.507 depth=0.261 normal=0.146
[83 200/398] semantic=0.682 depth=0.304 normal=0.110
[83 225/398] semantic=0.760 depth=0.332 normal=0.198
[83 250/398] semantic=0.785 depth=0.423 normal=0.133
[83 275/398] semantic=0.507 depth=0.376 normal=0.134
[83 300/398] semantic=0.649 depth=0.265 normal=0.137
[83 325/398] semantic=0.840 depth=0.406 normal=0.186
[83 350/398] semantic=1.031 depth=0.448 normal=0.202
[83 375/398] semantic=0.981 depth=0.728 normal=0.170
[83 398/398] semantic=0.374 depth=0.202 normal=0.092
Epoch 083: mIoU=35.112 pix=62.687 abs=0.5505 rel=0.2278 normal_mean=26.389 delta=1.014 wall_h=25.286
[84 1/398] semantic=0.800 depth=0.236 normal=0.217
[84 25/398] semantic=0.715 depth=0.398 normal=0.141
[84 50/398] semantic=0.821 depth=0.355 normal=0.158
[84 75/398] semantic=0.794 depth=0.320 normal=0.144
[84 100/398] semantic=0.647 depth=0.191 normal=0.111
[84 125/398] semantic=0.745 depth=0.375 normal=0.163
[84 150/398] semantic=0.900 depth=0.619 normal=0.241
[84 175/398] semantic=0.622 depth=0.318 normal=0.111
[84 200/398] semantic=0.881 depth=0.298 normal=0.139
[84 225/398] semantic=0.700 depth=0.490 normal=0.165
[84 250/398] semantic=0.823 depth=0.337 normal=0.182
[84 275/398] semantic=0.783 depth=0.409 normal=0.126
[84 300/398] semantic=1.157 depth=0.443 normal=0.155
[84 325/398] semantic=0.648 depth=0.346 normal=0.102
[84 350/398] semantic=0.519 depth=0.319 normal=0.134
[84 375/398] semantic=0.791 depth=0.475 normal=0.120
[84 398/398] semantic=0.607 depth=0.278 normal=0.073
Epoch 084: mIoU=35.865 pix=61.849 abs=0.5746 rel=0.2212 normal_mean=26.561 delta=1.785 wall_h=25.612
[85 1/398] semantic=0.608 depth=0.440 normal=0.140
[85 25/398] semantic=0.573 depth=0.633 normal=0.113
[85 50/398] semantic=0.900 depth=0.507 normal=0.139
[85 75/398] semantic=1.438 depth=0.189 normal=0.133
[85 100/398] semantic=0.684 depth=0.371 normal=0.179
[85 125/398] semantic=0.913 depth=0.374 normal=0.133
[85 150/398] semantic=0.498 depth=0.409 normal=0.152
[85 175/398] semantic=0.648 depth=0.374 normal=0.109
[85 200/398] semantic=0.654 depth=0.331 normal=0.110
[85 225/398] semantic=0.591 depth=0.418 normal=0.099
[85 250/398] semantic=0.906 depth=0.807 normal=0.231
[85 275/398] semantic=0.881 depth=0.717 normal=0.167
[85 300/398] semantic=0.767 depth=0.397 normal=0.193
[85 325/398] semantic=1.773 depth=0.322 normal=0.245
[85 350/398] semantic=0.946 depth=0.303 normal=0.142
[85 375/398] semantic=0.563 depth=0.588 normal=0.120
[85 398/398] semantic=0.552 depth=0.270 normal=0.092
Epoch 085: mIoU=34.339 pix=61.231 abs=0.5630 rel=0.2156 normal_mean=26.307 delta=1.172 wall_h=25.939
[86 1/398] semantic=0.613 depth=0.577 normal=0.153
[86 25/398] semantic=0.457 depth=0.371 normal=0.146
[86 50/398] semantic=0.310 depth=0.302 normal=0.135
[86 75/398] semantic=0.574 depth=0.339 normal=0.161
[86 100/398] semantic=0.749 depth=0.308 normal=0.130
[86 125/398] semantic=0.928 depth=0.387 normal=0.081
[86 150/398] semantic=0.927 depth=0.457 normal=0.127
[86 175/398] semantic=0.750 depth=0.290 normal=0.134
[86 200/398] semantic=0.614 depth=0.319 normal=0.195
[86 225/398] semantic=0.906 depth=0.345 normal=0.132
RUN dataset=nyuv2 method=modo seed=42 lr=0.0001 batch=2 epochs=200 model=mtan
RESULT /mloscratch/homes/mirrokni/LMO-MOO/results/nyuv2/modo_sd42.stats
CHECKPOINT /mloscratch/homes/mirrokni/LMO-MOO/results/checkpoints/nyuv2/modo_sd42.pt
OPTIMIZER Adam lr=0.0001
RESUME epoch=86 phase=train next_batch=255/398
[86 275/398] semantic=0.664 depth=0.390 normal=0.139
[86 300/398] semantic=0.686 depth=0.312 normal=0.157
[86 325/398] semantic=0.617 depth=0.282 normal=0.104
[86 350/398] semantic=0.743 depth=0.647 normal=0.144
[86 375/398] semantic=0.697 depth=0.408 normal=0.248
[86 398/398] semantic=0.683 depth=0.424 normal=0.142
Epoch 086: mIoU=36.708 pix=61.892 abs=0.5699 rel=0.2260 normal_mean=26.372 delta=0.948 wall_h=26.315
[87 1/398] semantic=0.729 depth=0.287 normal=0.139
[87 25/398] semantic=1.757 depth=0.605 normal=0.302
[87 50/398] semantic=1.196 depth=0.513 normal=0.156
[87 75/398] semantic=0.724 depth=0.362 normal=0.091
[87 100/398] semantic=0.894 depth=0.651 normal=0.163
[87 125/398] semantic=0.912 depth=0.374 normal=0.166
[87 150/398] semantic=0.834 depth=0.497 normal=0.215
[87 175/398] semantic=0.866 depth=0.406 normal=0.218
[87 200/398] semantic=0.770 depth=0.304 normal=0.145
[87 225/398] semantic=0.872 depth=0.492 normal=0.141
[87 250/398] semantic=0.793 depth=0.379 normal=0.128
[87 275/398] semantic=0.470 depth=0.335 normal=0.087
[87 300/398] semantic=1.166 depth=0.348 normal=0.156
[87 325/398] semantic=0.613 depth=0.251 normal=0.087
[87 350/398] semantic=0.847 depth=0.252 normal=0.156
[87 375/398] semantic=0.727 depth=0.374 normal=0.128
[87 398/398] semantic=1.056 depth=0.190 normal=0.200
Epoch 087: mIoU=37.112 pix=64.276 abs=0.5655 rel=0.2376 normal_mean=26.622 delta=1.259 wall_h=26.694
[88 1/398] semantic=0.802 depth=0.362 normal=0.113
[88 25/398] semantic=0.532 depth=0.303 normal=0.124
[88 50/398] semantic=1.352 depth=0.406 normal=0.173
[88 75/398] semantic=1.337 depth=0.400 normal=0.243
[88 100/398] semantic=0.821 depth=0.322 normal=0.129
[88 125/398] semantic=0.922 depth=0.840 normal=0.175
[88 150/398] semantic=0.577 depth=0.459 normal=0.130
[88 175/398] semantic=1.174 depth=0.168 normal=0.112
[88 200/398] semantic=1.160 depth=0.418 normal=0.107
[88 225/398] semantic=0.462 depth=0.322 normal=0.099
[88 250/398] semantic=0.781 depth=0.304 normal=0.146
[88 275/398] semantic=0.807 depth=0.334 normal=0.124
[88 300/398] semantic=0.912 depth=0.398 normal=0.171
[88 325/398] semantic=0.691 depth=0.321 normal=0.135
[88 350/398] semantic=1.133 depth=0.225 normal=0.140
[88 375/398] semantic=1.003 depth=0.215 normal=0.125
[88 398/398] semantic=1.117 depth=0.269 normal=0.084
Epoch 088: mIoU=33.229 pix=61.988 abs=0.5785 rel=0.2294 normal_mean=26.453 delta=2.554 wall_h=27.040
[89 1/398] semantic=0.576 depth=0.246 normal=0.107
[89 25/398] semantic=0.982 depth=0.341 normal=0.142
[89 50/398] semantic=0.453 depth=0.215 normal=0.106
[89 75/398] semantic=0.862 depth=0.351 normal=0.152
[89 100/398] semantic=0.795 depth=0.336 normal=0.148
[89 125/398] semantic=0.673 depth=0.413 normal=0.106
[89 150/398] semantic=0.777 depth=0.335 normal=0.092
[89 175/398] semantic=0.777 depth=0.493 normal=0.183
[89 200/398] semantic=0.566 depth=0.247 normal=0.126
[89 225/398] semantic=0.789 depth=0.300 normal=0.183
[89 250/398] semantic=0.550 depth=0.420 normal=0.137
[89 275/398] semantic=1.078 depth=0.295 normal=0.114
[89 300/398] semantic=0.876 depth=0.295 normal=0.144
[89 325/398] semantic=0.688 depth=0.465 normal=0.103
[89 350/398] semantic=1.643 depth=0.286 normal=0.171
[89 375/398] semantic=0.858 depth=0.396 normal=0.128
[89 398/398] semantic=0.828 depth=0.735 normal=0.246
Epoch 089: mIoU=35.706 pix=63.017 abs=0.5516 rel=0.2201 normal_mean=26.399 delta=0.368 wall_h=27.392
[90 1/398] semantic=0.675 depth=0.457 normal=0.137
[90 25/398] semantic=1.019 depth=0.583 normal=0.238
[90 50/398] semantic=0.869 depth=0.432 normal=0.151
[90 75/398] semantic=0.500 depth=0.289 normal=0.131
[90 100/398] semantic=0.839 depth=0.263 normal=0.139
[90 125/398] semantic=0.613 depth=0.582 normal=0.196
[90 150/398] semantic=0.773 depth=0.327 normal=0.119
[90 175/398] semantic=0.811 depth=0.273 normal=0.145
[90 200/398] semantic=0.667 depth=0.288 normal=0.104
[90 225/398] semantic=0.750 depth=0.287 normal=0.139
[90 250/398] semantic=0.578 depth=0.276 normal=0.108
[90 275/398] semantic=0.375 depth=0.335 normal=0.118
[90 300/398] semantic=0.589 depth=0.244 normal=0.138
[90 325/398] semantic=0.543 depth=0.270 normal=0.111
[90 350/398] semantic=0.824 depth=0.320 normal=0.181
[90 375/398] semantic=0.310 depth=0.225 normal=0.079
[90 398/398] semantic=0.537 depth=0.495 normal=0.109
Epoch 090: mIoU=36.514 pix=63.252 abs=0.5565 rel=0.2293 normal_mean=26.259 delta=0.256 wall_h=27.737
[91 1/398] semantic=0.852 depth=0.530 normal=0.178
[91 25/398] semantic=0.564 depth=0.421 normal=0.119
[91 50/398] semantic=0.568 depth=0.478 normal=0.137
[91 75/398] semantic=0.773 depth=0.362 normal=0.106
[91 100/398] semantic=0.482 depth=0.213 normal=0.102
[91 125/398] semantic=0.721 depth=0.409 normal=0.121
[91 150/398] semantic=0.610 depth=0.356 normal=0.186
[91 175/398] semantic=0.589 depth=0.286 normal=0.113
[91 200/398] semantic=1.275 depth=0.444 normal=0.131
[91 225/398] semantic=0.588 depth=0.381 normal=0.155
[91 250/398] semantic=0.937 depth=0.311 normal=0.189
[91 275/398] semantic=0.407 depth=0.312 normal=0.104
[91 300/398] semantic=1.018 depth=0.544 normal=0.126
[91 325/398] semantic=1.054 depth=0.327 normal=0.143
[91 350/398] semantic=1.020 depth=0.781 normal=0.236
[91 375/398] semantic=0.468 depth=0.245 normal=0.075
[91 398/398] semantic=0.968 depth=0.458 normal=0.111
Epoch 091: mIoU=36.809 pix=63.213 abs=0.5540 rel=0.2307 normal_mean=26.844 delta=1.763 wall_h=28.084
[92 1/398] semantic=0.952 depth=0.560 normal=0.163
[92 25/398] semantic=0.622 depth=0.280 normal=0.138
[92 50/398] semantic=0.627 depth=0.344 normal=0.099
[92 75/398] semantic=0.808 depth=0.468 normal=0.182
[92 100/398] semantic=0.912 depth=0.375 normal=0.135
[92 125/398] semantic=0.738 depth=0.468 normal=0.109
[92 150/398] semantic=0.852 depth=0.365 normal=0.134
[92 175/398] semantic=0.802 depth=0.541 normal=0.114
[92 200/398] semantic=0.569 depth=0.326 normal=0.094
[92 225/398] semantic=0.892 depth=0.297 normal=0.134
[92 250/398] semantic=0.418 depth=0.339 normal=0.175
[92 275/398] semantic=0.670 depth=0.460 normal=0.148
[92 300/398] semantic=0.839 depth=0.368 normal=0.127
[92 325/398] semantic=1.017 depth=0.511 normal=0.141
[92 350/398] semantic=0.964 depth=0.292 normal=0.118
[92 375/398] semantic=0.640 depth=0.227 normal=0.133
[92 398/398] semantic=0.482 depth=0.367 normal=0.106
Epoch 092: mIoU=34.442 pix=61.393 abs=0.5910 rel=0.2337 normal_mean=26.382 delta=2.301 wall_h=28.392
[93 1/398] semantic=0.862 depth=0.160 normal=0.136
[93 25/398] semantic=0.501 depth=0.493 normal=0.150
[93 50/398] semantic=0.899 depth=0.255 normal=0.108
[93 75/398] semantic=0.678 depth=0.427 normal=0.246
[93 100/398] semantic=0.817 depth=0.314 normal=0.139
[93 125/398] semantic=0.609 depth=0.319 normal=0.152
[93 150/398] semantic=0.801 depth=0.458 normal=0.182
[93 175/398] semantic=0.742 depth=0.421 normal=0.127
[93 200/398] semantic=0.787 depth=0.461 normal=0.156
[93 225/398] semantic=0.643 depth=0.256 normal=0.088
[93 250/398] semantic=1.140 depth=0.434 normal=0.206
[93 275/398] semantic=0.993 depth=0.215 normal=0.111
[93 300/398] semantic=0.632 depth=0.338 normal=0.156
[93 325/398] semantic=0.888 depth=0.296 normal=0.170
[93 350/398] semantic=1.181 depth=0.344 normal=0.147
[93 375/398] semantic=0.733 depth=0.213 normal=0.122
[93 398/398] semantic=0.525 depth=0.201 normal=0.130
Epoch 093: mIoU=35.525 pix=62.702 abs=0.5272 rel=0.2149 normal_mean=26.447 delta=0.469 wall_h=28.698
[94 1/398] semantic=0.653 depth=0.279 normal=0.100
[94 25/398] semantic=0.744 depth=0.350 normal=0.113
[94 50/398] semantic=0.287 depth=0.208 normal=0.092
[94 75/398] semantic=0.596 depth=0.367 normal=0.164
[94 100/398] semantic=0.692 depth=0.464 normal=0.181
[94 125/398] semantic=1.038 depth=0.175 normal=0.102
[94 150/398] semantic=0.493 depth=0.627 normal=0.196
[94 175/398] semantic=0.756 depth=0.336 normal=0.144
[94 200/398] semantic=0.608 depth=0.485 normal=0.165
[94 225/398] semantic=0.972 depth=0.335 normal=0.139
[94 250/398] semantic=0.306 depth=0.482 normal=0.122
[94 275/398] semantic=0.589 depth=0.332 normal=0.123
[94 300/398] semantic=0.488 depth=0.295 normal=0.117
[94 325/398] semantic=0.496 depth=0.246 normal=0.121
[94 350/398] semantic=0.666 depth=0.260 normal=0.106
[94 375/398] semantic=0.807 depth=0.481 normal=0.147
[94 398/398] semantic=1.092 depth=0.342 normal=0.098
Epoch 094: mIoU=35.792 pix=61.664 abs=0.5443 rel=0.2336 normal_mean=26.412 delta=1.621 wall_h=29.005
[95 1/398] semantic=1.204 depth=0.293 normal=0.256
[95 25/398] semantic=0.513 depth=0.248 normal=0.158
[95 50/398] semantic=0.619 depth=0.281 normal=0.127
[95 75/398] semantic=0.964 depth=0.413 normal=0.149
[95 100/398] semantic=0.483 depth=0.243 normal=0.091
[95 125/398] semantic=0.605 depth=0.253 normal=0.146
[95 150/398] semantic=0.999 depth=0.214 normal=0.161
[95 175/398] semantic=0.627 depth=0.173 normal=0.094
[95 200/398] semantic=0.672 depth=0.289 normal=0.136
[95 225/398] semantic=1.192 depth=0.395 normal=0.109
[95 250/398] semantic=0.494 depth=0.459 normal=0.122
[95 275/398] semantic=0.863 depth=0.315 normal=0.106
[95 300/398] semantic=0.544 depth=0.542 normal=0.130
[95 325/398] semantic=0.950 depth=0.368 normal=0.208
[95 350/398] semantic=0.443 depth=0.243 normal=0.084
[95 375/398] semantic=0.793 depth=0.281 normal=0.123
[95 398/398] semantic=0.480 depth=0.838 normal=0.121
Epoch 095: mIoU=36.901 pix=62.896 abs=0.5920 rel=0.2235 normal_mean=26.040 delta=-0.033 wall_h=29.308
[96 1/398] semantic=0.389 depth=0.240 normal=0.082
[96 25/398] semantic=0.677 depth=0.341 normal=0.189
[96 50/398] semantic=0.739 depth=0.413 normal=0.129
h=2 epochs=200 model=mtan
RESULT /mloscratch/homes/mirrokni/LMO-MOO/results/nyuv2/modo_sd42.stats
CHECKPOINT /mloscratch/homes/mirrokni/LMO-MOO/results/checkpoints/nyuv2/modo_sd42.pt
OPTIMIZER Adam lr=0.0001
RUN dataset=nyuv2 method=modo seed=42 lr=0.0001 batch=2 epochs=200 model=mtan
RESULT /mloscratch/homes/mirrokni/LMO-MOO/results/nyuv2/modo_sd42.stats
CHECKPOINT /mloscratch/homes/mirrokni/LMO-MOO/results/checkpoints/nyuv2/modo_sd42.pt
OPTIMIZER Adam lr=0.0001
RESUME epoch=96 phase=train next_batch=65/398
[96 75/398] semantic=0.857 depth=0.353 normal=0.125
[96 100/398] semantic=0.803 depth=0.326 normal=0.143
[96 125/398] semantic=1.319 depth=0.404 normal=0.187
[96 150/398] semantic=0.723 depth=0.362 normal=0.166
[96 175/398] semantic=0.638 depth=0.304 normal=0.111
[96 200/398] semantic=0.614 depth=0.316 normal=0.125
[96 225/398] semantic=0.878 depth=0.336 normal=0.083
[96 250/398] semantic=0.775 depth=0.242 normal=0.186
[96 275/398] semantic=0.708 depth=0.455 normal=0.160
[96 300/398] semantic=0.798 depth=0.409 normal=0.159
[96 325/398] semantic=0.722 depth=0.257 normal=0.146
[96 350/398] semantic=0.782 depth=0.433 normal=0.162
[96 375/398] semantic=0.653 depth=0.258 normal=0.103
[96 398/398] semantic=0.745 depth=0.555 normal=0.224
Epoch 096: mIoU=37.361 pix=62.596 abs=0.5572 rel=0.2191 normal_mean=26.567 delta=0.315 wall_h=29.635
[97 1/398] semantic=0.634 depth=0.413 normal=0.188
[97 25/398] semantic=0.601 depth=0.345 normal=0.132
[97 50/398] semantic=0.769 depth=0.480 normal=0.162
[97 75/398] semantic=0.566 depth=0.336 normal=0.084
[97 100/398] semantic=0.657 depth=0.388 normal=0.114
[97 125/398] semantic=2.127 depth=0.449 normal=0.150
[97 150/398] semantic=0.659 depth=0.313 normal=0.126
[97 175/398] semantic=0.799 depth=0.259 normal=0.136
[97 200/398] semantic=0.767 depth=0.353 normal=0.141
[97 225/398] semantic=0.726 depth=0.384 normal=0.135
[97 250/398] semantic=0.511 depth=0.281 normal=0.092
[97 275/398] semantic=0.543 depth=0.568 normal=0.175
[97 300/398] semantic=0.644 depth=0.389 normal=0.175
[97 325/398] semantic=0.559 depth=0.391 normal=0.128
[97 350/398] semantic=1.080 depth=0.489 normal=0.162
[97 375/398] semantic=0.836 depth=0.283 normal=0.137
[97 398/398] semantic=1.012 depth=0.276 normal=0.160
Epoch 097: mIoU=37.233 pix=64.384 abs=0.5642 rel=0.2319 normal_mean=26.378 delta=-0.112 wall_h=29.942
[98 1/398] semantic=0.810 depth=0.416 normal=0.121
[98 25/398] semantic=0.630 depth=0.443 normal=0.091
[98 50/398] semantic=0.772 depth=0.168 normal=0.105
[98 75/398] semantic=0.686 depth=0.372 normal=0.184
[98 100/398] semantic=0.492 depth=0.224 normal=0.111
[98 125/398] semantic=0.531 depth=0.363 normal=0.140
[98 150/398] semantic=0.366 depth=0.190 normal=0.084
[98 175/398] semantic=0.480 depth=0.419 normal=0.103
[98 200/398] semantic=0.699 depth=0.560 normal=0.156
[98 225/398] semantic=1.023 depth=0.532 normal=0.230
[98 250/398] semantic=0.670 depth=0.328 normal=0.170
[98 275/398] semantic=0.632 depth=0.188 normal=0.132
[98 300/398] semantic=0.507 depth=0.230 normal=0.084
[98 325/398] semantic=0.571 depth=0.339 normal=0.101
[98 350/398] semantic=0.712 depth=0.419 normal=0.146
[98 375/398] semantic=1.542 depth=0.336 normal=0.183
[98 398/398] semantic=0.618 depth=0.331 normal=0.101
Epoch 098: mIoU=34.181 pix=63.409 abs=0.5722 rel=0.2308 normal_mean=26.513 delta=1.939 wall_h=30.248
[99 1/398] semantic=0.656 depth=0.314 normal=0.106
[99 25/398] semantic=0.354 depth=0.204 normal=0.105
[99 50/398] semantic=0.550 depth=0.268 normal=0.122
[99 75/398] semantic=0.787 depth=0.491 normal=0.159
[99 100/398] semantic=0.718 depth=0.466 normal=0.156
[99 125/398] semantic=0.760 depth=0.305 normal=0.131
[99 150/398] semantic=0.620 depth=0.207 normal=0.117
[99 175/398] semantic=0.739 depth=0.342 normal=0.149
[99 200/398] semantic=0.618 depth=0.383 normal=0.137
[99 225/398] semantic=0.558 depth=0.324 normal=0.081
[99 250/398] semantic=0.830 depth=0.246 normal=0.141
[99 275/398] semantic=0.501 depth=0.440 normal=0.135
[99 300/398] semantic=1.066 depth=0.469 normal=0.191
[99 325/398] semantic=0.792 depth=0.247 normal=0.140
[99 350/398] semantic=0.610 depth=0.230 normal=0.106
[99 375/398] semantic=0.484 depth=0.404 normal=0.135
[99 398/398] semantic=1.288 depth=0.461 normal=0.146
Epoch 099: mIoU=37.897 pix=64.448 abs=0.5636 rel=0.2446 normal_mean=26.189 delta=0.092 wall_h=30.552
[100 1/398] semantic=1.009 depth=0.289 normal=0.125
[100 25/398] semantic=0.722 depth=0.387 normal=0.156
[100 50/398] semantic=1.056 depth=0.307 normal=0.191
[100 75/398] semantic=0.621 depth=0.241 normal=0.214
[100 100/398] semantic=1.107 depth=0.392 normal=0.133
[100 125/398] semantic=0.366 depth=0.237 normal=0.082
[100 150/398] semantic=0.493 depth=0.191 normal=0.076
[100 175/398] semantic=0.772 depth=0.491 normal=0.156
[100 200/398] semantic=0.729 depth=0.249 normal=0.129
[100 225/398] semantic=0.841 depth=0.317 normal=0.139
[100 250/398] semantic=0.773 depth=0.360 normal=0.099
[100 275/398] semantic=0.509 depth=0.357 normal=0.106
[100 300/398] semantic=0.570 depth=0.418 normal=0.139
[100 325/398] semantic=0.679 depth=0.392 normal=0.116
[100 350/398] semantic=0.740 depth=0.367 normal=0.139
[100 375/398] semantic=1.214 depth=0.449 normal=0.208
[100 398/398] semantic=0.893 depth=0.447 normal=0.146
Epoch 100: mIoU=37.623 pix=63.562 abs=0.5537 rel=0.2257 normal_mean=26.279 delta=-0.593 wall_h=30.858
[101 1/398] semantic=0.736 depth=0.394 normal=0.105
[101 25/398] semantic=0.664 depth=0.230 normal=0.080
[101 50/398] semantic=0.447 depth=0.295 normal=0.122
[101 75/398] semantic=0.434 depth=0.144 normal=0.091
[101 100/398] semantic=0.631 depth=0.248 normal=0.134
[101 125/398] semantic=1.143 depth=0.288 normal=0.167
[101 150/398] semantic=0.493 depth=0.414 normal=0.100
[101 175/398] semantic=1.278 depth=0.390 normal=0.191
[101 200/398] semantic=0.525 depth=0.270 normal=0.100
[101 225/398] semantic=0.418 depth=0.275 normal=0.113
[101 250/398] semantic=0.829 depth=0.259 normal=0.209
[101 275/398] semantic=0.825 depth=0.338 normal=0.135
[101 300/398] semantic=0.603 depth=0.195 normal=0.115
[101 325/398] semantic=0.313 depth=0.240 normal=0.103
[101 350/398] semantic=0.650 depth=0.230 normal=0.136
[101 375/398] semantic=0.546 depth=0.204 normal=0.123
[101 398/398] semantic=1.507 depth=0.271 normal=0.249
Epoch 101: mIoU=38.261 pix=65.237 abs=0.5560 rel=0.2290 normal_mean=25.973 delta=-1.286 wall_h=31.173
[102 1/398] semantic=0.608 depth=0.248 normal=0.110
[102 25/398] semantic=0.524 depth=0.333 normal=0.120
[102 50/398] semantic=0.385 depth=0.309 normal=0.101
[102 75/398] semantic=0.672 depth=0.226 normal=0.140
[102 100/398] semantic=0.351 depth=0.173 normal=0.081
[102 125/398] semantic=0.300 depth=0.190 normal=0.062
[102 150/398] semantic=0.640 depth=0.333 normal=0.108
[102 175/398] semantic=1.350 depth=0.312 normal=0.084
[102 200/398] semantic=0.513 depth=0.386 normal=0.098
[102 225/398] semantic=0.741 depth=0.487 normal=0.152
[102 250/398] semantic=0.510 depth=0.423 normal=0.116
[102 275/398] semantic=0.548 depth=0.211 normal=0.111
[102 300/398] semantic=0.795 depth=0.480 normal=0.147
[102 325/398] semantic=0.304 depth=0.253 normal=0.101
[102 350/398] semantic=0.996 depth=0.387 normal=0.203
[102 375/398] semantic=0.370 depth=0.311 normal=0.087
[102 398/398] semantic=0.450 depth=0.280 normal=0.147
Epoch 102: mIoU=38.225 pix=64.700 abs=0.5468 rel=0.2155 normal_mean=25.701 delta=-2.607 wall_h=31.495
[103 1/398] semantic=0.988 depth=0.172 normal=0.139
[103 25/398] semantic=1.105 depth=0.657 normal=0.110
[103 50/398] semantic=0.565 depth=0.343 normal=0.136
[103 75/398] semantic=0.739 depth=0.269 normal=0.135
[103 100/398] semantic=0.360 depth=0.218 normal=0.097
[103 125/398] semantic=0.285 depth=0.249 normal=0.093
[103 150/398] semantic=0.629 depth=0.293 normal=0.155
[103 175/398] semantic=0.857 depth=0.432 normal=0.211
[103 200/398] semantic=0.582 depth=0.320 normal=0.123
[103 225/398] semantic=0.383 depth=0.368 normal=0.113
[103 250/398] semantic=0.487 depth=0.303 normal=0.084
[103 275/398] semantic=0.338 depth=0.248 normal=0.068
[103 300/398] semantic=0.893 depth=0.381 normal=0.178
[103 325/398] semantic=0.626 depth=0.205 normal=0.082
[103 350/398] semantic=0.644 depth=0.305 normal=0.127
[103 375/398] semantic=0.627 depth=0.375 normal=0.088
[103 398/398] semantic=1.384 depth=0.232 normal=0.235
Epoch 103: mIoU=38.518 pix=65.381 abs=0.5346 rel=0.2222 normal_mean=25.614 delta=-2.684 wall_h=31.815
[104 1/398] semantic=0.757 depth=0.512 normal=0.179
[104 25/398] semantic=0.545 depth=0.360 normal=0.144
[104 50/398] semantic=0.619 depth=0.311 normal=0.074
[104 75/398] semantic=0.730 depth=0.300 normal=0.143
[104 100/398] semantic=0.456 depth=0.249 normal=0.142
[104 125/398] semantic=0.421 depth=0.271 normal=0.075
[104 150/398] semantic=1.168 depth=0.225 normal=0.147
[104 175/398] semantic=0.382 depth=0.322 normal=0.095
[104 200/398] semantic=0.502 depth=0.171 normal=0.081
[104 225/398] semantic=0.740 depth=0.312 normal=0.146
[104 250/398] semantic=0.544 depth=0.670 normal=0.153
[104 275/398] semantic=0.527 depth=0.441 normal=0.157
[104 300/398] semantic=0.509 depth=0.296 normal=0.078
[104 325/398] semantic=0.436 depth=0.304 normal=0.154
[104 350/398] semantic=0.874 depth=0.456 normal=0.175
[104 375/398] semantic=0.700 depth=0.322 normal=0.166
[104 398/398] semantic=0.550 depth=0.234 normal=0.134
Epoch 104: mIoU=37.168 pix=63.915 abs=0.5354 rel=0.2212 normal_mean=25.678 delta=-2.075 wall_h=32.131
[105 1/398] semantic=0.812 depth=0.582 normal=0.218
[105 25/398] semantic=0.376 depth=0.228 normal=0.073
[105 50/398] semantic=0.355 depth=0.230 normal=0.146
[105 75/398] semantic=0.226 depth=0.305 normal=0.072
[105 100/398] semantic=0.384 depth=0.252 normal=0.116
[105 125/398] semantic=1.248 depth=0.269 normal=0.171
[105 150/398] semantic=0.608 depth=0.319 normal=0.110
[105 175/398] semantic=0.510 depth=0.287 normal=0.135
[105 200/398] semantic=0.521 depth=0.231 normal=0.095
[105 225/398] semantic=0.989 depth=0.193 normal=0.103
[105 250/398] semantic=0.485 depth=0.282 normal=0.131
[105 275/398] semantic=0.660 depth=0.265 normal=0.080
[105 300/398] semantic=0.357 depth=0.202 normal=0.122
[105 325/398] semantic=0.418 depth=0.231 normal=0.136
[105 350/398] semantic=0.684 depth=0.372 normal=0.224
[105 375/398] semantic=0.384 depth=0.189 normal=0.088
[105 398/398] semantic=0.493 depth=0.204 normal=0.120
Epoch 105: mIoU=38.022 pix=65.052 abs=0.5433 rel=0.2176 normal_mean=25.803 delta=-2.116 wall_h=32.456
[106 1/398] semantic=0.496 depth=0.173 normal=0.112
[106 25/398] semantic=0.414 depth=0.461 normal=0.087
[106 50/398] semantic=0.540 depth=0.333 normal=0.123
[106 75/398] semantic=0.501 depth=0.268 normal=0.068
[106 100/398] semantic=0.360 depth=0.372 normal=0.081
[106 125/398] semantic=0.602 depth=0.198 normal=0.133
[106 150/398] semantic=0.576 depth=0.432 normal=0.109
[106 175/398] semantic=0.646 depth=0.281 normal=0.200
[106 200/398] semantic=0.918 depth=0.444 normal=0.159
[106 225/398] semantic=0.598 depth=0.301 normal=0.140
[106 250/398] semantic=0.258 depth=0.283 normal=0.085
[106 275/398] semantic=0.458 depth=0.227 normal=0.144
[106 300/398] semantic=0.707 depth=0.281 normal=0.155
[106 325/398] semantic=0.350 depth=0.199 normal=0.100
[106 350/398] semantic=0.605 depth=0.321 normal=0.160
[106 375/398] semantic=0.565 depth=0.511 normal=0.171
[106 398/398] semantic=0.707 depth=0.251 normal=0.230
Epoch 106: mIoU=37.986 pix=64.343 abs=0.5571 rel=0.2198 normal_mean=25.938 delta=-1.926 wall_h=32.778
[107 1/398] semantic=0.328 depth=0.254 normal=0.089
[107 25/398] semantic=0.793 depth=0.222 normal=0.131
[107 50/398] semantic=0.406 depth=0.286 normal=0.100
[107 75/398] semantic=0.783 depth=0.374 normal=0.183
[107 100/398] semantic=0.777 depth=0.324 normal=0.136
[107 125/398] semantic=0.320 depth=0.238 normal=0.091
[107 150/398] semantic=1.455 depth=0.195 normal=0.134
[107 175/398] semantic=0.691 depth=0.252 normal=0.104
[107 200/398] semantic=0.542 depth=0.350 normal=0.164
[107 225/398] semantic=0.454 depth=0.397 normal=0.149
[107 250/398] semantic=0.330 depth=0.215 normal=0.126
[107 275/398] semantic=0.681 depth=0.329 normal=0.206
[107 300/398] semantic=0.731 depth=0.331 normal=0.162
[107 325/398] semantic=0.391 depth=0.328 normal=0.105
[107 350/398] semantic=0.381 depth=0.250 normal=0.107
[107 375/398] semantic=0.351 depth=0.578 normal=0.124
[107 398/398] semantic=0.979 depth=0.421 normal=0.157
Epoch 107: mIoU=38.824 pix=64.879 abs=0.5377 rel=0.2278 normal_mean=25.628 delta=-2.739 wall_h=33.104
[108 1/398] semantic=0.562 depth=0.281 normal=0.108
[108 25/398] semantic=0.413 depth=0.334 normal=0.168
[108 50/398] semantic=0.474 depth=0.217 normal=0.109
[108 75/398] semantic=0.694 depth=0.217 normal=0.184
[108 100/398] semantic=0.919 depth=0.359 normal=0.163
[108 125/398] semantic=0.467 depth=0.271 normal=0.077
[108 150/398] semantic=0.498 depth=0.303 normal=0.108
[108 175/398] semantic=0.369 depth=0.399 normal=0.132
[108 200/398] semantic=0.339 depth=0.361 normal=0.092
[108 225/398] semantic=0.556 depth=0.386 normal=0.140
[108 250/398] semantic=0.403 depth=0.241 normal=0.084
[108 275/398] semantic=0.607 depth=0.236 normal=0.106
[108 300/398] semantic=0.764 depth=0.408 normal=0.154
[108 325/398] semantic=0.596 depth=0.331 normal=0.156
[108 350/398] semantic=0.337 depth=0.317 normal=0.077
[108 375/398] semantic=0.529 depth=0.436 normal=0.129
[108 398/398] semantic=0.664 depth=0.280 normal=0.097
Epoch 108: mIoU=37.194 pix=63.828 abs=0.5484 rel=0.2130 normal_mean=25.885 delta=-2.068 wall_h=33.419
[109 1/398] semantic=0.470 depth=0.243 normal=0.131
[109 25/398] semantic=0.468 depth=0.212 normal=0.157
[109 50/398] semantic=0.597 depth=0.334 normal=0.091
[109 75/398] semantic=0.538 depth=0.347 normal=0.117
[109 100/398] semantic=0.428 depth=0.249 normal=0.129
[109 125/398] semantic=0.597 depth=0.284 normal=0.134
[109 150/398] semantic=0.861 depth=0.318 normal=0.164
[109 175/398] semantic=0.982 depth=0.242 normal=0.141
[109 200/398] semantic=0.406 depth=0.243 normal=0.095
[109 225/398] semantic=0.297 depth=0.282 normal=0.110
[109 250/398] semantic=0.580 depth=0.255 normal=0.089
[109 275/398] semantic=0.445 depth=0.203 normal=0.101
[109 300/398] semantic=0.953 depth=0.265 normal=0.209
[109 325/398] semantic=0.586 depth=0.286 normal=0.129
[109 350/398] semantic=0.411 depth=0.243 normal=0.101
[109 375/398] semantic=0.375 depth=0.446 normal=0.132
[109 398/398] semantic=1.066 depth=0.424 normal=0.242
Epoch 109: mIoU=37.316 pix=64.234 abs=0.5421 rel=0.2285 normal_mean=25.681 delta=-2.155 wall_h=33.730
[110 1/398] semantic=0.538 depth=0.228 normal=0.134
[110 25/398] semantic=0.635 depth=0.283 normal=0.090
[110 50/398] semantic=0.568 depth=0.158 normal=0.105
[110 75/398] semantic=0.375 depth=0.301 normal=0.130
[110 100/398] semantic=0.631 depth=0.314 normal=0.194
[110 125/398] semantic=0.517 depth=0.262 normal=0.120
[110 150/398] semantic=0.749 depth=0.232 normal=0.102
[110 175/398] semantic=0.561 depth=0.277 normal=0.101
[110 200/398] semantic=2.002 depth=0.354 normal=0.160
[110 225/398] semantic=0.208 depth=0.190 normal=0.112
[110 250/398] semantic=0.639 depth=0.393 normal=0.186
[110 275/398] semantic=0.317 depth=0.357 normal=0.130
[110 300/398] semantic=0.592 depth=0.273 normal=0.182
[110 325/398] semantic=0.456 depth=0.250 normal=0.095
[110 350/398] semantic=0.267 depth=0.199 normal=0.082
[110 375/398] semantic=0.612 depth=0.361 normal=0.196
[110 398/398] semantic=0.845 depth=0.344 normal=0.191
Epoch 110: mIoU=36.894 pix=63.589 abs=0.5589 rel=0.2214 normal_mean=25.879 delta=-1.111 wall_h=34.040
[111 1/398] semantic=0.428 depth=0.275 normal=0.140
[111 25/398] semantic=0.612 depth=0.259 normal=0.119
[111 50/398] semantic=0.751 depth=0.251 normal=0.122
[111 75/398] semantic=0.846 depth=0.231 normal=0.121
[111 100/398] semantic=0.637 depth=0.278 normal=0.142
[111 125/398] semantic=0.336 depth=0.341 normal=0.140
[111 150/398] semantic=0.469 depth=0.473 normal=0.181
[111 175/398] semantic=0.465 depth=0.309 normal=0.078
[111 200/398] semantic=0.325 depth=0.130 normal=0.101
[111 225/398] semantic=0.311 depth=0.167 normal=0.123
[111 250/398] semantic=0.394 depth=0.293 normal=0.121
[111 275/398] semantic=0.565 depth=0.243 normal=0.126
[111 300/398] semantic=2.217 depth=0.719 normal=0.418
[111 325/398] semantic=0.347 depth=0.265 normal=0.085
[111 350/398] semantic=0.720 depth=0.351 normal=0.119
[111 375/398] semantic=0.572 depth=0.236 normal=0.089
[111 398/398] semantic=0.357 depth=0.238 normal=0.076
Epoch 111: mIoU=39.473 pix=64.725 abs=0.5568 rel=0.2164 normal_mean=25.684 delta=-2.840 wall_h=34.346
[112 1/398] semantic=0.656 depth=0.297 normal=0.153
[112 25/398] semantic=0.424 depth=0.262 normal=0.118
[112 50/398] semantic=0.688 depth=0.281 normal=0.109
[112 75/398] semantic=0.639 depth=0.296 normal=0.116
[112 100/398] semantic=0.749 depth=0.274 normal=0.167
[112 125/398] semantic=0.454 depth=0.321 normal=0.077
[112 150/398] semantic=0.208 depth=0.246 normal=0.076
[112 175/398] semantic=0.909 depth=0.246 normal=0.217
[112 200/398] semantic=0.363 depth=0.302 normal=0.106
[112 225/398] semantic=0.439 depth=0.236 normal=0.143
[112 250/398] semantic=0.269 depth=0.326 normal=0.065
[112 275/398] semantic=0.599 depth=0.229 normal=0.135
[112 300/398] semantic=0.331 depth=0.324 normal=0.131
[112 325/398] semantic=0.240 depth=0.205 normal=0.088
[112 350/398] semantic=0.477 depth=0.189 normal=0.089
[112 375/398] semantic=0.659 depth=0.421 normal=0.130
[112 398/398] semantic=0.265 depth=0.241 normal=0.100
Epoch 112: mIoU=39.763 pix=65.244 abs=0.5308 rel=0.2144 normal_mean=25.657 delta=-3.625 wall_h=34.652
[113 1/398] semantic=0.481 depth=0.347 normal=0.124
[113 25/398] semantic=0.548 depth=0.344 normal=0.124
[113 50/398] semantic=0.641 depth=0.377 normal=0.168
[113 75/398] semantic=0.288 depth=0.260 normal=0.117
[113 100/398] semantic=0.562 depth=0.304 normal=0.091
[113 125/398] semantic=0.692 depth=0.271 normal=0.108
[113 150/398] semantic=0.668 depth=0.381 normal=0.156
[113 175/398] semantic=0.365 depth=0.222 normal=0.094
[113 200/398] semantic=0.514 depth=0.348 normal=0.129
RUN dataset=nyuv2 method=modo seed=42 lr=0.0001 batch=2 epochs=200 model=mtan
RESULT /mloscratch/homes/mirrokni/LMO-MOO/results/nyuv2/modo_sd42.stats
CHECKPOINT /mloscratch/homes/mirrokni/LMO-MOO/results/checkpoints/nyuv2/modo_sd42.pt
OPTIMIZER Adam lr=0.0001
RESUME epoch=113 phase=train next_batch=221/398
[113 225/398] semantic=0.329 depth=0.142 normal=0.094
RUN dataset=nyuv2 method=modo seed=42 lr=0.0001 batch=2 epochs=200 model=mtan
RESULT /mloscratch/homes/mirrokni/LMO-MOO/results/nyuv2/modo_sd42.stats
CHECKPOINT /mloscratch/homes/mirrokni/LMO-MOO/results/checkpoints/nyuv2/modo_sd42.pt
OPTIMIZER Adam lr=0.0001
RESUME epoch=113 phase=train next_batch=234/398
[113 250/398] semantic=0.684 depth=0.279 normal=0.100
[113 275/398] semantic=0.544 depth=0.231 normal=0.117
[113 300/398] semantic=0.730 depth=0.331 normal=0.149
[113 325/398] semantic=0.256 depth=0.337 normal=0.079
[113 350/398] semantic=0.485 depth=0.454 normal=0.160
[113 375/398] semantic=0.449 depth=0.242 normal=0.146
[113 398/398] semantic=0.462 depth=0.152 normal=0.112
RUN dataset=nyuv2 method=modo seed=42 lr=0.0001 batch=2 epochs=200 model=mtan
RESULT /mloscratch/homes/mirrokni/LMO-MOO/results/nyuv2/modo_sd42.stats
CHECKPOINT /mloscratch/homes/mirrokni/LMO-MOO/results/checkpoints/nyuv2/modo_sd42.pt
OPTIMIZER Adam lr=0.0001
RESUME epoch=113 phase=evaluate next_batch=180/327
Epoch 113: mIoU=38.937 pix=64.588 abs=0.5510 rel=0.2219 normal_mean=25.834 delta=-2.024 wall_h=35.009
[114 1/398] semantic=0.334 depth=0.177 normal=0.100
[114 25/398] semantic=0.626 depth=0.305 normal=0.101
[114 50/398] semantic=0.863 depth=0.682 normal=0.202
[114 75/398] semantic=0.745 depth=0.499 normal=0.136
[114 100/398] semantic=0.556 depth=0.275 normal=0.144
[114 125/398] semantic=0.508 depth=0.226 normal=0.073
[114 150/398] semantic=0.506 depth=0.265 normal=0.100
[114 175/398] semantic=0.573 depth=0.298 normal=0.091
[114 200/398] semantic=0.638 depth=0.219 normal=0.115
[114 225/398] semantic=0.754 depth=0.240 normal=0.127
[114 250/398] semantic=0.647 depth=0.355 normal=0.145
[114 275/398] semantic=0.466 depth=0.306 normal=0.131
[114 300/398] semantic=0.719 depth=0.232 normal=0.177
[114 325/398] semantic=0.876 depth=0.239 normal=0.123
[114 350/398] semantic=0.732 depth=0.560 normal=0.209
[114 375/398] semantic=0.546 depth=0.260 normal=0.113
[114 398/398] semantic=0.465 depth=0.220 normal=0.143
Epoch 114: mIoU=39.010 pix=64.570 abs=0.5456 rel=0.2164 normal_mean=25.584 delta=-2.959 wall_h=35.353
[115 1/398] semantic=0.918 depth=0.289 normal=0.187
[115 25/398] semantic=0.362 depth=0.306 normal=0.082
[115 50/398] semantic=0.633 depth=0.269 normal=0.152
[115 75/398] semantic=0.443 depth=0.224 normal=0.092
[115 100/398] semantic=0.452 depth=0.244 normal=0.168
[115 125/398] semantic=0.395 depth=0.287 normal=0.086
[115 150/398] semantic=0.583 depth=0.279 normal=0.130
[115 175/398] semantic=0.435 depth=0.287 normal=0.114
[115 200/398] semantic=0.350 depth=0.193 normal=0.158
[115 225/398] semantic=0.432 depth=0.236 normal=0.091
RUN dataset=nyuv2 method=modo seed=42 lr=0.0001 batch=2 epochs=200 model=mtan
RESULT /mloscratch/homes/mirrokni/LMO-MOO/results/nyuv2/modo_sd42.stats
CHECKPOINT /mloscratch/homes/mirrokni/LMO-MOO/results/checkpoints/nyuv2/modo_sd42.pt
OPTIMIZER Adam lr=0.0001
RESUME epoch=115 phase=train next_batch=236/398
[115 250/398] semantic=0.352 depth=0.265 normal=0.072
[115 275/398] semantic=0.839 depth=0.287 normal=0.115
[115 300/398] semantic=0.347 depth=0.195 normal=0.079
[115 325/398] semantic=0.580 depth=0.227 normal=0.146
[115 350/398] semantic=0.658 depth=0.238 normal=0.161
[115 375/398] semantic=0.428 depth=0.446 normal=0.121
[115 398/398] semantic=0.487 depth=0.316 normal=0.142
Epoch 115: mIoU=37.957 pix=63.888 abs=0.5283 rel=0.2236 normal_mean=25.986 delta=-1.307 wall_h=35.755
[116 1/398] semantic=0.350 depth=0.233 normal=0.110
[116 25/398] semantic=0.453 depth=0.344 normal=0.136
[116 50/398] semantic=0.480 depth=0.284 normal=0.129
[116 75/398] semantic=0.807 depth=0.364 normal=0.169
[116 100/398] semantic=0.316 depth=0.294 normal=0.118
[116 125/398] semantic=0.241 depth=0.171 normal=0.086
[116 150/398] semantic=0.516 depth=0.519 normal=0.136
[116 175/398] semantic=0.570 depth=0.247 normal=0.114
[116 200/398] semantic=0.433 depth=0.279 normal=0.112
[116 225/398] semantic=0.448 depth=0.304 normal=0.219
[116 250/398] semantic=0.569 depth=0.239 normal=0.103
[116 275/398] semantic=0.405 depth=0.345 normal=0.079
[116 300/398] semantic=0.446 depth=0.235 normal=0.096
[116 325/398] semantic=0.403 depth=0.243 normal=0.127
[116 350/398] semantic=0.523 depth=0.159 normal=0.085
[116 375/398] semantic=0.715 depth=0.435 normal=0.126
[116 398/398] semantic=0.622 depth=0.279 normal=0.078
RUN dataset=nyuv2 method=modo seed=42 lr=0.0001 batch=2 epochs=200 model=mtan
RESULT /mloscratch/homes/mirrokni/LMO-MOO/results/nyuv2/modo_sd42.stats
CHECKPOINT /mloscratch/homes/mirrokni/LMO-MOO/results/checkpoints/nyuv2/modo_sd42.pt
OPTIMIZER Adam lr=0.0001
RESUME epoch=116 phase=evaluate next_batch=173/327
Epoch 116: mIoU=38.129 pix=64.207 abs=0.5556 rel=0.2163 normal_mean=25.544 delta=-2.746 wall_h=36.151
[117 1/398] semantic=0.300 depth=0.176 normal=0.083
[117 25/398] semantic=0.789 depth=0.214 normal=0.120
[117 50/398] semantic=0.509 depth=0.229 normal=0.170
[117 75/398] semantic=0.294 depth=0.330 normal=0.138
[117 100/398] semantic=0.446 depth=0.278 normal=0.109
[117 125/398] semantic=0.369 depth=0.248 normal=0.143
[117 150/398] semantic=0.529 depth=0.219 normal=0.106
[117 175/398] semantic=0.367 depth=0.244 normal=0.100
[117 200/398] semantic=0.351 depth=0.192 normal=0.117
[117 225/398] semantic=0.449 depth=0.182 normal=0.080
[117 250/398] semantic=0.486 depth=0.415 normal=0.156
RUN dataset=nyuv2 method=modo seed=42 lr=0.0001 batch=2 epochs=200 model=mtan
RESULT /mloscratch/homes/mirrokni/LMO-MOO/results/nyuv2/modo_sd42.stats
CHECKPOINT /mloscratch/homes/mirrokni/LMO-MOO/results/checkpoints/nyuv2/modo_sd42.pt
OPTIMIZER Adam lr=0.0001
RESUME epoch=117 phase=train next_batch=255/398
[117 275/398] semantic=0.507 depth=0.286 normal=0.124
RUN dataset=nyuv2 method=modo seed=42 lr=0.0001 batch=2 epochs=200 model=mtan
RESULT /mloscratch/homes/mirrokni/LMO-MOO/results/nyuv2/modo_sd42.stats
CHECKPOINT /mloscratch/homes/mirrokni/LMO-MOO/results/checkpoints/nyuv2/modo_sd42.pt
OPTIMIZER Adam lr=0.0001
RESUME epoch=117 phase=train next_batch=289/398
[117 300/398] semantic=1.043 depth=0.369 normal=0.112
[117 325/398] semantic=0.181 depth=0.231 normal=0.070
[117 350/398] semantic=0.591 depth=0.522 normal=0.134
RUN dataset=nyuv2 method=modo seed=42 lr=0.0001 batch=2 epochs=200 model=mtan
RESULT /mloscratch/homes/mirrokni/LMO-MOO/results/nyuv2/modo_sd42.stats
CHECKPOINT /mloscratch/homes/mirrokni/LMO-MOO/results/checkpoints/nyuv2/modo_sd42.pt
OPTIMIZER Adam lr=0.0001
RESUME epoch=117 phase=train next_batch=355/398
[117 375/398] semantic=0.372 depth=0.412 normal=0.129
[117 398/398] semantic=0.830 depth=0.705 normal=0.070
RUN dataset=nyuv2 method=modo seed=42 lr=0.0001 batch=2 epochs=200 model=mtan
RESULT /mloscratch/homes/mirrokni/LMO-MOO/results/nyuv2/modo_sd42.stats
CHECKPOINT /mloscratch/homes/mirrokni/LMO-MOO/results/checkpoints/nyuv2/modo_sd42.pt
OPTIMIZER Adam lr=0.0001
RESUME epoch=117 phase=evaluate next_batch=126/327
Epoch 117: mIoU=39.058 pix=64.938 abs=0.5455 rel=0.2130 normal_mean=25.953 delta=-1.700 wall_h=36.521
[118 1/398] semantic=0.722 depth=0.209 normal=0.139
[118 25/398] semantic=0.490 depth=0.350 normal=0.104
[118 50/398] semantic=0.366 depth=0.183 normal=0.104
[118 75/398] semantic=0.607 depth=0.237 normal=0.163
[118 100/398] semantic=0.222 depth=0.314 normal=0.071
[118 125/398] semantic=0.548 depth=0.204 normal=0.135
[118 150/398] semantic=0.456 depth=0.393 normal=0.125
[118 175/398] semantic=0.438 depth=0.302 normal=0.087
[118 200/398] semantic=0.848 depth=0.295 normal=0.108
[118 225/398] semantic=0.331 depth=0.186 normal=0.090
[118 250/398] semantic=0.190 depth=0.162 normal=0.077
[118 275/398] semantic=0.549 depth=0.160 normal=0.096
[118 300/398] semantic=0.562 depth=0.200 normal=0.092
[118 325/398] semantic=0.372 depth=0.236 normal=0.086
[118 350/398] semantic=0.411 depth=0.221 normal=0.116
[118 375/398] semantic=0.525 depth=0.231 normal=0.157
[118 398/398] semantic=0.467 depth=0.208 normal=0.124
Epoch 118: mIoU=37.004 pix=64.253 abs=0.5764 rel=0.2218 normal_mean=25.829 delta=-0.588 wall_h=36.845
[119 1/398] semantic=0.415 depth=0.213 normal=0.094
[119 25/398] semantic=0.400 depth=0.172 normal=0.084
[119 50/398] semantic=0.325 depth=0.175 normal=0.085
[119 75/398] semantic=0.257 depth=0.152 normal=0.061
[119 100/398] semantic=0.479 depth=0.268 normal=0.116
[119 125/398] semantic=0.261 depth=0.122 normal=0.080
[119 150/398] semantic=0.669 depth=0.406 normal=0.159
[119 175/398] semantic=0.328 depth=0.220 normal=0.088
[119 200/398] semantic=0.412 depth=0.189 normal=0.081
[119 225/398] semantic=1.146 depth=0.174 normal=0.125
[119 250/398] semantic=0.701 depth=0.229 normal=0.091
[119 275/398] semantic=0.457 depth=0.512 normal=0.119
[119 300/398] semantic=0.573 depth=0.477 normal=0.148
[119 325/398] semantic=0.518 depth=0.342 normal=0.145
[119 350/398] semantic=0.329 depth=0.192 normal=0.105
[119 375/398] semantic=0.604 depth=0.243 normal=0.134
[119 398/398] semantic=0.628 depth=0.408 normal=0.092
Epoch 119: mIoU=38.287 pix=64.475 abs=0.5365 rel=0.2235 normal_mean=25.582 delta=-2.803 wall_h=37.169
[120 1/398] semantic=0.411 depth=0.247 normal=0.089
[120 25/398] semantic=0.417 depth=0.198 normal=0.094
[120 50/398] semantic=0.931 depth=0.299 normal=0.184
[120 75/398] semantic=0.821 depth=0.443 normal=0.160
[120 100/398] semantic=0.558 depth=0.283 normal=0.153
[120 125/398] semantic=0.594 depth=0.312 normal=0.127
[120 150/398] semantic=0.455 depth=0.210 normal=0.104
[120 175/398] semantic=0.415 depth=0.288 normal=0.079
[120 200/398] semantic=0.198 depth=0.233 normal=0.078
[120 225/398] semantic=0.491 depth=0.277 normal=0.073
[120 250/398] semantic=0.363 depth=0.154 normal=0.125
[120 275/398] semantic=0.272 depth=0.320 normal=0.093
[120 300/398] semantic=0.391 depth=0.281 normal=0.143
[120 325/398] semantic=0.338 depth=0.477 normal=0.095
[120 350/398] semantic=0.334 depth=0.371 normal=0.109
[120 375/398] semantic=0.479 depth=0.278 normal=0.104
[120 398/398] semantic=0.264 depth=0.291 normal=0.061
Epoch 120: mIoU=37.119 pix=64.627 abs=0.5513 rel=0.2423 normal_mean=25.530 delta=-1.399 wall_h=37.502
[121 1/398] semantic=0.581 depth=0.419 normal=0.124
[121 25/398] semantic=0.178 depth=0.231 normal=0.068
[121 50/398] semantic=0.404 depth=0.355 normal=0.107
[121 75/398] semantic=0.464 depth=0.163 normal=0.094
[121 100/398] semantic=0.369 depth=0.255 normal=0.107
[121 125/398] semantic=0.833 depth=0.284 normal=0.150
[121 150/398] semantic=0.823 depth=0.188 normal=0.164
[121 175/398] semantic=0.316 depth=0.256 normal=0.099
[121 200/398] semantic=0.569 depth=0.396 normal=0.168
[121 225/398] semantic=0.743 depth=0.216 normal=0.136
[121 250/398] semantic=0.652 depth=0.193 normal=0.176
[121 275/398] semantic=0.521 depth=0.253 normal=0.120
[121 300/398] semantic=0.917 depth=0.285 normal=0.126
[121 325/398] semantic=0.505 depth=0.376 normal=0.149
[121 350/398] semantic=0.335 depth=0.355 normal=0.075
[121 375/398] semantic=0.439 depth=0.356 normal=0.100
[121 398/398] semantic=0.367 depth=0.289 normal=0.091
Epoch 121: mIoU=39.281 pix=65.063 abs=0.5684 rel=0.2302 normal_mean=25.707 delta=-1.590 wall_h=37.841
[122 1/398] semantic=0.386 depth=0.253 normal=0.142
[122 25/398] semantic=0.370 depth=0.252 normal=0.102
[122 50/398] semantic=0.620 depth=0.277 normal=0.151
[122 75/398] semantic=0.577 depth=0.268 normal=0.073
[122 100/398] semantic=0.464 depth=0.177 normal=0.113
[122 125/398] semantic=0.608 depth=0.256 normal=0.109
[122 150/398] semantic=0.365 depth=0.299 normal=0.104
[122 175/398] semantic=0.416 depth=0.341 normal=0.124
[122 200/398] semantic=0.196 depth=0.229 normal=0.061
[122 225/398] semantic=0.590 depth=0.323 normal=0.150
[122 250/398] semantic=0.485 depth=0.378 normal=0.197
[122 275/398] semantic=0.390 depth=0.341 normal=0.184
[122 300/398] semantic=0.215 depth=0.356 normal=0.128
[122 325/398] semantic=0.431 depth=0.207 normal=0.060
[122 350/398] semantic=0.377 depth=0.229 normal=0.081
[122 375/398] semantic=0.315 depth=0.247 normal=0.081
[122 398/398] semantic=0.628 depth=0.240 normal=0.173
Epoch 122: mIoU=38.063 pix=64.763 abs=0.5435 rel=0.2262 normal_mean=25.807 delta=-1.332 wall_h=38.164
[123 1/398] semantic=0.239 depth=0.281 normal=0.087
[123 25/398] semantic=0.758 depth=0.247 normal=0.180
[123 50/398] semantic=0.476 depth=0.236 normal=0.087
[123 75/398] semantic=0.318 depth=0.187 normal=0.127
[123 100/398] semantic=0.736 depth=0.381 normal=0.170
[123 125/398] semantic=0.251 depth=0.594 normal=0.250
[123 150/398] semantic=0.393 depth=0.201 normal=0.086
[123 175/398] semantic=0.407 depth=0.261 normal=0.109
[123 200/398] semantic=0.455 depth=0.309 normal=0.132
[123 225/398] semantic=0.390 depth=0.314 normal=0.100
[123 250/398] semantic=0.603 depth=0.409 normal=0.190
[123 275/398] semantic=0.460 depth=0.292 normal=0.155
[123 300/398] semantic=0.517 depth=0.283 normal=0.133
[123 325/398] semantic=0.481 depth=0.263 normal=0.143
[123 350/398] semantic=0.495 depth=0.310 normal=0.094
[123 375/398] semantic=0.665 depth=0.524 normal=0.172
[123 398/398] semantic=0.677 depth=0.405 normal=0.176
Epoch 123: mIoU=39.434 pix=65.357 abs=0.5452 rel=0.2224 normal_mean=25.696 delta=-3.038 wall_h=38.492
[124 1/398] semantic=0.651 depth=0.247 normal=0.096
[124 25/398] semantic=0.423 depth=0.301 normal=0.085
[124 50/398] semantic=0.325 depth=0.269 normal=0.110
[124 75/398] semantic=0.265 depth=0.159 normal=0.088
[124 100/398] semantic=0.271 depth=0.385 normal=0.108
[124 125/398] semantic=0.662 depth=0.264 normal=0.074
[124 150/398] semantic=0.508 depth=0.374 normal=0.146
[124 175/398] semantic=0.388 depth=0.200 normal=0.120
[124 200/398] semantic=0.645 depth=0.297 normal=0.077
[124 225/398] semantic=0.390 depth=0.227 normal=0.059
[124 250/398] semantic=0.367 depth=0.228 normal=0.066
[124 275/398] semantic=0.642 depth=0.400 normal=0.156
[124 300/398] semantic=0.749 depth=0.341 normal=0.171
[124 325/398] semantic=0.608 depth=0.257 normal=0.117
[124 350/398] semantic=0.867 depth=0.402 normal=0.224
[124 375/398] semantic=0.800 depth=0.323 normal=0.175
[124 398/398] semantic=0.290 depth=0.177 normal=0.068
Epoch 124: mIoU=38.844 pix=65.088 abs=0.5367 rel=0.2193 normal_mean=25.760 delta=-2.888 wall_h=38.811
[125 1/398] semantic=0.522 depth=0.587 normal=0.116
[125 25/398] semantic=0.470 depth=0.387 normal=0.212
[125 50/398] semantic=0.797 depth=0.229 normal=0.093
[125 75/398] semantic=0.328 depth=0.241 normal=0.112
[125 100/398] semantic=0.878 depth=0.331 normal=0.157
[125 125/398] semantic=0.588 depth=0.236 normal=0.170
[125 150/398] semantic=0.448 depth=0.325 normal=0.120
[125 175/398] semantic=0.293 depth=0.225 normal=0.154
[125 200/398] semantic=0.455 depth=0.298 normal=0.122
[125 225/398] semantic=0.428 depth=0.375 normal=0.069
[125 250/398] semantic=0.445 depth=0.305 normal=0.066
[125 275/398] semantic=0.262 depth=0.315 normal=0.118
[125 300/398] semantic=0.347 depth=0.209 normal=0.116
[125 325/398] semantic=0.250 depth=0.197 normal=0.130
[125 350/398] semantic=0.633 depth=0.411 normal=0.121
[125 375/398] semantic=0.518 depth=0.361 normal=0.134
[125 398/398] semantic=0.877 depth=0.244 normal=0.129
Epoch 125: mIoU=39.895 pix=65.269 abs=0.5851 rel=0.2188 normal_mean=25.814 delta=-2.188 wall_h=39.129
[126 1/398] semantic=0.463 depth=0.183 normal=0.133
[126 25/398] semantic=0.683 depth=0.513 normal=0.166
[126 50/398] semantic=0.613 depth=0.381 normal=0.135
[126 75/398] semantic=0.717 depth=0.227 normal=0.184
[126 100/398] semantic=0.257 depth=0.157 normal=0.080
[126 125/398] semantic=0.484 depth=0.445 normal=0.187
[126 150/398] semantic=0.511 depth=0.278 normal=0.124
[126 175/398] semantic=0.377 depth=0.246 normal=0.124
[126 200/398] semantic=0.591 depth=0.348 normal=0.175
[126 225/398] semantic=0.462 depth=0.289 normal=0.102
[126 250/398] semantic=0.771 depth=0.278 normal=0.187
[126 275/398] semantic=0.337 depth=0.429 normal=0.113
[126 300/398] semantic=0.289 depth=0.353 normal=0.132
[126 325/398] semantic=0.452 depth=0.348 normal=0.111
[126 350/398] semantic=0.365 depth=0.324 normal=0.120
[126 375/398] semantic=0.383 depth=0.293 normal=0.133
[126 398/398] semantic=0.214 depth=0.254 normal=0.082
Epoch 126: mIoU=40.260 pix=65.918 abs=0.5356 rel=0.2242 normal_mean=25.532 delta=-3.971 wall_h=39.462
[127 1/398] semantic=0.637 depth=0.286 normal=0.102
[127 25/398] semantic=0.636 depth=0.308 normal=0.127
[127 50/398] semantic=0.243 depth=0.300 normal=0.085
[127 75/398] semantic=0.439 depth=0.222 normal=0.111
[127 100/398] semantic=0.466 depth=0.260 normal=0.117
[127 125/398] semantic=0.517 depth=0.368 normal=0.146
[127 150/398] semantic=0.326 depth=0.230 normal=0.087
[127 175/398] semantic=0.505 depth=0.234 normal=0.115
[127 200/398] semantic=0.210 depth=0.167 normal=0.062
[127 225/398] semantic=0.432 depth=0.263 normal=0.110
[127 250/398] semantic=0.461 depth=0.272 normal=0.118
[127 275/398] semantic=0.562 depth=0.240 normal=0.113
[127 300/398] semantic=0.391 depth=0.368 normal=0.123
[127 325/398] semantic=0.470 depth=0.217 normal=0.071
[127 350/398] semantic=0.259 depth=0.230 normal=0.071
[127 375/398] semantic=0.397 depth=0.223 normal=0.081
[127 398/398] semantic=0.774 depth=0.280 normal=0.163
Epoch 127: mIoU=38.503 pix=64.565 abs=0.5497 rel=0.2270 normal_mean=25.816 delta=-1.781 wall_h=39.799
[128 1/398] semantic=0.589 depth=0.395 normal=0.122
[128 25/398] semantic=0.426 depth=0.154 normal=0.087
[128 50/398] semantic=0.692 depth=0.199 normal=0.129
[128 75/398] semantic=0.284 depth=0.356 normal=0.113
[128 100/398] semantic=0.477 depth=0.214 normal=0.109
[128 125/398] semantic=0.642 depth=0.260 normal=0.107
[128 150/398] semantic=0.409 depth=0.158 normal=0.066
[128 175/398] semantic=0.307 depth=0.214 normal=0.086
[128 200/398] semantic=0.652 depth=0.338 normal=0.094
[128 225/398] semantic=0.455 depth=0.240 normal=0.126
[128 250/398] semantic=0.285 depth=0.154 normal=0.093
[128 275/398] semantic=0.543 depth=0.201 normal=0.203
[128 300/398] semantic=0.225 depth=0.312 normal=0.081
[128 325/398] semantic=0.488 depth=0.311 normal=0.190
[128 350/398] semantic=0.548 depth=0.249 normal=0.164
[128 375/398] semantic=0.571 depth=0.254 normal=0.147
[128 398/398] semantic=0.179 depth=0.313 normal=0.059
Epoch 128: mIoU=39.902 pix=64.948 abs=0.5425 rel=0.2266 normal_mean=25.505 delta=-3.077 wall_h=40.119
[129 1/398] semantic=0.186 depth=0.217 normal=0.075
[129 25/398] semantic=0.404 depth=0.404 normal=0.102
[129 50/398] semantic=0.336 depth=0.249 normal=0.112
[129 75/398] semantic=0.560 depth=0.407 normal=0.168
[129 100/398] semantic=0.509 depth=0.294 normal=0.133
[129 125/398] semantic=0.511 depth=0.223 normal=0.103
[129 150/398] semantic=1.011 depth=0.346 normal=0.121
[129 175/398] semantic=0.400 depth=0.276 normal=0.115
[129 200/398] semantic=0.507 depth=0.273 normal=0.095
[129 225/398] semantic=0.577 depth=0.330 normal=0.135
[129 250/398] semantic=0.373 depth=0.256 normal=0.076
[129 275/398] semantic=0.544 depth=0.256 normal=0.128
[129 300/398] semantic=0.408 depth=0.285 normal=0.112
[129 325/398] semantic=0.659 depth=0.294 normal=0.180
[129 350/398] semantic=0.565 depth=0.238 normal=0.110
[129 375/398] semantic=0.345 depth=0.232 normal=0.095
[129 398/398] semantic=0.360 depth=0.215 normal=0.073
Epoch 129: mIoU=38.163 pix=64.951 abs=0.5712 rel=0.2223 normal_mean=25.811 delta=-1.841 wall_h=40.433
[130 1/398] semantic=0.229 depth=0.246 normal=0.086
[130 25/398] semantic=0.363 depth=0.214 normal=0.166
[130 50/398] semantic=0.781 depth=0.253 normal=0.167
[130 75/398] semantic=0.249 depth=0.139 normal=0.062
[130 100/398] semantic=0.520 depth=0.219 normal=0.134
[130 125/398] semantic=0.488 depth=0.301 normal=0.132
[130 150/398] semantic=0.517 depth=0.202 normal=0.145
[130 175/398] semantic=1.020 depth=0.326 normal=0.238
[130 200/398] semantic=0.418 depth=0.302 normal=0.110
[130 225/398] semantic=0.856 depth=0.148 normal=0.152
[130 250/398] semantic=0.382 depth=0.279 normal=0.083
[130 275/398] semantic=0.553 depth=0.423 normal=0.173
[130 300/398] semantic=0.244 depth=0.339 normal=0.109
[130 325/398] semantic=0.219 depth=0.320 normal=0.098
[130 350/398] semantic=0.473 depth=0.419 normal=0.151
[130 375/398] semantic=0.447 depth=0.313 normal=0.174
[130 398/398] semantic=0.606 depth=0.210 normal=0.096
Epoch 130: mIoU=38.747 pix=64.649 abs=0.5458 rel=0.2206 normal_mean=25.392 delta=-3.587 wall_h=40.746
[131 1/398] semantic=0.283 depth=0.269 normal=0.081
[131 25/398] semantic=0.492 depth=0.253 normal=0.137
[131 50/398] semantic=0.407 depth=0.272 normal=0.109
[131 75/398] semantic=0.695 depth=0.336 normal=0.128
[131 100/398] semantic=0.464 depth=0.250 normal=0.098
[131 125/398] semantic=0.276 depth=0.350 normal=0.151
[131 150/398] semantic=0.284 depth=0.313 normal=0.094
[131 175/398] semantic=0.479 depth=0.250 normal=0.085
[131 200/398] semantic=0.763 depth=0.164 normal=0.128
[131 225/398] semantic=0.269 depth=0.209 normal=0.128
[131 250/398] semantic=0.316 depth=0.207 normal=0.090
[131 275/398] semantic=0.358 depth=0.245 normal=0.105
[131 300/398] semantic=0.401 depth=0.399 normal=0.086
[131 325/398] semantic=0.256 depth=0.236 normal=0.115
[131 350/398] semantic=0.220 depth=0.247 normal=0.067
[131 375/398] semantic=0.579 depth=0.292 normal=0.213
[131 398/398] semantic=0.485 depth=0.207 normal=0.138
Epoch 131: mIoU=39.491 pix=65.424 abs=0.5711 rel=0.2458 normal_mean=25.651 delta=-1.399 wall_h=41.057
[132 1/398] semantic=0.306 depth=0.232 normal=0.085
[132 25/398] semantic=0.391 depth=0.329 normal=0.122
[132 50/398] semantic=0.263 depth=0.240 normal=0.091
[132 75/398] semantic=0.243 depth=0.204 normal=0.140
[132 100/398] semantic=0.646 depth=0.328 normal=0.155
[132 125/398] semantic=0.774 depth=0.350 normal=0.156
[132 150/398] semantic=0.360 depth=0.241 normal=0.100
[132 175/398] semantic=0.404 depth=0.259 normal=0.115
[132 200/398] semantic=0.322 depth=0.329 normal=0.172
[132 225/398] semantic=0.465 depth=0.348 normal=0.127
[132 250/398] semantic=0.296 depth=0.212 normal=0.094
[132 275/398] semantic=0.200 depth=0.228 normal=0.158
[132 300/398] semantic=0.217 depth=0.271 normal=0.109
[132 325/398] semantic=0.289 depth=0.160 normal=0.080
[132 350/398] semantic=0.393 depth=0.391 normal=0.149
[132 375/398] semantic=0.282 depth=0.287 normal=0.102
[132 398/398] semantic=0.791 depth=0.341 normal=0.197
Epoch 132: mIoU=38.818 pix=65.004 abs=0.5535 rel=0.2364 normal_mean=25.564 delta=-2.573 wall_h=41.373
[133 1/398] semantic=0.384 depth=0.517 normal=0.102
[133 25/398] semantic=0.260 depth=0.303 normal=0.115
[133 50/398] semantic=0.435 depth=0.155 normal=0.130
[133 75/398] semantic=0.207 depth=0.233 normal=0.109
[133 100/398] semantic=0.680 depth=0.292 normal=0.172
[133 125/398] semantic=0.268 depth=0.459 normal=0.152
[133 150/398] semantic=0.421 depth=0.176 normal=0.089
[133 175/398] semantic=0.325 depth=0.224 normal=0.100
[133 200/398] semantic=0.733 depth=0.175 normal=0.111
[133 225/398] semantic=0.372 depth=0.143 normal=0.109
[133 250/398] semantic=0.391 depth=0.181 normal=0.105
[133 275/398] semantic=0.359 depth=0.221 normal=0.098
[133 300/398] semantic=0.490 depth=0.267 normal=0.162
[133 325/398] semantic=0.210 depth=0.217 normal=0.097
[133 350/398] semantic=0.343 depth=0.175 normal=0.109
[133 375/398] semantic=0.597 depth=0.264 normal=0.163
[133 398/398] semantic=0.548 depth=0.150 normal=0.072
Epoch 133: mIoU=38.470 pix=64.391 abs=0.5418 rel=0.2276 normal_mean=25.643 delta=-1.882 wall_h=41.694
[134 1/398] semantic=0.547 depth=0.373 normal=0.098
[134 25/398] semantic=0.640 depth=0.188 normal=0.098
[134 50/398] semantic=0.273 depth=0.315 normal=0.119
[134 75/398] semantic=0.378 depth=0.205 normal=0.089
[134 100/398] semantic=0.496 depth=0.189 normal=0.102
[134 125/398] semantic=0.425 depth=0.277 normal=0.137
[134 150/398] semantic=0.595 depth=0.178 normal=0.080
[134 175/398] semantic=0.372 depth=0.471 normal=0.165
[134 200/398] semantic=0.299 depth=0.242 normal=0.082
[134 225/398] semantic=0.499 depth=0.262 normal=0.125
[134 250/398] semantic=0.264 depth=0.184 normal=0.099
[134 275/398] semantic=0.377 depth=0.366 normal=0.135
[134 300/398] semantic=0.392 depth=0.269 normal=0.129
[134 325/398] semantic=0.396 depth=0.247 normal=0.089
[134 350/398] semantic=0.515 depth=0.194 normal=0.090
[134 375/398] semantic=0.351 depth=0.171 normal=0.082
[134 398/398] semantic=0.377 depth=0.280 normal=0.099
Epoch 134: mIoU=39.488 pix=65.970 abs=0.5359 rel=0.2179 normal_mean=25.656 delta=-3.410 wall_h=42.020
[135 1/398] semantic=0.817 depth=0.274 normal=0.152
[135 25/398] semantic=0.471 depth=0.182 normal=0.088
[135 50/398] semantic=0.575 depth=0.224 normal=0.131
[135 75/398] semantic=0.407 depth=0.306 normal=0.151
[135 100/398] semantic=0.421 depth=0.199 normal=0.094
[135 125/398] semantic=0.293 depth=0.377 normal=0.116
[135 150/398] semantic=0.323 depth=0.217 normal=0.085
[135 175/398] semantic=0.376 depth=0.259 normal=0.104
[135 200/398] semantic=0.472 depth=0.194 normal=0.117
[135 225/398] semantic=0.684 depth=0.378 normal=0.123
[135 250/398] semantic=0.470 depth=0.316 normal=0.129
[135 275/398] semantic=0.372 depth=0.278 normal=0.098
[135 300/398] semantic=0.668 depth=0.261 normal=0.110
[135 325/398] semantic=0.369 depth=0.257 normal=0.119
[135 350/398] semantic=0.536 depth=0.228 normal=0.172
[135 375/398] semantic=0.496 depth=0.351 normal=0.096
[135 398/398] semantic=0.229 depth=0.394 normal=0.092
Epoch 135: mIoU=36.818 pix=64.175 abs=0.5579 rel=0.2215 normal_mean=25.944 delta=-0.793 wall_h=42.345
[136 1/398] semantic=0.397 depth=0.385 normal=0.080
[136 25/398] semantic=0.285 depth=0.255 normal=0.126
[136 50/398] semantic=0.654 depth=0.217 normal=0.118
[136 75/398] semantic=0.407 depth=0.290 normal=0.088
[136 100/398] semantic=0.222 depth=0.190 normal=0.080
[136 125/398] semantic=0.229 depth=0.308 normal=0.084
[136 150/398] semantic=0.738 depth=0.219 normal=0.156
[136 175/398] semantic=0.462 depth=0.253 normal=0.142
[136 200/398] semantic=0.305 depth=0.236 normal=0.074
[136 225/398] semantic=0.416 depth=0.471 normal=0.150
[136 250/398] semantic=0.343 depth=0.344 normal=0.069
[136 275/398] semantic=0.482 depth=0.237 normal=0.137
[136 300/398] semantic=0.275 depth=0.235 normal=0.081
[136 325/398] semantic=0.621 depth=0.231 normal=0.185
[136 350/398] semantic=0.765 depth=0.284 normal=0.147
[136 375/398] semantic=0.321 depth=0.212 normal=0.100
[136 398/398] semantic=0.527 depth=0.384 normal=0.096
Epoch 136: mIoU=37.297 pix=63.815 abs=0.5354 rel=0.2182 normal_mean=25.663 delta=-2.013 wall_h=42.659
[137 1/398] semantic=0.286 depth=0.234 normal=0.156
[137 25/398] semantic=0.415 depth=0.223 normal=0.082
[137 50/398] semantic=0.440 depth=0.186 normal=0.107
[137 75/398] semantic=0.600 depth=0.238 normal=0.163
[137 100/398] semantic=1.146 depth=0.305 normal=0.110
[137 125/398] semantic=0.162 depth=0.295 normal=0.111
[137 150/398] semantic=0.418 depth=0.153 normal=0.106
[137 175/398] semantic=0.536 depth=0.346 normal=0.130
[137 200/398] semantic=0.786 depth=0.162 normal=0.088
[137 225/398] semantic=0.294 depth=0.192 normal=0.125
[137 250/398] semantic=0.595 depth=0.299 normal=0.145
[137 275/398] semantic=0.230 depth=0.245 normal=0.083
[137 300/398] semantic=0.490 depth=0.305 normal=0.186
[137 325/398] semantic=0.429 depth=0.257 normal=0.139
[137 350/398] semantic=0.487 depth=0.302 normal=0.146
[137 375/398] semantic=0.466 depth=0.285 normal=0.145
[137 398/398] semantic=0.401 depth=0.237 normal=0.115
Epoch 137: mIoU=39.289 pix=64.882 abs=0.5422 rel=0.2191 normal_mean=25.711 delta=-2.770 wall_h=42.975
[138 1/398] semantic=0.352 depth=0.293 normal=0.144
[138 25/398] semantic=0.388 depth=0.235 normal=0.127
[138 50/398] semantic=0.352 depth=0.222 normal=0.115
[138 75/398] semantic=0.406 depth=0.171 normal=0.109
[138 100/398] semantic=0.286 depth=0.331 normal=0.109
[138 125/398] semantic=0.198 depth=0.176 normal=0.069
[138 150/398] semantic=0.448 depth=0.208 normal=0.112
[138 175/398] semantic=1.238 depth=0.301 normal=0.112
[138 200/398] semantic=0.283 depth=0.224 normal=0.118
[138 225/398] semantic=0.270 depth=0.216 normal=0.101
[138 250/398] semantic=0.297 depth=0.372 normal=0.102
[138 275/398] semantic=0.729 depth=0.422 normal=0.107
[138 300/398] semantic=0.393 depth=0.192 normal=0.126
[138 325/398] semantic=0.674 depth=0.216 normal=0.100
[138 350/398] semantic=0.341 depth=0.376 normal=0.084
[138 375/398] semantic=0.196 depth=0.226 normal=0.088
[138 398/398] semantic=0.543 depth=0.333 normal=0.118
Epoch 138: mIoU=39.100 pix=65.483 abs=0.5395 rel=0.2267 normal_mean=25.606 delta=-2.553 wall_h=43.286
[139 1/398] semantic=0.425 depth=0.182 normal=0.101
[139 25/398] semantic=0.302 depth=0.246 normal=0.128
[139 50/398] semantic=0.538 depth=0.238 normal=0.119
[139 75/398] semantic=0.409 depth=0.323 normal=0.110
[139 100/398] semantic=0.322 depth=0.169 normal=0.075
[139 125/398] semantic=0.308 depth=0.191 normal=0.152
[139 150/398] semantic=0.348 depth=0.310 normal=0.103
[139 175/398] semantic=0.406 depth=0.322 normal=0.143
[139 200/398] semantic=0.512 depth=0.215 normal=0.094
[139 225/398] semantic=0.485 depth=0.133 normal=0.090
[139 250/398] semantic=0.391 depth=0.183 normal=0.091
[139 275/398] semantic=0.234 depth=0.304 normal=0.093
[139 300/398] semantic=0.159 depth=0.205 normal=0.086
[139 325/398] semantic=0.330 depth=0.170 normal=0.085
[139 350/398] semantic=0.652 depth=0.323 normal=0.224
[139 375/398] semantic=0.419 depth=0.286 normal=0.101
[139 398/398] semantic=0.495 depth=0.327 normal=0.199
Epoch 139: mIoU=37.941 pix=64.938 abs=0.5381 rel=0.2307 normal_mean=25.635 delta=-1.958 wall_h=43.622
[140 1/398] semantic=0.412 depth=0.177 normal=0.073
[140 25/398] semantic=0.510 depth=0.285 normal=0.093
[140 50/398] semantic=0.522 depth=0.263 normal=0.113
[140 75/398] semantic=0.279 depth=0.277 normal=0.078
[140 100/398] semantic=0.293 depth=0.280 normal=0.131
[140 125/398] semantic=0.260 depth=0.195 normal=0.088
[140 150/398] semantic=0.276 depth=0.223 normal=0.070
[140 175/398] semantic=0.834 depth=0.461 normal=0.167
[140 200/398] semantic=0.261 depth=0.202 normal=0.090
[140 225/398] semantic=0.476 depth=0.403 normal=0.202
[140 250/398] semantic=0.343 depth=0.221 normal=0.088
[140 275/398] semantic=0.622 depth=0.252 normal=0.119
[140 300/398] semantic=0.454 depth=0.345 normal=0.160
[140 325/398] semantic=0.380 depth=0.327 normal=0.150
[140 350/398] semantic=0.271 depth=0.185 normal=0.093
[140 375/398] semantic=0.623 depth=0.258 normal=0.149
[140 398/398] semantic=0.320 depth=0.164 normal=0.127
Epoch 140: mIoU=38.397 pix=64.599 abs=0.5555 rel=0.2407 normal_mean=25.637 delta=-1.724 wall_h=43.989
[141 1/398] semantic=0.900 depth=0.182 normal=0.136
[141 25/398] semantic=0.255 depth=0.197 normal=0.105
[141 50/398] semantic=0.408 depth=0.164 normal=0.078
[141 75/398] semantic=0.292 depth=0.239 normal=0.074
[141 100/398] semantic=0.288 depth=0.244 normal=0.116
[141 125/398] semantic=0.134 depth=0.161 normal=0.058
[141 150/398] semantic=0.284 depth=0.237 normal=0.109
[141 175/398] semantic=0.400 depth=0.283 normal=0.104
[141 200/398] semantic=0.431 depth=0.305 normal=0.135
[141 225/398] semantic=0.556 depth=0.184 normal=0.108
[141 250/398] semantic=0.215 depth=0.225 normal=0.085
[141 275/398] semantic=0.652 depth=0.232 normal=0.162
[141 300/398] semantic=0.206 depth=0.178 normal=0.087
[141 325/398] semantic=0.247 depth=0.271 normal=0.102
[141 350/398] semantic=0.402 depth=0.299 normal=0.100
[141 375/398] semantic=0.301 depth=0.399 normal=0.079
[141 398/398] semantic=0.110 depth=0.130 normal=0.060
Epoch 141: mIoU=40.096 pix=65.619 abs=0.5440 rel=0.2271 normal_mean=25.566 delta=-3.020 wall_h=44.359
[142 1/398] semantic=0.402 depth=0.304 normal=0.092
[142 25/398] semantic=0.644 depth=0.150 normal=0.104
[142 50/398] semantic=0.278 depth=0.236 normal=0.107
[142 75/398] semantic=0.368 depth=0.254 normal=0.097
[142 100/398] semantic=0.215 depth=0.414 normal=0.198
[142 125/398] semantic=0.147 depth=0.150 normal=0.082
[142 150/398] semantic=0.713 depth=0.463 normal=0.230
[142 175/398] semantic=0.262 depth=0.281 normal=0.119
[142 200/398] semantic=0.567 depth=0.348 normal=0.132
[142 225/398] semantic=0.268 depth=0.233 normal=0.080
[142 250/398] semantic=0.282 depth=0.386 normal=0.120
[142 275/398] semantic=0.656 depth=0.272 normal=0.157
[142 300/398] semantic=0.630 depth=0.421 normal=0.190
[142 325/398] semantic=0.164 depth=0.238 normal=0.082
[142 350/398] semantic=0.250 depth=0.132 normal=0.076
[142 375/398] semantic=0.319 depth=0.223 normal=0.092
[142 398/398] semantic=1.260 depth=0.301 normal=0.238
Epoch 142: mIoU=39.346 pix=64.612 abs=0.5329 rel=0.2231 normal_mean=25.608 delta=-3.388 wall_h=44.683
[143 1/398] semantic=0.202 depth=0.256 normal=0.075
[143 25/398] semantic=0.470 depth=0.259 normal=0.119
[143 50/398] semantic=0.506 depth=0.244 normal=0.157
[143 75/398] semantic=0.391 depth=0.209 normal=0.106
[143 100/398] semantic=0.521 depth=0.309 normal=0.215
[143 125/398] semantic=0.412 depth=0.304 normal=0.139
[143 150/398] semantic=0.309 depth=0.210 normal=0.058
[143 175/398] semantic=0.400 depth=0.284 normal=0.113
[143 200/398] semantic=0.184 depth=0.182 normal=0.086
[143 225/398] semantic=0.540 depth=0.340 normal=0.117
[143 250/398] semantic=0.240 depth=0.264 normal=0.094
[143 275/398] semantic=0.533 depth=0.273 normal=0.115
[143 300/398] semantic=1.254 depth=0.229 normal=0.186
[143 325/398] semantic=0.290 depth=0.219 normal=0.070
[143 350/398] semantic=0.552 depth=0.210 normal=0.122
[143 375/398] semantic=0.355 depth=0.240 normal=0.064
[143 398/398] semantic=0.609 depth=0.304 normal=0.139
Epoch 143: mIoU=39.816 pix=65.842 abs=0.5300 rel=0.2191 normal_mean=25.597 delta=-3.710 wall_h=45.019
[144 1/398] semantic=0.390 depth=0.208 normal=0.088
[144 25/398] semantic=0.216 depth=0.242 normal=0.089
[144 50/398] semantic=0.517 depth=0.222 normal=0.138
[144 75/398] semantic=0.372 depth=0.226 normal=0.118
[144 100/398] semantic=0.572 depth=0.461 normal=0.136
[144 125/398] semantic=0.336 depth=0.348 normal=0.131
[144 150/398] semantic=0.411 depth=0.242 normal=0.107
[144 175/398] semantic=0.435 depth=0.219 normal=0.080
[144 200/398] semantic=0.322 depth=0.323 normal=0.104
[144 225/398] semantic=0.324 depth=0.336 normal=0.120
[144 250/398] semantic=0.533 depth=0.203 normal=0.121
[144 275/398] semantic=0.340 depth=0.271 normal=0.085
[144 300/398] semantic=0.249 depth=0.282 normal=0.116
[144 325/398] semantic=0.334 depth=0.215 normal=0.115
[144 350/398] semantic=0.340 depth=0.152 normal=0.080
[144 375/398] semantic=0.388 depth=0.176 normal=0.130
[144 398/398] semantic=0.292 depth=0.171 normal=0.061
Epoch 144: mIoU=39.956 pix=65.532 abs=0.5416 rel=0.2130 normal_mean=25.637 delta=-3.647 wall_h=45.395
[145 1/398] semantic=0.267 depth=0.229 normal=0.104
[145 25/398] semantic=0.465 depth=0.230 normal=0.133
[145 50/398] semantic=0.163 depth=0.172 normal=0.124
[145 75/398] semantic=0.238 depth=0.190 normal=0.064
[145 100/398] semantic=0.534 depth=0.361 normal=0.177
[145 125/398] semantic=0.740 depth=0.287 normal=0.186
[145 150/398] semantic=0.380 depth=0.187 normal=0.113
[145 175/398] semantic=0.426 depth=0.196 normal=0.066
[145 200/398] semantic=0.221 depth=0.250 normal=0.073
[145 225/398] semantic=0.293 depth=0.355 normal=0.076
[145 250/398] semantic=0.259 depth=0.217 normal=0.069
[145 275/398] semantic=0.214 depth=0.236 normal=0.147
[145 300/398] semantic=0.395 depth=0.452 normal=0.125
[145 325/398] semantic=0.715 depth=0.229 normal=0.116
[145 350/398] semantic=0.352 depth=0.238 normal=0.128
[145 375/398] semantic=0.501 depth=0.281 normal=0.109
[145 398/398] semantic=0.309 depth=0.171 normal=0.073
Epoch 145: mIoU=40.283 pix=66.616 abs=0.5267 rel=0.2194 normal_mean=25.495 delta=-4.058 wall_h=45.780
[146 1/398] semantic=0.304 depth=0.311 normal=0.128
[146 25/398] semantic=0.390 depth=0.157 normal=0.089
[146 50/398] semantic=1.388 depth=0.344 normal=0.152
[146 75/398] semantic=0.387 depth=0.298 normal=0.146
[146 100/398] semantic=0.385 depth=0.276 normal=0.125
[146 125/398] semantic=0.216 depth=0.217 normal=0.118
[146 150/398] semantic=0.979 depth=0.422 normal=0.143
[146 175/398] semantic=0.295 depth=0.217 normal=0.092
[146 200/398] semantic=0.381 depth=0.205 normal=0.120
[146 225/398] semantic=0.264 depth=0.207 normal=0.106
[146 250/398] semantic=0.517 depth=0.379 normal=0.215
[146 275/398] semantic=0.607 depth=0.288 normal=0.096
[146 300/398] semantic=0.438 depth=0.310 normal=0.120
[146 325/398] semantic=0.350 depth=0.353 normal=0.097
[146 350/398] semantic=0.292 depth=0.171 normal=0.089
[146 375/398] semantic=0.253 depth=0.287 normal=0.081
[146 398/398] semantic=0.200 depth=0.404 normal=0.079
Epoch 146: mIoU=39.770 pix=66.676 abs=0.5314 rel=0.2261 normal_mean=25.701 delta=-3.189 wall_h=46.141
[147 1/398] semantic=0.248 depth=0.215 normal=0.094
[147 25/398] semantic=0.263 depth=0.270 normal=0.096
[147 50/398] semantic=0.347 depth=0.264 normal=0.123
[147 75/398] semantic=0.341 depth=0.209 normal=0.105
[147 100/398] semantic=0.251 depth=0.176 normal=0.094
[147 125/398] semantic=0.246 depth=0.144 normal=0.082
[147 150/398] semantic=0.514 depth=0.147 normal=0.130
[147 175/398] semantic=0.213 depth=0.245 normal=0.079
[147 200/398] semantic=0.167 depth=0.140 normal=0.069
[147 225/398] semantic=0.522 depth=0.387 normal=0.163
[147 250/398] semantic=0.299 depth=0.334 normal=0.158
[147 275/398] semantic=0.179 depth=0.219 normal=0.085
[147 300/398] semantic=0.293 depth=0.263 normal=0.075
[147 325/398] semantic=0.654 depth=0.311 normal=0.109
[147 350/398] semantic=0.402 depth=0.236 normal=0.099
[147 375/398] semantic=0.480 depth=0.213 normal=0.154
[147 398/398] semantic=0.323 depth=0.163 normal=0.081
Epoch 147: mIoU=39.681 pix=65.601 abs=0.5373 rel=0.2169 normal_mean=25.478 delta=-3.619 wall_h=46.500
[148 1/398] semantic=0.401 depth=0.240 normal=0.093
[148 25/398] semantic=0.341 depth=0.219 normal=0.128
[148 50/398] semantic=0.242 depth=0.139 normal=0.074
[148 75/398] semantic=0.606 depth=0.317 normal=0.085
[148 100/398] semantic=0.269 depth=0.206 normal=0.075
[148 125/398] semantic=0.257 depth=0.212 normal=0.073
[148 150/398] semantic=0.193 depth=0.155 normal=0.076
[148 175/398] semantic=0.166 depth=0.182 normal=0.072
[148 200/398] semantic=0.433 depth=0.215 normal=0.108
[148 225/398] semantic=0.412 depth=0.220 normal=0.110
[148 250/398] semantic=0.239 depth=0.178 normal=0.097
[148 275/398] semantic=0.309 depth=0.189 normal=0.068
[148 300/398] semantic=0.344 depth=0.151 normal=0.157
[148 325/398] semantic=0.310 depth=0.246 normal=0.168
[148 350/398] semantic=0.533 depth=0.250 normal=0.165
[148 375/398] semantic=0.338 depth=0.186 normal=0.127
[148 398/398] semantic=0.942 depth=0.261 normal=0.138
Epoch 148: mIoU=39.705 pix=66.201 abs=0.5715 rel=0.2188 normal_mean=25.844 delta=-1.670 wall_h=46.889
[149 1/398] semantic=0.254 depth=0.141 normal=0.083
[149 25/398] semantic=0.286 depth=0.318 normal=0.064
[149 50/398] semantic=0.689 depth=0.268 normal=0.096
[149 75/398] semantic=0.265 depth=0.232 normal=0.094
[149 100/398] semantic=0.474 depth=0.184 normal=0.176
[149 125/398] semantic=1.064 depth=0.261 normal=0.166
[149 150/398] semantic=0.264 depth=0.328 normal=0.134
[149 175/398] semantic=0.213 depth=0.186 normal=0.086
[149 200/398] semantic=0.571 depth=0.182 normal=0.113
[149 225/398] semantic=0.192 depth=0.143 normal=0.076
[149 250/398] semantic=0.386 depth=0.266 normal=0.075
[149 275/398] semantic=0.340 depth=0.245 normal=0.076
[149 300/398] semantic=0.386 depth=0.221 normal=0.102
[149 325/398] semantic=0.592 depth=0.297 normal=0.125
[149 350/398] semantic=0.439 depth=0.357 normal=0.171
[149 375/398] semantic=0.163 depth=0.211 normal=0.109
[149 398/398] semantic=0.267 depth=0.223 normal=0.122
Epoch 149: mIoU=39.081 pix=65.561 abs=0.5397 rel=0.2220 normal_mean=25.418 delta=-3.311 wall_h=47.288
[150 1/398] semantic=0.266 depth=0.198 normal=0.075
[150 25/398] semantic=0.420 depth=0.208 normal=0.098
[150 50/398] semantic=0.419 depth=0.288 normal=0.112
[150 75/398] semantic=0.594 depth=0.327 normal=0.119
[150 100/398] semantic=0.393 depth=0.336 normal=0.151
[150 125/398] semantic=0.369 depth=0.234 normal=0.080
[150 150/398] semantic=0.435 depth=0.393 normal=0.130
[150 175/398] semantic=0.650 depth=0.243 normal=0.153
[150 200/398] semantic=0.283 depth=0.158 normal=0.094
[150 225/398] semantic=0.331 depth=0.274 normal=0.130
[150 250/398] semantic=0.409 depth=0.443 normal=0.163
[150 275/398] semantic=0.298 depth=0.208 normal=0.075
[150 300/398] semantic=0.221 depth=0.188 normal=0.065
[150 325/398] semantic=0.464 depth=0.250 normal=0.124
[150 350/398] semantic=0.277 depth=0.204 normal=0.087
[150 375/398] semantic=0.302 depth=0.196 normal=0.092
[150 398/398] semantic=0.252 depth=0.169 normal=0.078
Epoch 150: mIoU=38.911 pix=65.479 abs=0.5406 rel=0.2161 normal_mean=25.975 delta=-2.568 wall_h=47.684
[151 1/398] semantic=0.472 depth=0.215 normal=0.117
[151 25/398] semantic=0.501 depth=0.312 normal=0.162
[151 50/398] semantic=0.582 depth=0.268 normal=0.184
[151 75/398] semantic=0.299 depth=0.239 normal=0.100
[151 100/398] semantic=0.330 depth=0.207 normal=0.085
[151 125/398] semantic=0.285 depth=0.224 normal=0.107
[151 150/398] semantic=0.259 depth=0.201 normal=0.082
[151 175/398] semantic=0.526 depth=0.380 normal=0.195
[151 200/398] semantic=0.596 depth=0.358 normal=0.151
[151 225/398] semantic=0.382 depth=0.214 normal=0.101
[151 250/398] semantic=0.290 depth=0.254 normal=0.133
[151 275/398] semantic=0.350 depth=0.250 normal=0.068
[151 300/398] semantic=0.312 depth=0.258 normal=0.080
[151 325/398] semantic=0.286 depth=0.359 normal=0.122
[151 350/398] semantic=0.364 depth=0.239 normal=0.130
[151 375/398] semantic=0.334 depth=0.253 normal=0.114
[151 398/398] semantic=0.234 depth=0.142 normal=0.086
Epoch 151: mIoU=38.333 pix=64.874 abs=0.5414 rel=0.2224 normal_mean=25.563 delta=-2.795 wall_h=48.072
[152 1/398] semantic=0.198 depth=0.173 normal=0.073
[152 25/398] semantic=0.327 depth=0.271 normal=0.082
[152 50/398] semantic=1.353 depth=0.279 normal=0.116
[152 75/398] semantic=0.575 depth=0.277 normal=0.161
[152 100/398] semantic=0.319 depth=0.429 normal=0.131
[152 125/398] semantic=0.890 depth=0.285 normal=0.132
[152 150/398] semantic=0.367 depth=0.244 normal=0.142
[152 175/398] semantic=0.569 depth=0.283 normal=0.166
[152 200/398] semantic=0.457 depth=0.314 normal=0.169
[152 225/398] semantic=0.477 depth=0.323 normal=0.131
[152 250/398] semantic=0.442 depth=0.199 normal=0.121
[152 275/398] semantic=0.297 depth=0.188 normal=0.067
[152 300/398] semantic=0.505 depth=0.301 normal=0.147
[152 325/398] semantic=0.359 depth=0.467 normal=0.126
[152 350/398] semantic=0.220 depth=0.232 normal=0.067
[152 375/398] semantic=0.437 depth=0.193 normal=0.104
[152 398/398] semantic=0.100 depth=0.241 normal=0.051
Epoch 152: mIoU=40.555 pix=66.460 abs=0.5269 rel=0.2279 normal_mean=25.505 delta=-3.747 wall_h=48.482
[153 1/398] semantic=0.303 depth=0.206 normal=0.108
[153 25/398] semantic=0.620 depth=0.193 normal=0.102
[153 50/398] semantic=0.271 depth=0.360 normal=0.150
[153 75/398] semantic=0.643 depth=0.219 normal=0.171
[153 100/398] semantic=0.315 depth=0.327 normal=0.104
[153 125/398] semantic=0.172 depth=0.138 normal=0.091
[153 150/398] semantic=0.373 depth=0.271 normal=0.119
[153 175/398] semantic=0.272 depth=0.122 normal=0.091
[153 200/398] semantic=0.459 depth=0.200 normal=0.092
[153 225/398] semantic=0.417 depth=0.203 normal=0.170
[153 250/398] semantic=0.274 depth=0.201 normal=0.082
[153 275/398] semantic=0.263 depth=0.171 normal=0.085
[153 300/398] semantic=0.513 depth=0.170 normal=0.081
[153 325/398] semantic=0.198 depth=0.218 normal=0.070
[153 350/398] semantic=0.419 depth=0.373 normal=0.150
[153 375/398] semantic=0.290 depth=0.235 normal=0.091
[153 398/398] semantic=0.201 depth=0.175 normal=0.073
Epoch 153: mIoU=37.723 pix=63.807 abs=0.5357 rel=0.2195 normal_mean=25.775 delta=-1.550 wall_h=48.885
[154 1/398] semantic=0.315 depth=0.215 normal=0.136
[154 25/398] semantic=0.343 depth=0.262 normal=0.105
[154 50/398] semantic=0.323 depth=0.224 normal=0.096
[154 75/398] semantic=0.410 depth=0.351 normal=0.124
[154 100/398] semantic=0.260 depth=0.340 normal=0.100
[154 125/398] semantic=0.205 depth=0.184 normal=0.070
[154 150/398] semantic=0.219 depth=0.520 normal=0.099
[154 175/398] semantic=0.293 depth=0.182 normal=0.074
[154 200/398] semantic=0.312 depth=0.249 normal=0.124
[154 225/398] semantic=1.076 depth=0.379 normal=0.134
[154 250/398] semantic=0.144 depth=0.162 normal=0.050
[154 275/398] semantic=0.308 depth=0.275 normal=0.115
[154 300/398] semantic=0.244 depth=0.241 normal=0.107
[154 325/398] semantic=0.267 depth=0.275 normal=0.066
[154 350/398] semantic=0.292 depth=0.351 normal=0.088
[154 375/398] semantic=0.239 depth=0.203 normal=0.104
[154 398/398] semantic=0.386 depth=0.255 normal=0.142
Epoch 154: mIoU=39.223 pix=65.356 abs=0.5295 rel=0.2229 normal_mean=25.487 delta=-3.431 wall_h=49.269
[155 1/398] semantic=0.358 depth=0.242 normal=0.082
[155 25/398] semantic=0.262 depth=0.280 normal=0.053
[155 50/398] semantic=0.494 depth=0.233 normal=0.103
[155 75/398] semantic=0.249 depth=0.228 normal=0.092
[155 100/398] semantic=0.386 depth=0.295 normal=0.127
[155 125/398] semantic=0.219 depth=0.250 normal=0.094
[155 150/398] semantic=0.356 depth=0.269 normal=0.123
[155 175/398] semantic=0.264 depth=0.228 normal=0.106
[155 200/398] semantic=0.549 depth=0.188 normal=0.149
[155 225/398] semantic=0.520 depth=0.235 normal=0.108
[155 250/398] semantic=0.248 depth=0.191 normal=0.073
[155 275/398] semantic=0.233 depth=0.167 normal=0.073
[155 300/398] semantic=0.637 depth=0.292 normal=0.178
[155 325/398] semantic=0.843 depth=0.324 normal=0.187
[155 350/398] semantic=0.731 depth=0.209 normal=0.171
[155 375/398] semantic=0.322 depth=0.302 normal=0.075
[155 398/398] semantic=0.225 depth=0.142 normal=0.073
Epoch 155: mIoU=39.997 pix=66.334 abs=0.5327 rel=0.2274 normal_mean=25.604 delta=-2.909 wall_h=49.614
[156 1/398] semantic=0.559 depth=0.315 normal=0.069
[156 25/398] semantic=0.193 depth=0.119 normal=0.064
[156 50/398] semantic=0.161 depth=0.203 normal=0.113
[156 75/398] semantic=0.206 depth=0.291 normal=0.077
[156 100/398] semantic=0.197 depth=0.167 normal=0.068
[156 125/398] semantic=0.377 depth=0.192 normal=0.097
[156 150/398] semantic=0.797 depth=0.186 normal=0.115
[156 175/398] semantic=0.457 depth=0.266 normal=0.121
[156 200/398] semantic=0.230 depth=0.255 normal=0.050
[156 225/398] semantic=0.145 depth=0.194 normal=0.065
[156 250/398] semantic=0.439 depth=0.278 normal=0.114
RUN dataset=nyuv2 method=modo seed=42 lr=0.0001 batch=2 epochs=200 model=mtan
RESULT /mloscratch/homes/mirrokni/LMO-MOO/results/nyuv2/modo_sd42.stats
CHECKPOINT /mloscratch/homes/mirrokni/LMO-MOO/results/checkpoints/nyuv2/modo_sd42.pt
OPTIMIZER Adam lr=0.0001
RESUME epoch=156 phase=train next_batch=273/398
[156 275/398] semantic=0.455 depth=0.225 normal=0.082
[156 300/398] semantic=0.911 depth=0.268 normal=0.125
[156 325/398] semantic=0.298 depth=0.308 normal=0.097
[156 350/398] semantic=0.254 depth=0.197 normal=0.089
[156 375/398] semantic=0.399 depth=0.280 normal=0.130
[156 398/398] semantic=0.615 depth=0.255 normal=0.222
Epoch 156: mIoU=38.708 pix=65.272 abs=0.5400 rel=0.2320 normal_mean=25.703 delta=-2.418 wall_h=49.964
[157 1/398] semantic=0.176 depth=0.197 normal=0.074
[157 25/398] semantic=0.375 depth=0.494 normal=0.115
[157 50/398] semantic=0.433 depth=0.360 normal=0.135
[157 75/398] semantic=0.739 depth=0.257 normal=0.097
[157 100/398] semantic=0.724 depth=0.186 normal=0.122
[157 125/398] semantic=0.265 depth=0.269 normal=0.137
[157 150/398] semantic=0.307 depth=0.310 normal=0.129
[157 175/398] semantic=0.330 depth=0.220 normal=0.113
[157 200/398] semantic=0.204 depth=0.212 normal=0.101
[157 225/398] semantic=0.329 depth=0.203 normal=0.100
[157 250/398] semantic=0.283 depth=0.318 normal=0.117
[157 275/398] semantic=0.214 depth=0.301 normal=0.098
[157 300/398] semantic=0.198 depth=0.178 normal=0.084
[157 325/398] semantic=0.475 depth=0.345 normal=0.142
[157 350/398] semantic=0.305 depth=0.251 normal=0.134
[157 375/398] semantic=0.280 depth=0.240 normal=0.076
[157 398/398] semantic=0.435 depth=0.252 normal=0.207
Epoch 157: mIoU=39.478 pix=65.676 abs=0.5375 rel=0.2215 normal_mean=25.694 delta=-2.495 wall_h=50.289
[158 1/398] semantic=0.522 depth=0.236 normal=0.109
[158 25/398] semantic=0.166 depth=0.254 normal=0.101
RUN dataset=nyuv2 method=modo seed=42 lr=0.0001 batch=2 epochs=200 model=mtan
RESULT /mloscratch/homes/mirrokni/LMO-MOO/results/nyuv2/modo_sd42.stats
CHECKPOINT /mloscratch/homes/mirrokni/LMO-MOO/results/checkpoints/nyuv2/modo_sd42.pt
OPTIMIZER Adam lr=0.0001
RESUME epoch=158 phase=train next_batch=27/398
[158 50/398] semantic=0.501 depth=0.357 normal=0.159
[158 75/398] semantic=0.259 depth=0.235 normal=0.129
[158 100/398] semantic=0.435 depth=0.278 normal=0.112
[158 125/398] semantic=0.278 depth=0.233 normal=0.118
[158 150/398] semantic=0.207 depth=0.197 normal=0.061
[158 175/398] semantic=0.391 depth=0.250 normal=0.135
[158 200/398] semantic=1.009 depth=0.321 normal=0.202
[158 225/398] semantic=0.725 depth=0.246 normal=0.174
[158 250/398] semantic=0.355 depth=0.186 normal=0.133
[158 275/398] semantic=0.300 depth=0.221 normal=0.088
[158 300/398] semantic=0.331 depth=0.221 normal=0.069
[158 325/398] semantic=0.297 depth=0.194 normal=0.128
[158 350/398] semantic=0.518 depth=0.201 normal=0.133
[158 375/398] semantic=0.387 depth=0.148 normal=0.079
[158 398/398] semantic=0.615 depth=0.365 normal=0.212
Epoch 158: mIoU=40.618 pix=66.040 abs=0.5330 rel=0.2156 normal_mean=25.606 delta=-4.236 wall_h=50.628
[159 1/398] semantic=0.357 depth=0.252 normal=0.075
[159 25/398] semantic=0.245 depth=0.180 normal=0.068
[159 50/398] semantic=0.645 depth=0.289 normal=0.154
[159 75/398] semantic=0.339 depth=0.176 normal=0.109
[159 100/398] semantic=0.274 depth=0.210 normal=0.091
[159 125/398] semantic=0.173 depth=0.361 normal=0.109
[159 150/398] semantic=0.851 depth=0.301 normal=0.113
[159 175/398] semantic=0.280 depth=0.152 normal=0.085
[159 200/398] semantic=0.247 depth=0.221 normal=0.105
[159 225/398] semantic=0.371 depth=0.227 normal=0.131
[159 250/398] semantic=0.378 depth=0.188 normal=0.163
[159 275/398] semantic=0.237 depth=0.396 normal=0.087
[159 300/398] semantic=0.362 depth=0.317 normal=0.097
[159 325/398] semantic=0.402 depth=0.396 normal=0.142
[159 350/398] semantic=0.228 depth=0.260 normal=0.091
[159 375/398] semantic=0.229 depth=0.398 normal=0.087
[159 398/398] semantic=0.380 depth=0.228 normal=0.084
Epoch 159: mIoU=39.217 pix=65.549 abs=0.5436 rel=0.2326 normal_mean=25.758 delta=-2.423 wall_h=50.964
[160 1/398] semantic=0.462 depth=0.128 normal=0.106
[160 25/398] semantic=0.245 depth=0.249 normal=0.125
[160 50/398] semantic=0.519 depth=0.281 normal=0.230
[160 75/398] semantic=1.132 depth=0.264 normal=0.128
[160 100/398] semantic=0.600 depth=0.249 normal=0.115
[160 125/398] semantic=0.170 depth=0.215 normal=0.071
[160 150/398] semantic=0.400 depth=0.181 normal=0.094
[160 175/398] semantic=0.239 depth=0.311 normal=0.117
[160 200/398] semantic=0.210 depth=0.156 normal=0.118
[160 225/398] semantic=0.294 depth=0.215 normal=0.079
[160 250/398] semantic=0.166 depth=0.178 normal=0.088
[160 275/398] semantic=0.393 depth=0.284 normal=0.127
[160 300/398] semantic=0.340 depth=0.129 normal=0.104
[160 325/398] semantic=0.323 depth=0.258 normal=0.140
[160 350/398] semantic=0.405 depth=0.332 normal=0.114
[160 375/398] semantic=0.348 depth=0.185 normal=0.102
[160 398/398] semantic=0.209 depth=0.162 normal=0.049
Epoch 160: mIoU=39.336 pix=65.729 abs=0.5307 rel=0.2178 normal_mean=25.534 delta=-3.389 wall_h=51.287
[161 1/398] semantic=0.297 depth=0.165 normal=0.068
[161 25/398] semantic=0.267 depth=0.143 normal=0.099
[161 50/398] semantic=0.283 depth=0.175 normal=0.112
[161 75/398] semantic=0.269 depth=0.172 normal=0.077
[161 100/398] semantic=0.353 depth=0.217 normal=0.103
[161 125/398] semantic=0.875 depth=0.330 normal=0.133
[161 150/398] semantic=0.221 depth=0.264 normal=0.083
[161 175/398] semantic=0.300 depth=0.136 normal=0.098
[161 200/398] semantic=0.359 depth=0.350 normal=0.179
[161 225/398] semantic=0.314 depth=0.272 normal=0.096
[161 250/398] semantic=0.219 depth=0.274 normal=0.199
[161 275/398] semantic=0.367 depth=0.247 normal=0.082
[161 300/398] semantic=0.168 depth=0.297 normal=0.151
[161 325/398] semantic=0.314 depth=0.165 normal=0.106
[161 350/398] semantic=0.344 depth=0.395 normal=0.107
[161 375/398] semantic=0.209 depth=0.191 normal=0.097
[161 398/398] semantic=0.348 depth=0.372 normal=0.113
Epoch 161: mIoU=40.143 pix=65.506 abs=0.5392 rel=0.2248 normal_mean=25.438 delta=-3.638 wall_h=51.606
[162 1/398] semantic=0.867 depth=0.290 normal=0.125
[162 25/398] semantic=0.301 depth=0.254 normal=0.103
[162 50/398] semantic=0.206 depth=0.327 normal=0.079
[162 75/398] semantic=0.251 depth=0.192 normal=0.152
[162 100/398] semantic=0.436 depth=0.239 normal=0.128
[162 125/398] semantic=0.651 depth=0.147 normal=0.133
[162 150/398] semantic=0.438 depth=0.227 normal=0.097
[162 175/398] semantic=0.425 depth=0.200 normal=0.100
[162 200/398] semantic=0.198 depth=0.169 normal=0.101
[162 225/398] semantic=0.288 depth=0.198 normal=0.085
[162 250/398] semantic=0.601 depth=0.280 normal=0.118
[162 275/398] semantic=0.267 depth=0.293 normal=0.102
[162 300/398] semantic=0.592 depth=0.230 normal=0.122
[162 325/398] semantic=0.294 depth=0.376 normal=0.116
[162 350/398] semantic=0.540 depth=0.202 normal=0.136
[162 375/398] semantic=0.551 depth=0.219 normal=0.138
[162 398/398] semantic=0.171 depth=0.314 normal=0.059
Epoch 162: mIoU=39.155 pix=65.513 abs=0.5484 rel=0.2266 normal_mean=25.649 delta=-2.448 wall_h=51.926
[163 1/398] semantic=0.567 depth=0.269 normal=0.122
[163 25/398] semantic=0.225 depth=0.248 normal=0.077
[163 50/398] semantic=0.272 depth=0.247 normal=0.070
[163 75/398] semantic=0.285 depth=0.243 normal=0.085
[163 100/398] semantic=0.296 depth=0.250 normal=0.100
[163 125/398] semantic=0.311 depth=0.196 normal=0.079
[163 150/398] semantic=0.369 depth=0.176 normal=0.104
[163 175/398] semantic=0.281 depth=0.166 normal=0.068
[163 200/398] semantic=0.257 depth=0.367 normal=0.094
[163 225/398] semantic=0.237 depth=0.162 normal=0.074
[163 250/398] semantic=0.181 depth=0.217 normal=0.103
[163 275/398] semantic=0.312 depth=0.315 normal=0.122
[163 300/398] semantic=0.351 depth=0.278 normal=0.099
[163 325/398] semantic=0.285 depth=0.252 normal=0.063
[163 350/398] semantic=0.348 depth=0.148 normal=0.088
[163 375/398] semantic=0.201 depth=0.222 normal=0.086
[163 398/398] semantic=0.180 depth=0.214 normal=0.072
Epoch 163: mIoU=40.752 pix=66.089 abs=0.5245 rel=0.2132 normal_mean=25.628 delta=-4.126 wall_h=52.242
[164 1/398] semantic=0.491 depth=0.247 normal=0.082
[164 25/398] semantic=0.313 depth=0.224 normal=0.078
[164 50/398] semantic=0.301 depth=0.331 normal=0.134
[164 75/398] semantic=0.206 depth=0.219 normal=0.062
[164 100/398] semantic=0.168 depth=0.246 normal=0.074
[164 125/398] semantic=0.235 depth=0.279 normal=0.128
[164 150/398] semantic=0.105 depth=0.216 normal=0.064
[164 175/398] semantic=0.375 depth=0.217 normal=0.145
[164 200/398] semantic=0.245 depth=0.244 normal=0.088
[164 225/398] semantic=0.338 depth=0.263 normal=0.122
[164 250/398] semantic=0.366 depth=0.172 normal=0.114
[164 275/398] semantic=0.209 depth=0.229 normal=0.071
[164 300/398] semantic=0.217 depth=0.211 normal=0.075
[164 325/398] semantic=0.359 depth=0.212 normal=0.114
[164 350/398] semantic=0.312 depth=0.308 normal=0.083
[164 375/398] semantic=0.197 depth=0.281 normal=0.100
[164 398/398] semantic=0.204 depth=0.223 normal=0.083
Epoch 164: mIoU=38.792 pix=65.069 abs=0.5321 rel=0.2241 normal_mean=25.471 delta=-3.738 wall_h=52.574
[165 1/398] semantic=0.521 depth=0.210 normal=0.102
[165 25/398] semantic=0.542 depth=0.252 normal=0.093
[165 50/398] semantic=0.503 depth=0.239 normal=0.123
[165 75/398] semantic=0.410 depth=0.165 normal=0.057
[165 100/398] semantic=0.238 depth=0.212 normal=0.127
[165 125/398] semantic=0.508 depth=0.148 normal=0.127
[165 150/398] semantic=0.425 depth=0.172 normal=0.101
[165 175/398] semantic=0.216 depth=0.256 normal=0.089
[165 200/398] semantic=0.354 depth=0.265 normal=0.100
[165 225/398] semantic=0.311 depth=0.228 normal=0.084
[165 250/398] semantic=0.632 depth=0.204 normal=0.100
[165 275/398] semantic=0.410 depth=0.455 normal=0.140
[165 300/398] semantic=0.568 depth=0.317 normal=0.150
[165 325/398] semantic=0.488 depth=0.207 normal=0.075
[165 350/398] semantic=0.266 depth=0.271 normal=0.130
[165 375/398] semantic=0.409 depth=0.468 normal=0.264
[165 398/398] semantic=0.357 depth=0.293 normal=0.132
Epoch 165: mIoU=38.329 pix=64.750 abs=0.5496 rel=0.2212 normal_mean=25.909 delta=-1.154 wall_h=52.903
[166 1/398] semantic=0.184 depth=0.212 normal=0.113
[166 25/398] semantic=0.349 depth=0.147 normal=0.114
[166 50/398] semantic=0.246 depth=0.241 normal=0.088
[166 75/398] semantic=0.180 depth=0.278 normal=0.114
[166 100/398] semantic=0.259 depth=0.230 normal=0.083
[166 125/398] semantic=0.340 depth=0.227 normal=0.123
[166 150/398] semantic=0.263 depth=0.317 normal=0.081
[166 175/398] semantic=0.422 depth=0.180 normal=0.094
[166 200/398] semantic=0.645 depth=0.358 normal=0.155
[166 225/398] semantic=0.313 depth=0.242 normal=0.093
[166 250/398] semantic=0.399 depth=0.243 normal=0.154
[166 275/398] semantic=0.304 depth=0.230 normal=0.116
[166 300/398] semantic=0.398 depth=0.252 normal=0.140
[166 325/398] semantic=0.342 depth=0.227 normal=0.122
[166 350/398] semantic=0.186 depth=0.313 normal=0.064
[166 375/398] semantic=0.517 depth=0.326 normal=0.102
[166 398/398] semantic=1.012 depth=0.214 normal=0.170
Epoch 166: mIoU=39.808 pix=66.143 abs=0.5535 rel=0.2171 normal_mean=25.725 delta=-2.429 wall_h=53.234
[167 1/398] semantic=0.200 depth=0.133 normal=0.085
[167 25/398] semantic=0.142 depth=0.205 normal=0.113
[167 50/398] semantic=0.214 depth=0.131 normal=0.094
[167 75/398] semantic=0.242 depth=0.282 normal=0.068
[167 100/398] semantic=0.423 depth=0.207 normal=0.093
[167 125/398] semantic=0.437 depth=0.460 normal=0.085
RUN dataset=nyuv2 method=modo seed=42 lr=0.0001 batch=2 epochs=200 model=mtan
RESULT /mloscratch/homes/mirrokni/LMO-MOO/results/nyuv2/modo_sd42.stats
CHECKPOINT /mloscratch/homes/mirrokni/LMO-MOO/results/checkpoints/nyuv2/modo_sd42.pt
OPTIMIZER Adam lr=0.0001
RESUME epoch=167 phase=train next_batch=133/398
[167 150/398] semantic=0.273 depth=0.240 normal=0.148
[167 175/398] semantic=0.408 depth=0.331 normal=0.129
[167 200/398] semantic=0.214 depth=0.169 normal=0.092
RUN dataset=nyuv2 method=modo seed=42 lr=0.0001 batch=2 epochs=200 model=mtan
RESULT /mloscratch/homes/mirrokni/LMO-MOO/results/nyuv2/modo_sd42.stats
CHECKPOINT /mloscratch/homes/mirrokni/LMO-MOO/results/checkpoints/nyuv2/modo_sd42.pt
OPTIMIZER Adam lr=0.0001
RESUME epoch=167 phase=train next_batch=209/398
[167 225/398] semantic=0.313 depth=0.236 normal=0.097
[167 250/398] semantic=0.453 depth=0.232 normal=0.088
[167 275/398] semantic=0.303 depth=0.210 normal=0.083
[167 300/398] semantic=0.278 depth=0.250 normal=0.085
[167 325/398] semantic=0.317 depth=0.222 normal=0.092
[167 350/398] semantic=0.362 depth=0.517 normal=0.132
[167 375/398] semantic=0.191 depth=0.233 normal=0.109
[167 398/398] semantic=0.309 depth=0.222 normal=0.083
Epoch 167: mIoU=40.567 pix=66.200 abs=0.5396 rel=0.2284 normal_mean=25.713 delta=-3.266 wall_h=53.625
[168 1/398] semantic=0.300 depth=0.199 normal=0.115
[168 25/398] semantic=0.243 depth=0.213 normal=0.093
[168 50/398] semantic=0.326 depth=0.232 normal=0.059
[168 75/398] semantic=0.206 depth=0.463 normal=0.081
[168 100/398] semantic=0.351 depth=0.223 normal=0.125
[168 125/398] semantic=0.240 depth=0.204 normal=0.113
[168 150/398] semantic=0.217 depth=0.196 normal=0.110
[168 175/398] semantic=0.636 depth=0.376 normal=0.158
[168 200/398] semantic=0.350 depth=0.166 normal=0.092
[168 225/398] semantic=0.321 depth=0.267 normal=0.086
[168 250/398] semantic=0.240 depth=0.201 normal=0.066
RUN dataset=nyuv2 method=modo seed=42 lr=0.0001 batch=2 epochs=200 model=mtan
RESULT /mloscratch/homes/mirrokni/LMO-MOO/results/nyuv2/modo_sd42.stats
CHECKPOINT /mloscratch/homes/mirrokni/LMO-MOO/results/checkpoints/nyuv2/modo_sd42.pt
OPTIMIZER Adam lr=0.0001
RESUME epoch=168 phase=train next_batch=259/398
[168 275/398] semantic=0.496 depth=0.244 normal=0.160
[168 300/398] semantic=0.113 depth=0.245 normal=0.074
[168 325/398] semantic=0.273 depth=0.275 normal=0.113
[168 350/398] semantic=0.263 depth=0.235 normal=0.095
[168 375/398] semantic=0.199 depth=0.193 normal=0.067
[168 398/398] semantic=0.349 depth=0.251 normal=0.085
Epoch 168: mIoU=40.564 pix=66.427 abs=0.5327 rel=0.2229 normal_mean=25.566 delta=-3.507 wall_h=53.975
[169 1/398] semantic=0.468 depth=0.188 normal=0.110
[169 25/398] semantic=0.341 depth=0.239 normal=0.080
[169 50/398] semantic=0.353 depth=0.212 normal=0.081
[169 75/398] semantic=0.376 depth=0.258 normal=0.127
[169 100/398] semantic=0.307 depth=0.439 normal=0.129
[169 125/398] semantic=0.209 depth=0.186 normal=0.076
[169 150/398] semantic=0.314 depth=0.255 normal=0.112
[169 175/398] semantic=0.266 depth=0.372 normal=0.109
[169 200/398] semantic=0.159 depth=0.270 normal=0.079
[169 225/398] semantic=0.271 depth=0.205 normal=0.111
[169 250/398] semantic=0.179 depth=0.187 normal=0.060
[169 275/398] semantic=0.261 depth=0.219 normal=0.080
[169 300/398] semantic=0.506 depth=0.165 normal=0.078
[169 325/398] semantic=0.363 depth=0.233 normal=0.114
[169 350/398] semantic=0.557 depth=0.383 normal=0.136
RUN dataset=nyuv2 method=modo seed=42 lr=0.0001 batch=2 epochs=200 model=mtan
RESULT /mloscratch/homes/mirrokni/LMO-MOO/results/nyuv2/modo_sd42.stats
CHECKPOINT /mloscratch/homes/mirrokni/LMO-MOO/results/checkpoints/nyuv2/modo_sd42.pt
OPTIMIZER Adam lr=0.0001
RESUME epoch=169 phase=train next_batch=370/398
[169 375/398] semantic=0.223 depth=0.219 normal=0.118
RUN dataset=nyuv2 method=modo seed=42 lr=0.0001 batch=2 epochs=200 model=mtan
RESULT /mloscratch/homes/mirrokni/LMO-MOO/results/nyuv2/modo_sd42.stats
CHECKPOINT /mloscratch/homes/mirrokni/LMO-MOO/results/checkpoints/nyuv2/modo_sd42.pt
OPTIMIZER Adam lr=0.0001
RESUME epoch=169 phase=train next_batch=393/398
[169 398/398] semantic=0.892 depth=0.248 normal=0.106
Epoch 169: mIoU=36.936 pix=64.083 abs=0.5283 rel=0.2263 normal_mean=25.587 delta=-2.109 wall_h=54.365
[170 1/398] semantic=0.294 depth=0.287 normal=0.110
[170 25/398] semantic=0.290 depth=0.201 normal=0.103
[170 50/398] semantic=0.488 depth=0.170 normal=0.108
[170 75/398] semantic=0.321 depth=0.312 normal=0.110
[170 100/398] semantic=0.556 depth=0.219 normal=0.149
[170 125/398] semantic=0.183 depth=0.174 normal=0.056
[170 150/398] semantic=0.273 depth=0.204 normal=0.103
[170 175/398] semantic=0.326 depth=0.237 normal=0.095
[170 200/398] semantic=0.153 depth=0.219 normal=0.090
[170 225/398] semantic=0.287 depth=0.238 normal=0.083
[170 250/398] semantic=0.375 depth=0.350 normal=0.150
[170 275/398] semantic=0.275 depth=0.208 normal=0.075
[170 300/398] semantic=0.323 depth=0.214 normal=0.119
[170 325/398] semantic=0.272 depth=0.294 normal=0.093
[170 350/398] semantic=0.268 depth=0.165 normal=0.074
[170 375/398] semantic=0.391 depth=0.279 normal=0.084
[170 398/398] semantic=0.306 depth=0.212 normal=0.067
Epoch 170: mIoU=40.129 pix=66.216 abs=0.5397 rel=0.2237 normal_mean=25.570 delta=-3.348 wall_h=54.779
[171 1/398] semantic=0.287 depth=0.216 normal=0.122
[171 25/398] semantic=0.508 depth=0.146 normal=0.105
[171 50/398] semantic=0.375 depth=0.318 normal=0.116
[171 75/398] semantic=0.245 depth=0.279 normal=0.118
[171 100/398] semantic=0.213 depth=0.171 normal=0.058
[171 125/398] semantic=0.201 depth=0.129 normal=0.080
[171 150/398] semantic=0.591 depth=0.212 normal=0.121
[171 175/398] semantic=0.159 depth=0.300 normal=0.076
[171 200/398] semantic=0.331 depth=0.194 normal=0.127
[171 225/398] semantic=0.212 depth=0.191 normal=0.121
[171 250/398] semantic=0.397 depth=0.244 normal=0.157
[171 275/398] semantic=0.401 depth=0.262 normal=0.137
[171 300/398] semantic=0.274 depth=0.263 normal=0.117
[171 325/398] semantic=0.282 depth=0.193 normal=0.093
[171 350/398] semantic=0.615 depth=0.194 normal=0.117
[171 375/398] semantic=0.892 depth=0.314 normal=0.160
[171 398/398] semantic=0.277 depth=0.259 normal=0.116
Epoch 171: mIoU=39.702 pix=65.870 abs=0.5359 rel=0.2152 normal_mean=25.489 delta=-3.530 wall_h=55.191
[172 1/398] semantic=0.263 depth=0.193 normal=0.086
[172 25/398] semantic=0.488 depth=0.469 normal=0.108
[172 50/398] semantic=0.251 depth=0.233 normal=0.161
[172 75/398] semantic=0.141 depth=0.265 normal=0.080
[172 100/398] semantic=0.357 depth=0.184 normal=0.173
[172 125/398] semantic=0.213 depth=0.410 normal=0.090
[172 150/398] semantic=0.434 depth=0.271 normal=0.144
[172 175/398] semantic=0.449 depth=0.371 normal=0.206
[172 200/398] semantic=0.272 depth=0.179 normal=0.094
[172 225/398] semantic=0.389 depth=0.203 normal=0.097
[172 250/398] semantic=0.194 depth=0.258 normal=0.061
[172 275/398] semantic=0.424 depth=0.316 normal=0.136
[172 300/398] semantic=0.325 depth=0.217 normal=0.080
[172 325/398] semantic=0.240 depth=0.173 normal=0.086
[172 350/398] semantic=0.522 depth=0.321 normal=0.128
[172 375/398] semantic=0.334 depth=0.160 normal=0.127
[172 398/398] semantic=0.075 depth=0.187 normal=0.100
Epoch 172: mIoU=40.078 pix=65.885 abs=0.5264 rel=0.2207 normal_mean=25.763 delta=-3.574 wall_h=55.614
[173 1/398] semantic=0.265 depth=0.248 normal=0.115
[173 25/398] semantic=0.623 depth=0.223 normal=0.135
[173 50/398] semantic=0.211 depth=0.202 normal=0.074
[173 75/398] semantic=0.517 depth=0.278 normal=0.156
[173 100/398] semantic=0.242 depth=0.315 normal=0.143
[173 125/398] semantic=0.644 depth=0.263 normal=0.132
[173 150/398] semantic=0.138 depth=0.204 normal=0.052
[173 175/398] semantic=0.263 depth=0.161 normal=0.115
[173 200/398] semantic=0.283 depth=0.263 normal=0.109
[173 225/398] semantic=0.352 depth=0.141 normal=0.102
[173 250/398] semantic=0.163 depth=0.237 normal=0.105
[173 275/398] semantic=0.547 depth=0.313 normal=0.169
[173 300/398] semantic=0.293 depth=0.124 normal=0.149
[173 325/398] semantic=0.216 depth=0.204 normal=0.075
[173 350/398] semantic=0.220 depth=0.220 normal=0.090
[173 375/398] semantic=0.275 depth=0.390 normal=0.129
[173 398/398] semantic=0.556 depth=0.211 normal=0.135
Epoch 173: mIoU=40.204 pix=65.997 abs=0.5402 rel=0.2197 normal_mean=25.379 delta=-4.111 wall_h=56.040
[174 1/398] semantic=0.365 depth=0.139 normal=0.122
[174 25/398] semantic=0.254 depth=0.219 normal=0.121
[174 50/398] semantic=0.338 depth=0.130 normal=0.086
[174 75/398] semantic=0.405 depth=0.238 normal=0.087
[174 100/398] semantic=0.264 depth=0.140 normal=0.105
[174 125/398] semantic=0.274 depth=0.171 normal=0.099
[174 150/398] semantic=0.320 depth=0.219 normal=0.147
[174 175/398] semantic=0.328 depth=0.177 normal=0.111
[174 200/398] semantic=0.226 depth=0.198 normal=0.075
[174 225/398] semantic=0.354 depth=0.170 normal=0.128
[174 250/398] semantic=0.160 depth=0.195 normal=0.085
[174 275/398] semantic=0.239 depth=0.198 normal=0.085
[174 300/398] semantic=0.206 depth=0.219 normal=0.141
[174 325/398] semantic=0.970 depth=0.194 normal=0.113
[174 350/398] semantic=0.345 depth=0.212 normal=0.147
[174 375/398] semantic=0.244 depth=0.178 normal=0.049
[174 398/398] semantic=0.528 depth=0.557 normal=0.119
Epoch 174: mIoU=39.567 pix=65.912 abs=0.5335 rel=0.2217 normal_mean=25.753 delta=-2.748 wall_h=56.460
[175 1/398] semantic=0.444 depth=0.406 normal=0.139
[175 25/398] semantic=0.183 depth=0.154 normal=0.092
[175 50/398] semantic=0.207 depth=0.262 normal=0.096
[175 75/398] semantic=0.276 depth=0.194 normal=0.094
[175 100/398] semantic=0.146 depth=0.133 normal=0.110
[175 125/398] semantic=0.449 depth=0.267 normal=0.123
[175 150/398] semantic=0.301 depth=0.269 normal=0.115
[175 175/398] semantic=0.239 depth=0.259 normal=0.085
[175 200/398] semantic=0.201 depth=0.209 normal=0.131
[175 225/398] semantic=0.232 depth=0.160 normal=0.117
[175 250/398] semantic=0.188 depth=0.215 normal=0.072
[175 275/398] semantic=0.161 depth=0.187 normal=0.081
[175 300/398] semantic=0.457 depth=0.210 normal=0.124
[175 325/398] semantic=0.322 depth=0.212 normal=0.114
[175 350/398] semantic=0.306 depth=0.270 normal=0.114
[175 375/398] semantic=0.300 depth=0.223 normal=0.157
[175 398/398] semantic=0.336 depth=0.261 normal=0.101
Epoch 175: mIoU=40.432 pix=66.479 abs=0.5300 rel=0.2178 normal_mean=25.459 delta=-4.471 wall_h=56.879
[176 1/398] semantic=0.781 depth=0.440 normal=0.120
[176 25/398] semantic=0.505 depth=0.336 normal=0.167
[176 50/398] semantic=0.206 depth=0.187 normal=0.051
[176 75/398] semantic=0.236 depth=0.275 normal=0.128
[176 100/398] semantic=0.192 depth=0.318 normal=0.092
[176 125/398] semantic=0.202 depth=0.252 normal=0.107
[176 150/398] semantic=0.432 depth=0.253 normal=0.145
[176 175/398] semantic=0.322 depth=0.174 normal=0.102
[176 200/398] semantic=0.511 depth=0.271 normal=0.095
[176 225/398] semantic=0.184 depth=0.181 normal=0.100
[176 250/398] semantic=0.270 depth=0.257 normal=0.094
[176 275/398] semantic=0.388 depth=0.225 normal=0.116
[176 300/398] semantic=0.487 depth=0.246 normal=0.113
[176 325/398] semantic=0.131 depth=0.207 normal=0.049
[176 350/398] semantic=0.213 depth=0.187 normal=0.078
[176 375/398] semantic=0.249 depth=0.190 normal=0.062
[176 398/398] semantic=0.165 depth=0.139 normal=0.089
Epoch 176: mIoU=39.770 pix=66.401 abs=0.5281 rel=0.2155 normal_mean=25.367 delta=-4.422 wall_h=57.299
[177 1/398] semantic=0.161 depth=0.344 normal=0.057
[177 25/398] semantic=0.418 depth=0.246 normal=0.172
[177 50/398] semantic=0.159 depth=0.188 normal=0.068
[177 75/398] semantic=0.250 depth=0.222 normal=0.086
[177 100/398] semantic=0.453 depth=0.296 normal=0.150
[177 125/398] semantic=0.385 depth=0.266 normal=0.124
[177 150/398] semantic=0.227 depth=0.215 normal=0.071
[177 175/398] semantic=0.411 depth=0.363 normal=0.153
[177 200/398] semantic=0.239 depth=0.267 normal=0.097
[177 225/398] semantic=0.311 depth=0.183 normal=0.141
[177 250/398] semantic=0.527 depth=0.278 normal=0.107
[177 275/398] semantic=0.455 depth=0.338 normal=0.172
[177 300/398] semantic=0.342 depth=0.216 normal=0.111
[177 325/398] semantic=0.316 depth=0.215 normal=0.081
[177 350/398] semantic=0.359 depth=0.243 normal=0.106
[177 375/398] semantic=0.369 depth=0.342 normal=0.174
[177 398/398] semantic=0.473 depth=0.294 normal=0.132
Epoch 177: mIoU=40.041 pix=66.271 abs=0.5366 rel=0.2249 normal_mean=25.247 delta=-4.423 wall_h=57.718
[178 1/398] semantic=0.220 depth=0.147 normal=0.116
[178 25/398] semantic=0.151 depth=0.247 normal=0.054
[178 50/398] semantic=0.242 depth=0.208 normal=0.100
[178 75/398] semantic=0.269 depth=0.294 normal=0.120
[178 100/398] semantic=0.312 depth=0.249 normal=0.182
[178 125/398] semantic=0.213 depth=0.225 normal=0.108
[178 150/398] semantic=0.242 depth=0.137 normal=0.071
[178 175/398] semantic=0.263 depth=0.190 normal=0.060
[178 200/398] semantic=0.272 depth=0.230 normal=0.125
[178 225/398] semantic=0.231 depth=0.277 normal=0.051
[178 250/398] semantic=0.290 depth=0.195 normal=0.118
[178 275/398] semantic=0.357 depth=0.263 normal=0.118
[178 300/398] semantic=0.319 depth=0.232 normal=0.095
[178 325/398] semantic=0.240 depth=0.193 normal=0.097
[178 350/398] semantic=0.331 depth=0.254 normal=0.122
[178 375/398] semantic=0.347 depth=0.383 normal=0.093
[178 398/398] semantic=0.917 depth=0.302 normal=0.180
Epoch 178: mIoU=39.773 pix=65.431 abs=0.5451 rel=0.2182 normal_mean=25.698 delta=-2.446 wall_h=58.136
[179 1/398] semantic=0.241 depth=0.173 normal=0.113
[179 25/398] semantic=0.302 depth=0.401 normal=0.160
[179 50/398] semantic=0.282 depth=0.151 normal=0.087
[179 75/398] semantic=0.121 depth=0.235 normal=0.077
[179 100/398] semantic=0.459 depth=0.356 normal=0.142
[179 125/398] semantic=0.142 depth=0.190 normal=0.076
[179 150/398] semantic=0.268 depth=0.246 normal=0.084
[179 175/398] semantic=0.263 depth=0.376 normal=0.118
[179 200/398] semantic=0.762 depth=0.388 normal=0.154
[179 225/398] semantic=0.628 depth=0.323 normal=0.177
[179 250/398] semantic=0.130 depth=0.191 normal=0.065
[179 275/398] semantic=0.651 depth=0.340 normal=0.146
[179 300/398] semantic=0.140 depth=0.223 normal=0.066
[179 325/398] semantic=0.260 depth=0.202 normal=0.081
[179 350/398] semantic=0.398 depth=0.228 normal=0.076
[179 375/398] semantic=0.205 depth=0.177 normal=0.098
[179 398/398] semantic=0.387 depth=0.514 normal=0.151
Epoch 179: mIoU=40.414 pix=65.864 abs=0.5216 rel=0.2150 normal_mean=25.525 delta=-4.331 wall_h=58.528
[180 1/398] semantic=0.414 depth=0.254 normal=0.158
[180 25/398] semantic=0.210 depth=0.199 normal=0.087
[180 50/398] semantic=0.216 depth=0.183 normal=0.083
[180 75/398] semantic=0.398 depth=0.185 normal=0.086
[180 100/398] semantic=0.384 depth=0.395 normal=0.130
[180 125/398] semantic=0.295 depth=0.325 normal=0.097
[180 150/398] semantic=0.294 depth=0.237 normal=0.125
[180 175/398] semantic=0.367 depth=0.332 normal=0.101
[180 200/398] semantic=0.327 depth=0.335 normal=0.139
[180 225/398] semantic=0.235 depth=0.232 normal=0.112
[180 250/398] semantic=0.417 depth=0.309 normal=0.109
[180 275/398] semantic=0.268 depth=0.314 normal=0.099
[180 300/398] semantic=0.230 depth=0.208 normal=0.103
[180 325/398] semantic=0.161 depth=0.278 normal=0.068
[180 350/398] semantic=0.408 depth=0.269 normal=0.114
[180 375/398] semantic=0.146 depth=0.177 normal=0.095
[180 398/398] semantic=0.219 depth=0.226 normal=0.091
Epoch 180: mIoU=39.833 pix=65.782 abs=0.5402 rel=0.2327 normal_mean=25.474 delta=-3.254 wall_h=58.915
[181 1/398] semantic=0.296 depth=0.239 normal=0.121
[181 25/398] semantic=0.138 depth=0.190 normal=0.040
[181 50/398] semantic=0.303 depth=0.249 normal=0.139
[181 75/398] semantic=0.243 depth=0.417 normal=0.159
[181 100/398] semantic=0.248 depth=0.180 normal=0.084
[181 125/398] semantic=0.158 depth=0.159 normal=0.103
[181 150/398] semantic=0.203 depth=0.181 normal=0.104
[181 175/398] semantic=0.249 depth=0.394 normal=0.124
[181 200/398] semantic=0.132 depth=0.186 normal=0.067
[181 225/398] semantic=0.390 depth=0.223 normal=0.080
[181 250/398] semantic=0.138 depth=0.185 normal=0.070
[181 275/398] semantic=0.268 depth=0.257 normal=0.110
[181 300/398] semantic=0.071 depth=0.210 normal=0.073
[181 325/398] semantic=0.131 depth=0.167 normal=0.058
[181 350/398] semantic=0.248 depth=0.248 normal=0.086
[181 375/398] semantic=0.269 depth=0.212 normal=0.095
[181 398/398] semantic=0.177 depth=0.195 normal=0.109
Epoch 181: mIoU=40.596 pix=65.790 abs=0.5455 rel=0.2161 normal_mean=25.816 delta=-2.950 wall_h=59.308
[182 1/398] semantic=0.241 depth=0.381 normal=0.102
[182 25/398] semantic=0.301 depth=0.175 normal=0.102
[182 50/398] semantic=0.219 depth=0.230 normal=0.114
[182 75/398] semantic=0.164 depth=0.251 normal=0.091
[182 100/398] semantic=0.593 depth=0.195 normal=0.137
[182 125/398] semantic=0.181 depth=0.183 normal=0.090
[182 150/398] semantic=0.419 depth=0.193 normal=0.138
[182 175/398] semantic=0.209 depth=0.241 normal=0.075
[182 200/398] semantic=0.349 depth=0.247 normal=0.096
[182 225/398] semantic=0.347 depth=0.164 normal=0.074
[182 250/398] semantic=0.340 depth=0.270 normal=0.134
[182 275/398] semantic=0.298 depth=0.208 normal=0.155
[182 300/398] semantic=0.568 depth=0.222 normal=0.121
[182 325/398] semantic=0.229 depth=0.194 normal=0.097
[182 350/398] semantic=0.221 depth=0.268 normal=0.139
[182 375/398] semantic=0.282 depth=0.239 normal=0.070
[182 398/398] semantic=0.928 depth=0.332 normal=0.210
Epoch 182: mIoU=40.497 pix=66.616 abs=0.5499 rel=0.2405 normal_mean=25.606 delta=-2.510 wall_h=59.704
[183 1/398] semantic=0.249 depth=0.144 normal=0.081
[183 25/398] semantic=0.637 depth=0.201 normal=0.091
[183 50/398] semantic=0.429 depth=0.197 normal=0.124
[183 75/398] semantic=0.268 depth=0.259 normal=0.095
[183 100/398] semantic=0.142 depth=0.230 normal=0.076
[183 125/398] semantic=0.401 depth=0.213 normal=0.123
[183 150/398] semantic=0.399 depth=0.210 normal=0.083
[183 175/398] semantic=0.165 depth=0.328 normal=0.078
[183 200/398] semantic=0.274 depth=0.210 normal=0.091
[183 225/398] semantic=0.239 depth=0.320 normal=0.149
[183 250/398] semantic=0.290 depth=0.318 normal=0.083
[183 275/398] semantic=0.218 depth=0.153 normal=0.074
[183 300/398] semantic=0.282 depth=0.161 normal=0.107
[183 325/398] semantic=0.319 depth=0.386 normal=0.149
[183 350/398] semantic=0.220 depth=0.240 normal=0.101
[183 375/398] semantic=0.191 depth=0.198 normal=0.135
[183 398/398] semantic=0.303 depth=0.144 normal=0.087
Epoch 183: mIoU=38.284 pix=65.072 abs=0.5453 rel=0.2210 normal_mean=25.462 delta=-2.627 wall_h=60.099
[184 1/398] semantic=0.460 depth=0.395 normal=0.140
[184 25/398] semantic=0.326 depth=0.125 normal=0.078
[184 50/398] semantic=0.253 depth=0.209 normal=0.121
[184 75/398] semantic=0.210 depth=0.354 normal=0.132
[184 100/398] semantic=0.211 depth=0.178 normal=0.087
[184 125/398] semantic=0.424 depth=0.221 normal=0.139
[184 150/398] semantic=0.215 depth=0.163 normal=0.064
[184 175/398] semantic=0.500 depth=0.444 normal=0.108
[184 200/398] semantic=0.364 depth=0.256 normal=0.100
[184 225/398] semantic=0.367 depth=0.234 normal=0.157
[184 250/398] semantic=0.325 depth=0.333 normal=0.099
[184 275/398] semantic=0.196 depth=0.384 normal=0.121
[184 300/398] semantic=0.424 depth=0.179 normal=0.090
[184 325/398] semantic=0.752 depth=0.192 normal=0.112
[184 350/398] semantic=0.208 depth=0.177 normal=0.065
[184 375/398] semantic=0.435 depth=0.230 normal=0.104
[184 398/398] semantic=0.135 depth=0.281 normal=0.118
Epoch 184: mIoU=36.904 pix=64.651 abs=0.5480 rel=0.2236 normal_mean=25.640 delta=-1.405 wall_h=60.504
[185 1/398] semantic=0.275 depth=0.298 normal=0.108
[185 25/398] semantic=0.127 depth=0.161 normal=0.089
[185 50/398] semantic=0.429 depth=0.178 normal=0.106
[185 75/398] semantic=0.211 depth=0.350 normal=0.126
[185 100/398] semantic=1.030 depth=0.221 normal=0.124
[185 125/398] semantic=0.248 depth=0.289 normal=0.108
[185 150/398] semantic=0.347 depth=0.448 normal=0.115
[185 175/398] semantic=0.224 depth=0.368 normal=0.117
[185 200/398] semantic=0.201 depth=0.145 normal=0.089
[185 225/398] semantic=0.162 depth=0.201 normal=0.068
[185 250/398] semantic=0.203 depth=0.137 normal=0.099
[185 275/398] semantic=0.246 depth=0.308 normal=0.073
[185 300/398] semantic=0.570 depth=0.178 normal=0.213
[185 325/398] semantic=0.232 depth=0.265 normal=0.068
[185 350/398] semantic=0.421 depth=0.245 normal=0.154
[185 375/398] semantic=0.229 depth=0.165 normal=0.083
[185 398/398] semantic=0.834 depth=0.527 normal=0.223
Epoch 185: mIoU=38.786 pix=64.927 abs=0.5357 rel=0.2183 normal_mean=25.794 delta=-2.354 wall_h=60.962
[186 1/398] semantic=0.375 depth=0.199 normal=0.180
[186 25/398] semantic=0.363 depth=0.217 normal=0.100
[186 50/398] semantic=0.163 depth=0.230 normal=0.070
[186 75/398] semantic=0.159 depth=0.205 normal=0.101
[186 100/398] semantic=0.256 depth=0.184 normal=0.161
[186 125/398] semantic=0.229 depth=0.287 normal=0.099
[186 150/398] semantic=0.239 depth=0.213 normal=0.090
[186 175/398] semantic=0.253 depth=0.242 normal=0.129
[186 200/398] semantic=0.913 depth=0.341 normal=0.111
[186 225/398] semantic=0.235 depth=0.162 normal=0.106
[186 250/398] semantic=0.210 depth=0.188 normal=0.097
[186 275/398] semantic=0.283 depth=0.215 normal=0.104
[186 300/398] semantic=0.458 depth=0.270 normal=0.122
[186 325/398] semantic=0.251 depth=0.231 normal=0.079
[186 350/398] semantic=0.224 depth=0.255 normal=0.086
[186 375/398] semantic=0.299 depth=0.229 normal=0.069
[186 398/398] semantic=0.227 depth=0.145 normal=0.104
Epoch 186: mIoU=40.724 pix=66.658 abs=0.5450 rel=0.2356 normal_mean=25.509 delta=-3.245 wall_h=61.504
[187 1/398] semantic=0.215 depth=0.206 normal=0.116
[187 25/398] semantic=0.480 depth=0.269 normal=0.110
[187 50/398] semantic=0.193 depth=0.134 normal=0.079
[187 75/398] semantic=0.216 depth=0.217 normal=0.132
[187 100/398] semantic=0.267 depth=0.271 normal=0.081
[187 125/398] semantic=0.198 depth=0.218 normal=0.099
[187 150/398] semantic=0.151 depth=0.196 normal=0.098
[187 175/398] semantic=0.278 depth=0.204 normal=0.073
[187 200/398] semantic=0.247 depth=0.227 normal=0.089
[187 225/398] semantic=0.567 depth=0.325 normal=0.137
[187 250/398] semantic=0.260 depth=0.213 normal=0.094
[187 275/398] semantic=0.222 depth=0.271 normal=0.125
[187 300/398] semantic=0.201 depth=0.283 normal=0.099
[187 325/398] semantic=0.266 depth=0.246 normal=0.085
[187 350/398] semantic=0.187 depth=0.180 normal=0.095
[187 375/398] semantic=0.215 depth=0.292 normal=0.061
[187 398/398] semantic=0.133 depth=0.204 normal=0.089
Epoch 187: mIoU=39.853 pix=66.289 abs=0.5254 rel=0.2189 normal_mean=25.322 delta=-4.652 wall_h=62.035
[188 1/398] semantic=0.252 depth=0.241 normal=0.104
[188 25/398] semantic=0.244 depth=0.263 normal=0.121
[188 50/398] semantic=0.259 depth=0.252 normal=0.105
[188 75/398] semantic=0.168 depth=0.203 normal=0.103
[188 100/398] semantic=0.342 depth=0.336 normal=0.114
[188 125/398] semantic=0.174 depth=0.209 normal=0.063
[188 150/398] semantic=0.316 depth=0.258 normal=0.095
[188 175/398] semantic=0.212 depth=0.214 normal=0.114
[188 200/398] semantic=0.304 depth=0.278 normal=0.134
[188 225/398] semantic=0.180 depth=0.223 normal=0.064
[188 250/398] semantic=0.175 depth=0.127 normal=0.074
[188 275/398] semantic=0.243 depth=0.246 normal=0.114
[188 300/398] semantic=0.651 depth=0.278 normal=0.159
[188 325/398] semantic=0.544 depth=0.294 normal=0.100
[188 350/398] semantic=0.426 depth=0.196 normal=0.089
[188 375/398] semantic=0.691 depth=0.216 normal=0.141
[188 398/398] semantic=0.252 depth=0.386 normal=0.175
Epoch 188: mIoU=41.128 pix=66.390 abs=0.5310 rel=0.2266 normal_mean=25.331 delta=-4.589 wall_h=62.539
[189 1/398] semantic=0.561 depth=0.155 normal=0.081
[189 25/398] semantic=0.350 depth=0.239 normal=0.133
[189 50/398] semantic=0.278 depth=0.354 normal=0.135
[189 75/398] semantic=0.470 depth=0.212 normal=0.086
[189 100/398] semantic=0.280 depth=0.280 normal=0.122
[189 125/398] semantic=0.210 depth=0.231 normal=0.098
[189 150/398] semantic=0.390 depth=0.146 normal=0.123
[189 175/398] semantic=0.328 depth=0.227 normal=0.109
[189 200/398] semantic=0.183 depth=0.200 normal=0.069
[189 225/398] semantic=0.346 depth=0.310 normal=0.123
[189 250/398] semantic=0.117 depth=0.129 normal=0.056
[189 275/398] semantic=1.475 depth=0.173 normal=0.338
[189 300/398] semantic=0.651 depth=0.205 normal=0.131
[189 325/398] semantic=0.360 depth=0.186 normal=0.132
[189 350/398] semantic=0.244 depth=0.206 normal=0.126
[189 375/398] semantic=0.692 depth=0.196 normal=0.142
[189 398/398] semantic=0.670 depth=0.271 normal=0.190
Epoch 189: mIoU=39.272 pix=65.270 abs=0.5377 rel=0.2189 normal_mean=25.629 delta=-2.945 wall_h=62.956
[190 1/398] semantic=0.192 depth=0.180 normal=0.053
[190 25/398] semantic=0.150 depth=0.190 normal=0.079
[190 50/398] semantic=0.578 depth=0.117 normal=0.078
[190 75/398] semantic=0.243 depth=0.166 normal=0.103
[190 100/398] semantic=0.166 depth=0.198 normal=0.082
[190 125/398] semantic=0.142 depth=0.344 normal=0.101
[190 150/398] semantic=0.434 depth=0.209 normal=0.111
[190 175/398] semantic=0.206 depth=0.165 normal=0.082
[190 200/398] semantic=0.223 depth=0.156 normal=0.069
[190 225/398] semantic=0.231 depth=0.230 normal=0.087
[190 250/398] semantic=0.484 depth=0.238 normal=0.108
[190 275/398] semantic=0.649 depth=0.243 normal=0.128
[190 300/398] semantic=0.227 depth=0.115 normal=0.077
[190 325/398] semantic=0.347 depth=0.323 normal=0.121
[190 350/398] semantic=0.306 depth=0.331 normal=0.149
[190 375/398] semantic=0.397 depth=0.276 normal=0.093
[190 398/398] semantic=0.172 depth=0.221 normal=0.076
Epoch 190: mIoU=38.815 pix=65.246 abs=0.5402 rel=0.2254 normal_mean=25.590 delta=-2.511 wall_h=63.377
[191 1/398] semantic=0.480 depth=0.231 normal=0.148
[191 25/398] semantic=0.163 depth=0.232 normal=0.081
[191 50/398] semantic=0.268 depth=0.320 normal=0.107
[191 75/398] semantic=0.199 depth=0.228 normal=0.130
[191 100/398] semantic=0.673 depth=0.225 normal=0.123
[191 125/398] semantic=0.996 depth=1.265 normal=0.202
[191 150/398] semantic=0.269 depth=0.152 normal=0.077
[191 175/398] semantic=0.142 depth=0.374 normal=0.109
[191 200/398] semantic=0.131 depth=0.206 normal=0.068
[191 225/398] semantic=0.509 depth=0.277 normal=0.136
[191 250/398] semantic=0.303 depth=0.222 normal=0.066
[191 275/398] semantic=0.202 depth=0.289 normal=0.077
[191 300/398] semantic=0.288 depth=0.221 normal=0.088
[191 325/398] semantic=0.277 depth=0.222 normal=0.093
[191 350/398] semantic=0.487 depth=0.187 normal=0.099
[191 375/398] semantic=0.367 depth=0.367 normal=0.092
[191 398/398] semantic=0.279 depth=0.279 normal=0.080
Epoch 191: mIoU=40.026 pix=65.946 abs=0.5348 rel=0.2225 normal_mean=25.460 delta=-3.703 wall_h=63.812
[192 1/398] semantic=0.324 depth=0.284 normal=0.102
[192 25/398] semantic=0.216 depth=0.174 normal=0.094
[192 50/398] semantic=0.383 depth=0.242 normal=0.115
[192 75/398] semantic=0.266 depth=0.222 normal=0.111
[192 100/398] semantic=0.208 depth=0.266 normal=0.079
[192 125/398] semantic=0.215 depth=0.174 normal=0.086
[192 150/398] semantic=0.451 depth=0.327 normal=0.119
[192 175/398] semantic=0.401 depth=0.291 normal=0.097
[192 200/398] semantic=0.195 depth=0.229 normal=0.095
[192 225/398] semantic=0.178 depth=0.186 normal=0.075
[192 250/398] semantic=0.426 depth=0.354 normal=0.124
[192 275/398] semantic=0.186 depth=0.194 normal=0.069
[192 300/398] semantic=0.244 depth=0.163 normal=0.075
[192 325/398] semantic=0.448 depth=0.316 normal=0.123
[192 350/398] semantic=0.271 depth=0.261 normal=0.100
[192 375/398] semantic=0.343 depth=0.221 normal=0.129
[192 398/398] semantic=1.007 depth=0.170 normal=0.138
Epoch 192: mIoU=38.152 pix=64.681 abs=0.5463 rel=0.2317 normal_mean=25.740 delta=-1.372 wall_h=64.356
[193 1/398] semantic=0.243 depth=0.313 normal=0.073
[193 25/398] semantic=0.329 depth=0.194 normal=0.122
[193 50/398] semantic=0.328 depth=0.465 normal=0.165
[193 75/398] semantic=0.370 depth=0.235 normal=0.087
[193 100/398] semantic=0.123 depth=0.170 normal=0.061
[193 125/398] semantic=0.108 depth=0.137 normal=0.056
[193 150/398] semantic=0.213 depth=0.259 normal=0.086
[193 175/398] semantic=0.234 depth=0.251 normal=0.092
[193 200/398] semantic=0.169 depth=0.154 normal=0.067
[193 225/398] semantic=0.150 depth=0.183 normal=0.077
[193 250/398] semantic=0.449 depth=0.218 normal=0.103
[193 275/398] semantic=0.266 depth=0.207 normal=0.124
[193 300/398] semantic=0.191 depth=0.209 normal=0.104
[193 325/398] semantic=0.203 depth=0.326 normal=0.097
[193 350/398] semantic=0.310 depth=0.228 normal=0.136
[193 375/398] semantic=0.735 depth=0.278 normal=0.116
[193 398/398] semantic=0.230 depth=0.261 normal=0.081
Epoch 193: mIoU=40.261 pix=65.833 abs=0.5391 rel=0.2311 normal_mean=25.565 delta=-2.990 wall_h=64.884
[194 1/398] semantic=0.305 depth=0.259 normal=0.111
[194 25/398] semantic=0.185 depth=0.366 normal=0.226
[194 50/398] semantic=0.197 depth=0.208 normal=0.099
[194 75/398] semantic=0.161 depth=0.241 normal=0.099
[194 100/398] semantic=0.115 depth=0.159 normal=0.060
[194 125/398] semantic=0.269 depth=0.217 normal=0.062
[194 150/398] semantic=0.262 depth=0.157 normal=0.094
[194 175/398] semantic=0.410 depth=0.253 normal=0.142
[194 200/398] semantic=0.517 depth=0.154 normal=0.099
[194 225/398] semantic=0.288 depth=0.224 normal=0.087
[194 250/398] semantic=0.161 depth=0.214 normal=0.086
[194 275/398] semantic=0.154 depth=0.242 normal=0.115
[194 300/398] semantic=0.361 depth=0.253 normal=0.152
[194 325/398] semantic=0.230 depth=0.196 normal=0.104
[194 350/398] semantic=0.608 depth=0.116 normal=0.129
[194 375/398] semantic=0.146 depth=0.269 normal=0.087
[194 398/398] semantic=0.120 depth=0.137 normal=0.125
Epoch 194: mIoU=39.530 pix=66.007 abs=0.5392 rel=0.2179 normal_mean=25.580 delta=-3.169 wall_h=65.402
[195 1/398] semantic=0.253 depth=0.169 normal=0.077
[195 25/398] semantic=0.150 depth=0.178 normal=0.062
[195 50/398] semantic=0.210 depth=0.295 normal=0.125
[195 75/398] semantic=0.073 depth=0.217 normal=0.068
[195 100/398] semantic=0.163 depth=0.173 normal=0.091
[195 125/398] semantic=0.220 depth=0.275 normal=0.089
[195 150/398] semantic=0.133 depth=0.146 normal=0.085
[195 175/398] semantic=0.274 depth=0.269 normal=0.133
[195 200/398] semantic=0.413 depth=0.323 normal=0.106
[195 225/398] semantic=0.143 depth=0.211 normal=0.071
[195 250/398] semantic=0.313 depth=0.179 normal=0.092
[195 275/398] semantic=0.359 depth=0.198 normal=0.116
[195 300/398] semantic=0.208 depth=0.194 normal=0.115
[195 325/398] semantic=0.390 depth=0.235 normal=0.138
[195 350/398] semantic=0.130 depth=0.220 normal=0.103
[195 375/398] semantic=0.181 depth=0.213 normal=0.072
[195 398/398] semantic=0.784 depth=0.451 normal=0.130
Epoch 195: mIoU=40.290 pix=66.388 abs=0.5274 rel=0.2254 normal_mean=25.522 delta=-3.617 wall_h=65.929
[196 1/398] semantic=0.194 depth=0.193 normal=0.057
[196 25/398] semantic=0.289 depth=0.209 normal=0.097
[196 50/398] semantic=0.513 depth=0.243 normal=0.169
[196 75/398] semantic=0.214 depth=0.251 normal=0.075
[196 100/398] semantic=0.220 depth=0.241 normal=0.079
[196 125/398] semantic=0.657 depth=0.349 normal=0.141
[196 150/398] semantic=0.407 depth=0.230 normal=0.090
[196 175/398] semantic=0.438 depth=0.189 normal=0.146
[196 200/398] semantic=0.386 depth=0.245 normal=0.106
[196 225/398] semantic=0.269 depth=0.163 normal=0.104
[196 250/398] semantic=0.170 depth=0.189 normal=0.071
[196 275/398] semantic=0.139 depth=0.217 normal=0.051
[196 300/398] semantic=0.257 depth=0.322 normal=0.088
[196 325/398] semantic=0.706 depth=0.245 normal=0.122
[196 350/398] semantic=0.263 depth=0.232 normal=0.083
[196 375/398] semantic=0.167 depth=0.283 normal=0.134
[196 398/398] semantic=0.219 depth=0.127 normal=0.095
Epoch 196: mIoU=38.350 pix=65.437 abs=0.5448 rel=0.2242 normal_mean=25.687 delta=-2.581 wall_h=66.409
[197 1/398] semantic=0.226 depth=0.110 normal=0.050
[197 25/398] semantic=0.337 depth=0.229 normal=0.116
[197 50/398] semantic=0.167 depth=0.230 normal=0.118
[197 75/398] semantic=0.231 depth=0.168 normal=0.067
[197 100/398] semantic=0.211 depth=0.203 normal=0.080
[197 125/398] semantic=0.378 depth=0.223 normal=0.136
[197 150/398] semantic=0.220 depth=0.151 normal=0.072
[197 175/398] semantic=0.272 depth=0.209 normal=0.119
[197 200/398] semantic=0.160 depth=0.244 normal=0.095
[197 225/398] semantic=0.200 depth=0.255 normal=0.095
[197 250/398] semantic=0.333 depth=0.164 normal=0.092
[197 275/398] semantic=0.207 depth=0.226 normal=0.122
[197 300/398] semantic=0.182 depth=0.155 normal=0.088
[197 325/398] semantic=0.473 depth=0.312 normal=0.105
[197 350/398] semantic=0.212 depth=0.292 normal=0.102
[197 375/398] semantic=0.195 depth=0.243 normal=0.078
[197 398/398] semantic=0.136 depth=0.226 normal=0.073
Epoch 197: mIoU=39.434 pix=65.834 abs=0.5351 rel=0.2170 normal_mean=25.338 delta=-4.335 wall_h=66.865
[198 1/398] semantic=0.222 depth=0.267 normal=0.118
[198 25/398] semantic=0.321 depth=0.225 normal=0.107
[198 50/398] semantic=0.215 depth=0.263 normal=0.073
[198 75/398] semantic=0.425 depth=0.230 normal=0.095
[198 100/398] semantic=0.131 depth=0.272 normal=0.102
[198 125/398] semantic=0.270 depth=0.162 normal=0.102
[198 150/398] semantic=0.236 depth=0.243 normal=0.094
[198 175/398] semantic=0.886 depth=0.200 normal=0.141
[198 200/398] semantic=0.310 depth=0.225 normal=0.110
[198 225/398] semantic=0.229 depth=0.272 normal=0.147
[198 250/398] semantic=0.288 depth=0.240 normal=0.122
[198 275/398] semantic=0.229 depth=0.249 normal=0.130
[198 300/398] semantic=0.809 depth=0.217 normal=0.197
[198 325/398] semantic=0.396 depth=0.195 normal=0.072
[198 350/398] semantic=0.162 depth=0.317 normal=0.086
[198 375/398] semantic=0.211 depth=0.215 normal=0.119
[198 398/398] semantic=0.282 depth=0.210 normal=0.112
Epoch 198: mIoU=38.619 pix=65.669 abs=0.5245 rel=0.2146 normal_mean=25.474 delta=-3.824 wall_h=67.321
[199 1/398] semantic=0.415 depth=0.251 normal=0.137
[199 25/398] semantic=0.148 depth=0.125 normal=0.090
[199 50/398] semantic=0.283 depth=0.180 normal=0.104
[199 75/398] semantic=0.246 depth=0.201 normal=0.102
[199 100/398] semantic=0.277 depth=0.224 normal=0.098
[199 125/398] semantic=0.222 depth=0.235 normal=0.105
[199 150/398] semantic=0.182 depth=0.176 normal=0.104
[199 175/398] semantic=0.449 depth=0.237 normal=0.206
[199 200/398] semantic=0.339 depth=0.282 normal=0.110
[199 225/398] semantic=0.402 depth=0.251 normal=0.093
[199 250/398] semantic=0.219 depth=0.167 normal=0.069
[199 275/398] semantic=0.146 depth=0.145 normal=0.080
[199 300/398] semantic=0.377 depth=0.157 normal=0.059
[199 325/398] semantic=0.624 depth=0.256 normal=0.157
[199 350/398] semantic=0.166 depth=0.138 normal=0.067
[199 375/398] semantic=0.230 depth=0.293 normal=0.102
[199 398/398] semantic=0.167 depth=0.124 normal=0.052
Epoch 199: mIoU=40.793 pix=66.442 abs=0.5250 rel=0.2237 normal_mean=25.409 delta=-4.432 wall_h=67.866
[200 1/398] semantic=0.335 depth=0.223 normal=0.088
[200 25/398] semantic=0.151 depth=0.174 normal=0.068
[200 50/398] semantic=0.290 depth=0.231 normal=0.098
[200 75/398] semantic=0.200 depth=0.183 normal=0.061
[200 100/398] semantic=0.196 depth=0.215 normal=0.074
[200 125/398] semantic=0.218 depth=0.189 normal=0.076
[200 150/398] semantic=0.357 depth=0.282 normal=0.119
[200 175/398] semantic=0.198 depth=0.131 normal=0.103
[200 200/398] semantic=0.209 depth=0.190 normal=0.113
[200 225/398] semantic=0.341 depth=0.313 normal=0.153
[200 250/398] semantic=0.275 depth=0.145 normal=0.096
[200 275/398] semantic=0.291 depth=0.170 normal=0.050
[200 300/398] semantic=0.163 depth=0.235 normal=0.092
[200 325/398] semantic=0.315 depth=0.236 normal=0.107
[200 350/398] semantic=0.335 depth=0.300 normal=0.157
[200 375/398] semantic=0.434 depth=0.228 normal=0.123
[200 398/398] semantic=0.226 depth=0.177 normal=0.103
Epoch 200: mIoU=38.609 pix=65.980 abs=0.5363 rel=0.2166 normal_mean=25.576 delta=-3.037 wall_h=68.391
